"Collar","Sample ID","Geol_From","Geol_To","Thickness","Chk","Comments","Lab","Dispatch_ID","Lab_Certificate","Dispatch_Date","Drill_Sample_Type","Sample_Mass","Sampler","Samp_Date","AuCheck_ppm_Au-AA23","AuCheck_ppm_Au-AA24","AuCheck_ppm_Au-GRA22","RecvdWt_kg_WEI-21"
"JES-25-124","677153","0","1.525","1.53","1","","ALS","PIL-098","HE25388600 - Finalized","04/12/2025","Chips_QuarterSplit","2.045","Yuvitza.Davila","11/11/2025","","","","1.99"
"JES-25-124","677154","1.525","3.05","1.53","1","","ALS","PIL-098","HE25388600 - Finalized","11/11/2025","Chips_QuarterSplit","1.68","Yuvitza.Davila","11/11/2025","","","","1.61"
"JES-25-124","677155","3.05","4.575","1.53","1","","ALS","PIL-098","HE25388600 - Finalized","11/11/2025","Chips_QuarterSplit","3.395","Yuvitza.Davila","11/11/2025","","","","3.16"
"JES-25-124","677156","4.575","6.1","1.53","1","","ALS","PIL-098","HE25388600 - Finalized","11/11/2025","Chips_QuarterSplit","3.075","Yuvitza.Davila","11/11/2025","","","","2.97"
"JES-25-124","677157","6.1","7.625","1.53","1","","ALS","PIL-098","HE25388600 - Finalized","11/11/2025","Chips_QuarterSplit","8.515","Yuvitza.Davila","11/11/2025","","","","8.300000000000001"
"JES-25-124","677158","7.625","9.15","1.53","1","","ALS","PIL-098","HE25388600 - Finalized","11/11/2025","Chips_QuarterSplit","5.545","Yuvitza.Davila","11/11/2025","","","","5.56"
"JES-25-124","677159","9.15","10.675","1.53","1","","ALS","PIL-098","HE25388600 - Finalized","11/11/2025","Chips_QuarterSplit","8.46","Yuvitza.Davila","11/11/2025","","","","8.390000000000001"
"JES-25-124","677160","10.675","12.2","1.53","1","","ALS","PIL-098","HE25388600 - Finalized","11/11/2025","Chips_QuarterSplit","10.82","Yuvitza.Davila","11/11/2025","","","","10.79"
"JES-25-124","677161","12.2","13.725","1.53","1","","ALS","PIL-098","HE25388600 - Finalized","11/11/2025","Chips_QuarterSplit","9.36","Yuvitza.Davila","11/11/2025","","","","9.300000000000001"
"JES-25-124","677162","13.725","15.25","1.53","1","","ALS","PIL-098","HE25388600 - Finalized","11/11/2025","Chips_QuarterSplit","9.705","Yuvitza.Davila","11/11/2025","","","","9.73"
"JES-25-124","677163","15.25","16.775","1.53","1","","ALS","PIL-098","HE25388600 - Finalized","11/11/2025","Chips_QuarterSplit","9.79","Yuvitza.Davila","11/11/2025","","","","9.800000000000001"
"JES-25-124","677164","16.775","18.3","1.53","1","","ALS","PIL-098","HE25388600 - Finalized","11/11/2025","Chips_QuarterSplit","10.72","Yuvitza.Davila","11/11/2025","","","","10.49"
"JES-25-124","677165","18.3","19.825","1.53","1","","ALS","PIL-098","HE25388600 - Finalized","11/11/2025","Chips_QuarterSplit","9.24","Yuvitza.Davila","11/11/2025","","","","9.029999999999999"
"JES-25-124","677166","19.825","21.35","1.53","1","","ALS","PIL-098","HE25388600 - Finalized","11/11/2025","Chips_QuarterSplit","10.425","Yuvitza.Davila","11/11/2025","","","","10.34"
"JES-25-124","677168","21.35","22.875","1.53","1","","ALS","PIL-098","HE25388600 - Finalized","11/11/2025","Chips_QuarterSplit","9.155","Yuvitza.Davila","11/11/2025","","","","9.06"
"JES-25-124","677169","22.875","24.4","1.53","1","","ALS","PIL-098","HE25388600 - Finalized","11/11/2025","Chips_QuarterSplit","8.75","Yuvitza.Davila","11/11/2025","","","","8.76"
"JES-25-124","677170","24.4","25.925","1.53","1","","ALS","PIL-098","HE25388600 - Finalized","11/11/2025","Chips_QuarterSplit","11.41","Yuvitza.Davila","11/11/2025","","","","11.36"
"JES-25-124","677171","25.925","27.45","1.53","1","","ALS","PIL-098","HE25388600 - Finalized","11/11/2025","Chips_QuarterSplit","10.405","Yuvitza.Davila","11/11/2025","","","","10.38"
"JES-25-124","677172","27.45","28.975","1.53","1","","ALS","PIL-098","HE25388600 - Finalized","11/11/2025","Chips_QuarterSplit","10.585","Yuvitza.Davila","11/11/2025","","","","10.74"
"JES-25-124","677173","28.975","30.5","1.53","1","","ALS","PIL-098","HE25388600 - Finalized","11/11/2025","Chips_QuarterSplit","12.185","Yuvitza.Davila","11/11/2025","","","","10.57"
"JES-25-124","677174","30.5","32.025","1.53","1","","ALS","PIL-098","HE25388600 - Finalized","11/11/2025","Chips_QuarterSplit","0","Yuvitza.Davila","11/11/2025","","","","12.1"
"JES-25-124","677175","32.025","33.55","1.53","1","","ALS","PIL-098","HE25388600 - Finalized","11/11/2025","Chips_QuarterSplit","11.99","Yuvitza.Davila","11/11/2025","","","","11.26"
"JES-25-124","677176","33.55","35.075","1.53","1","","ALS","PIL-098","HE25388600 - Finalized","11/11/2025","Chips_QuarterSplit","11.63","Yuvitza.Davila","11/11/2025","","","","11.45"
"JES-25-124","677177","35.075","36.6","1.53","1","","ALS","PIL-098","HE25388600 - Finalized","11/11/2025","Chips_QuarterSplit","11.36","Yuvitza.Davila","11/11/2025","","","","11.38"
"JES-25-124","677178","36.6","38.125","1.53","1","","ALS","PIL-098","HE25388600 - Finalized","11/11/2025","Chips_QuarterSplit","11.59","Yuvitza.Davila","11/11/2025","","","","11.61"
"JES-25-124","677179","38.125","39.65","1.53","1","","ALS","PIL-098","HE25388600 - Finalized","11/11/2025","Chips_QuarterSplit","10.345","Yuvitza.Davila","11/11/2025","","","","10.36"
"JES-25-124","677180","39.65","41.175","1.53","1","","ALS","PIL-098","HE25388600 - Finalized","11/11/2025","Chips_QuarterSplit","10.025","Yuvitza.Davila","11/11/2025","","","","10.07"
"JES-25-124","677181","41.175","42.7","1.53","1","","ALS","PIL-098","HE25388600 - Finalized","11/11/2025","Chips_QuarterSplit","8.325","Yuvitza.Davila","11/11/2025","","","","8.35"
"JES-25-124","677182","42.7","44.225","1.53","1","","ALS","PIL-098","HE25388600 - Finalized","11/11/2025","Chips_QuarterSplit","11.195","Yuvitza.Davila","11/11/2025","","","","11.25"
"JES-25-124","677183","44.225","45.75","1.53","1","","ALS","PIL-098","HE25388600 - Finalized","11/11/2025","Chips_QuarterSplit","12.365","Yuvitza.Davila","11/11/2025","","","","12.42"
"JES-25-124","677184","45.75","47.275","1.53","1","","ALS","PIL-098","HE25388600 - Finalized","11/11/2025","Chips_QuarterSplit","8.155","Yuvitza.Davila","11/11/2025","","","","7.98"
"JES-25-124","677185","47.275","48.8","1.53","1","","ALS","PIL-098","HE25388600 - Finalized","11/11/2025","Chips_QuarterSplit","10.86","Yuvitza.Davila","11/11/2025","","","","10.74"
"JES-25-124","677186","48.8","50.325","1.53","1","","ALS","PIL-098","HE25388600 - Finalized","11/11/2025","Chips_QuarterSplit","13.23","Yuvitza.Davila","11/11/2025","","","","13.28"
"JES-25-124","677189","50.325","51.85","1.53","1","","ALS","PIL-098","HE25388600 - Finalized","29/12/2025","Core_QuarterSplit","9.455","MartinNovara","29/12/2025","","","","9.48"
"JES-25-124","677190","51.85","53.375","1.53","1","","ALS","PIL-098","HE25388600 - Finalized","29/12/2025","Core_QuarterSplit","12.245","MartinNovara","29/12/2025","","","","12.31"
"JES-25-124","677191","53.375","54.9","1.53","1","","ALS","PIL-098","HE25388600 - Finalized","29/12/2025","Core_QuarterSplit","10.72","MartinNovara","29/12/2025","","","","10.78"
"JES-25-124","677192","54.9","56.425","1.53","1","","ALS","PIL-098","HE25388600 - Finalized","29/12/2025","Core_QuarterSplit","8.95","MartinNovara","29/12/2025","","","","8.99"
"JES-25-124","677193","56.425","57.95","1.53","1","","ALS","PIL-098","HE25388600 - Finalized","29/12/2025","Core_QuarterSplit","9.77","MartinNovara","29/12/2025","","","","9.83"
"JES-25-124","677194","57.95","59.475","1.53","1","","ALS","PIL-098","HE25388600 - Finalized","29/12/2025","Core_QuarterSplit","8.295","MartinNovara","29/12/2025","","","","8.33"
"JES-25-124","677195","59.475","61","1.53","1","","ALS","PIL-098","HE25388600 - Finalized","29/12/2025","Core_QuarterSplit","9.015","MartinNovara","29/12/2025","","","","9.07"
"JES-25-124","677196","61","62.525","1.53","1","","ALS","PIL-098","HE25388600 - Finalized","29/12/2025","Core_QuarterSplit","10.97","MartinNovara","29/12/2025","","","","11.03"
"JES-25-124","677197","62.525","64.05","1.53","1","","ALS","PIL-098","HE25388600 - Finalized","29/12/2025","Core_QuarterSplit","11.95","MartinNovara","29/12/2025","","","","12.04"
"JES-25-124","677198","64.05","65.575","1.53","1","","ALS","PIL-098","HE25388600 - Finalized","29/12/2025","Core_QuarterSplit","10.345","MartinNovara","29/12/2025","","","","10.4"
"JES-25-124","677199","65.575","67.1","1.52","1","","ALS","PIL-098","HE25388600 - Finalized","29/12/2025","Core_QuarterSplit","8.68","MartinNovara","29/12/2025","","","","8.73"
"JES-25-124","677200","67.1","68.625","1.53","1","","ALS","PIL-098","HE25388600 - Finalized","29/12/2025","Core_QuarterSplit","12.505","MartinNovara","29/12/2025","","","","12.55"
"JES-25-124","677201","68.625","70.15","1.53","1","","ALS","PIL-098","HE25388600 - Finalized","29/12/2025","Core_QuarterSplit","8.995","MartinNovara","29/12/2025","","","","9.06"
"JES-25-124","677202","70.15","71.675","1.52","1","","ALS","PIL-098","HE25388600 - Finalized","29/12/2025","Core_QuarterSplit","10.22","MartinNovara","29/12/2025","","","","10.29"
"JES-25-124","677203","71.675","73.2","1.53","1","","ALS","PIL-098","HE25388600 - Finalized","29/12/2025","Core_QuarterSplit","7.855","MartinNovara","29/12/2025","","","","7.9"
"JES-25-124","677204","73.2","74.725","1.52","1","","ALS","PIL-098","HE25388600 - Finalized","29/12/2025","Core_QuarterSplit","9","MartinNovara","29/12/2025","","","","9.050000000000001"
"JES-25-124","677205","74.725","76.25","1.53","1","","ALS","PIL-098","HE25388600 - Finalized","29/12/2025","Core_QuarterSplit","6.925","MartinNovara","29/12/2025","","","","6.96"
"JES-25-124","677207","76.25","77.775","1.53","1","","ALS","PIL-098","HE25388600 - Finalized","29/12/2025","Core_QuarterSplit","9.52","MartinNovara","29/12/2025","","","","9.619999999999999"
"JES-25-124","677208","77.775","79.3","1.52","1","","ALS","PIL-098","HE25388600 - Finalized","29/12/2025","Core_QuarterSplit","10.02","MartinNovara","29/12/2025","","","","10.07"
"JES-25-124","677209","79.3","80.825","1.53","1","","ALS","PIL-098","HE25388600 - Finalized","29/12/2025","Core_QuarterSplit","9.04","MartinNovara","29/12/2025","","","","9.09"
"JES-25-124","677210","80.825","82.35","1.52","1","","ALS","PIL-098","HE25388600 - Finalized","29/12/2025","Core_QuarterSplit","7.735","MartinNovara","29/12/2025","","","","7.77"
"JES-25-124","677211","82.35","83.875","1.53","1","","ALS","PIL-098","HE25388600 - Finalized","29/12/2025","Core_QuarterSplit","11.32","MartinNovara","29/12/2025","","","","11.4"
"JES-25-124","677212","83.875","85.4","1.53","1","","ALS","PIL-098","HE25388600 - Finalized","29/12/2025","Core_QuarterSplit","8.035","MartinNovara","29/12/2025","","","","8.06"
"JES-25-124","677213","85.4","86.925","1.52","1","","ALS","PIL-098","HE25388600 - Finalized","29/12/2025","Core_QuarterSplit","10.1","MartinNovara","29/12/2025","","","","10.14"
"JES-25-124","677214","86.925","88.45","1.53","1","","ALS","PIL-098","HE25388600 - Finalized","29/12/2025","Core_QuarterSplit","7.605","MartinNovara","29/12/2025","","","","7.64"
"JES-25-124","677215","88.45","89.975","1.52","1","","ALS","PIL-098","HE25388600 - Finalized","29/12/2025","Core_QuarterSplit","8.97","MartinNovara","29/12/2025","","","","9"
"JES-25-124","677216","89.975","91.5","1.53","1","","ALS","PIL-098","HE25388600 - Finalized","29/12/2025","Core_QuarterSplit","8.665","MartinNovara","29/12/2025","","","","8.699999999999999"
"JES-25-124","677217","91.5","93.025","1.53","1","","ALS","PIL-098","HE25388600 - Finalized","29/12/2025","Core_QuarterSplit","8.53","MartinNovara","29/12/2025","","","","8.619999999999999"
"JES-25-124","677218","93.025","94.55","1.52","1","","ALS","PIL-098","HE25388600 - Finalized","29/12/2025","Core_QuarterSplit","9.72","MartinNovara","29/12/2025","","","","9.789999999999999"
"JES-25-124","677219","94.55","96.075","1.53","1","","ALS","PIL-098","HE25388600 - Finalized","29/12/2025","Core_QuarterSplit","7.16","MartinNovara","29/12/2025","","","","7.22"
"JES-25-124","677220","96.075","97.6","1.52","1","","ALS","PIL-098","HE25388600 - Finalized","29/12/2025","Core_QuarterSplit","8.855","MartinNovara","29/12/2025","","","","8.94"
"JES-25-124","677221","97.6","99.125","1.53","1","","ALS","PIL-098","HE25388600 - Finalized","29/12/2025","Core_QuarterSplit","8.99","MartinNovara","29/12/2025","","","","8.960000000000001"
"JES-25-124","677222","99.125","100.65","1.53","1","","ALS","PIL-098","HE25388600 - Finalized","29/12/2025","Core_QuarterSplit","9.06","MartinNovara","29/12/2025","","","","8.99"
"JES-25-124","677224","100.65","102.175","1.52","1","","ALS","PIL-098","HE25388600 - Finalized","29/12/2025","Core_QuarterSplit","8.19","MartinNovara","29/12/2025","","","","8.18"
"JES-25-124","677225","102.175","103.7","1.53","1","","ALS","PIL-098","HE25388600 - Finalized","29/12/2025","Core_QuarterSplit","9.14","MartinNovara","29/12/2025","","","","9.220000000000001"
"JES-25-124","677226","103.7","105.225","1.52","1","","ALS","PIL-098","HE25388600 - Finalized","29/12/2025","Core_QuarterSplit","9.585","MartinNovara","29/12/2025","","","","9.66"
"JES-25-124","677227","105.225","106.75","1.53","1","","ALS","PIL-098","HE25388600 - Finalized","29/12/2025","Core_QuarterSplit","10.305","MartinNovara","29/12/2025","","","","10.4"
"JES-25-124","677228","106.75","108.275","1.53","1","","ALS","PIL-098","HE25388600 - Finalized","29/12/2025","Core_QuarterSplit","9.595","MartinNovara","29/12/2025","","","","9.380000000000001"
"JES-25-124","677229","108.275","109.8","1.52","1","","ALS","PIL-098","HE25388600 - Finalized","29/12/2025","Core_QuarterSplit","8.265","MartinNovara","29/12/2025","","","","8.289999999999999"
"JES-25-124","677230","109.8","111.325","1.53","1","","ALS","PIL-098","HE25388600 - Finalized","29/12/2025","Core_QuarterSplit","8.185","MartinNovara","29/12/2025","","","","8.23"
"JES-25-124","677231","111.325","112.85","1.52","1","","ALS","PIL-098","HE25388600 - Finalized","29/12/2025","Core_QuarterSplit","8.59","MartinNovara","29/12/2025","","","","8.640000000000001"
"JES-25-124","677232","112.85","114.325","1.48","1","","ALS","PIL-098","HE25388600 - Finalized","29/12/2025","Core_QuarterSplit","10.86","MartinNovara","29/12/2025","","","","10.84"
"JES-25-124","677233","114.325","115.9","1.58","1","","ALS","PIL-098","HE25388600 - Finalized","29/12/2025","Core_QuarterSplit","9.75","MartinNovara","29/12/2025","","","","9.73"
"JES-25-124","677234","115.9","117.425","1.52","1","","ALS","PIL-098","HE25388600 - Finalized","29/12/2025","Core_QuarterSplit","11.11","MartinNovara","29/12/2025","","","","11.02"
"JES-25-124","677235","117.425","118.95","1.53","1","","ALS","PIL-098","HE25388600 - Finalized","29/12/2025","Core_QuarterSplit","11.92","MartinNovara","29/12/2025","","","","12.04"
"JES-25-124","677236","118.95","120.475","1.52","1","","ALS","PIL-098","HE25388600 - Finalized","29/12/2025","Core_QuarterSplit","9.525","MartinNovara","29/12/2025","","","","9.6"
"JES-25-124","677237","120.475","122","1.53","1","","ALS","PIL-098","HE25388600 - Finalized","29/12/2025","Core_QuarterSplit","10.935","MartinNovara","29/12/2025","","","","11.02"
"JES-25-124","677238","122","123.525","1.53","1","","ALS","PIL-098","HE25388600 - Finalized","29/12/2025","Core_QuarterSplit","8.575","MartinNovara","29/12/2025","","","","8.640000000000001"
"JES-25-124","677239","123.525","125.05","1.52","1","","ALS","PIL-098","HE25388600 - Finalized","29/12/2025","Core_QuarterSplit","9.745","MartinNovara","29/12/2025","","","","9.82"
"JES-25-124","677240","125.05","126.575","1.53","1","","ALS","PIL-098","HE25388600 - Finalized","29/12/2025","Core_QuarterSplit","10.5","MartinNovara","29/12/2025","","","","10.58"
"JES-25-124","677241","126.575","128.1","1.52","1","","ALS","PIL-098","HE25388600 - Finalized","29/12/2025","Core_QuarterSplit","11.665","MartinNovara","29/12/2025","","","","11.71"
"JES-25-124","677242","128.1","129.625","1.53","1","","ALS","PIL-098","HE25388600 - Finalized","29/12/2025","Core_QuarterSplit","9.815","MartinNovara","29/12/2025","","","","9.84"
"JES-25-124","677243","129.625","131.15","1.53","1","","ALS","PIL-098","HE25388600 - Finalized","29/12/2025","Core_QuarterSplit","11.77","MartinNovara","29/12/2025","","","","11.77"
"JES-25-124","677244","131.15","132.675","1.53","1","","ALS","PIL-098","HE25388600 - Finalized","29/12/2025","Core_QuarterSplit","9.595","MartinNovara","29/12/2025","","","","9.59"
"JES-25-124","677246","132.675","134.2","1.52","1","","ALS","PIL-098","HE25388600 - Finalized","29/12/2025","Core_QuarterSplit","9.75","MartinNovara","29/12/2025","","","","9.779999999999999"
"JES-25-124","677247","134.2","135.725","1.53","1","","ALS","PIL-098","HE25388600 - Finalized","29/12/2025","Core_QuarterSplit","10.14","MartinNovara","29/12/2025","","","","10.17"
"JES-25-124","677248","135.725","137.25","1.53","1","","ALS","PIL-098","HE25388600 - Finalized","29/12/2025","Core_QuarterSplit","8.85","MartinNovara","29/12/2025","","","","8.85"
"JES-25-124","677249","137.25","138.775","1.53","1","","ALS","PIL-098","HE25388600 - Finalized","29/12/2025","Core_QuarterSplit","11.445","MartinNovara","29/12/2025","","","","11.48"
"JES-25-124","677250","138.775","140.3","1.53","1","","ALS","PIL-098","HE25388600 - Finalized","29/12/2025","Core_QuarterSplit","9.87","MartinNovara","29/12/2025","","","","9.869999999999999"
"JES-25-124","677251","140.3","141.825","1.52","1","","ALS","PIL-098","HE25388600 - Finalized","29/12/2025","Core_QuarterSplit","11.45","MartinNovara","29/12/2025","","","","11.46"
"JES-25-124","677252","141.825","143.35","1.53","1","","ALS","PIL-098","HE25388600 - Finalized","29/12/2025","Core_QuarterSplit","10.51","MartinNovara","29/12/2025","","","","10.54"
"JES-25-124","677253","143.35","144.875","1.53","1","","ALS","PIL-098","HE25388600 - Finalized","29/12/2025","Core_QuarterSplit","11.325","MartinNovara","29/12/2025","","","","11.36"
"JES-25-124","677254","144.875","146.4","1.53","1","","ALS","PIL-098","HE25388600 - Finalized","29/12/2025","Core_QuarterSplit","8.485","MartinNovara","29/12/2025","","","","8.59"
"JES-25-124","677255","146.4","147.925","1.53","1","","ALS","PIL-098","HE25388600 - Finalized","29/12/2025","Core_QuarterSplit","8.795","MartinNovara","29/12/2025","","","","8.9"
"JES-25-124","677256","147.925","149.45","1.52","1","","ALS","PIL-098","HE25388600 - Finalized","29/12/2025","Core_QuarterSplit","8.125","MartinNovara","29/12/2025","","","","8.18"
"JES-25-124","677257","149.45","150.975","1.53","1","","ALS","PIL-098","HE25388600 - Finalized","29/12/2025","Core_QuarterSplit","10.275","MartinNovara","29/12/2025","","","","10.3"
"JES-25-124","677258","150.975","152.5","1.53","1","","ALS","PIL-098","HE25388600 - Finalized","29/12/2025","Core_QuarterSplit","9.01","MartinNovara","29/12/2025","","","","9.08"
"JES-25-124","677260","152.5","154.025","1.53","1","","ALS","PIL-098","HE25388600 - Finalized","29/12/2025","Core_QuarterSplit","9.73","MartinNovara","29/12/2025","","","","9.81"
"JES-25-124","677261","154.025","155.55","1.53","1","","ALS","PIL-098","HE25388600 - Finalized","29/12/2025","Core_QuarterSplit","8.34","MartinNovara","29/12/2025","","","","8.4"
"JES-25-124","677262","155.55","157.075","1.52","1","","ALS","PIL-098","HE25388600 - Finalized","29/12/2025","Core_QuarterSplit","7.52","MartinNovara","29/12/2025","","","","10.29"
"JES-25-124","677263","157.075","158.6","1.53","1","","ALS","PIL-098","HE25388600 - Finalized","29/12/2025","Core_QuarterSplit","7.52","MartinNovara","29/12/2025","","","","7.59"
"JES-25-124","677264","158.6","160.125","1.53","1","","ALS","PIL-098","HE25388600 - Finalized","29/12/2025","Core_QuarterSplit","9.285","MartinNovara","29/12/2025","","","","9.390000000000001"
"JES-25-124","677265","160.125","161.65","1.53","1","","ALS","PIL-098","HE25388600 - Finalized","29/12/2025","Core_QuarterSplit","11.755","MartinNovara","29/12/2025","","","","11.88"
"JES-25-124","677266","161.65","163.175","1.53","1","","ALS","PIL-098","HE25388600 - Finalized","29/12/2025","Core_QuarterSplit","9.265","MartinNovara","29/12/2025","","","","9.33"
"JES-25-124","677267","163.175","164.7","1.52","1","","ALS","PIL-098","HE25388600 - Finalized","29/12/2025","Core_QuarterSplit","11.44","MartinNovara","29/12/2025","","","","11.54"
"JES-25-124","677268","164.7","166.225","1.53","1","","ALS","PIL-098","HE25388600 - Finalized","29/12/2025","Core_QuarterSplit","8.345","MartinNovara","29/12/2025","","","","8.41"
"JES-25-124","677269","166.225","167.75","1.53","1","","ALS","PIL-098","HE25388600 - Finalized","29/12/2025","Core_QuarterSplit","8.975","MartinNovara","29/12/2025","","","","9.050000000000001"
"JES-25-124","677270","167.75","169.275","1.53","1","","ALS","PIL-098","HE25388600 - Finalized","29/12/2025","Core_QuarterSplit","10.14","MartinNovara","29/12/2025","","","","10.22"
"JES-25-124","677271","169.275","170.8","1.53","1","","ALS","PIL-098","HE25388600 - Finalized","30/12/2025","No data","10.87","MartinNovara","30/12/2025","","","","10.98"
"JES-25-124","677272","170.8","172.325","1.52","1","","ALS","PIL-098","HE25388600 - Finalized","30/12/2025","No data","11.565","MartinNovara","30/12/2025","","","","11.64"
"JES-25-124","677273","172.325","173.85","1.53","1","","ALS","PIL-098","HE25388600 - Finalized","30/12/2025","Core_QuarterSplit","10.875","MartinNovara","30/12/2025","","","","10.96"
"JES-25-124","677275","173.85","175.375","1.53","1","","ALS","PIL-098","HE25388600 - Finalized","30/12/2025","Core_QuarterSplit","8.945","Yuvitza.Davila","30/12/2025","","","","9.02"
"JES-25-124","677276","175.375","176.9","1.53","1","","ALS","PIL-098","HE25388600 - Finalized","30/12/2025","Core_QuarterSplit","10.145","Yuvitza.Davila","30/12/2025","","","","10.19"
"JES-25-124","677277","176.9","178.425","1.53","1","","ALS","PIL-098","HE25388600 - Finalized","30/12/2025","Core_QuarterSplit","10.465","Yuvitza.Davila","30/12/2025","","","","10.55"
"JES-25-124","677278","178.425","179.95","1.52","1","","ALS","PIL-098","HE25388600 - Finalized","30/12/2025","Core_QuarterSplit","9.27","Yuvitza.Davila","30/12/2025","","","","9.33"
"JES-25-124","677279","179.95","181.475","1.53","1","","ALS","PIL-098","HE25388600 - Finalized","30/12/2025","Core_QuarterSplit","10.645","Yuvitza.Davila","30/12/2025","","","","10.74"
"JES-25-124","677280","181.475","183","1.53","1","","ALS","PIL-098","HE25388600 - Finalized","30/12/2025","Core_QuarterSplit","9.4","Yuvitza.Davila","30/12/2025","","","","9.460000000000001"
"JES-25-124","677282","183","184.525","1.53","1","","ALS","PIL-098","HE25388600 - Finalized","30/12/2025","Core_QuarterSplit","10.315","Yuvitza.Davila","30/12/2025","","","","10.37"
"JES-25-124","677283","184.525","186.05","1.53","1","","ALS","PIL-098","HE25388600 - Finalized","30/12/2025","Core_QuarterSplit","9.985","Yuvitza.Davila","30/12/2025","","","","10.14"
"JES-25-124","677284","186.05","187.575","1.52","1","","ALS","PIL-098","HE25388600 - Finalized","30/12/2025","Core_QuarterSplit","11.56","Yuvitza.Davila","30/12/2025","","","","11.62"
"JES-25-124","677285","187.575","189.1","1.53","1","","ALS","PIL-098","HE25388600 - Finalized","30/12/2025","Core_QuarterSplit","9.645","Yuvitza.Davila","30/12/2025","","","","9.75"
"JES-25-124","677286","189.1","190.625","1.53","1","","ALS","PIL-098","HE25388600 - Finalized","30/12/2025","Core_QuarterSplit","10.715","Yuvitza.Davila","30/12/2025","","","","10.77"
"JES-25-124","677287","190.625","192.15","1.53","1","","ALS","PIL-098","HE25388600 - Finalized","30/12/2025","Core_QuarterSplit","12.345","Yuvitza.Davila","30/12/2025","","","","12.41"
"JES-25-124","677288","192.15","193.675","1.53","1","","ALS","PIL-098","HE25388600 - Finalized","30/12/2025","Core_QuarterSplit","10.475","Yuvitza.Davila","30/12/2025","","","","10.53"
"JES-25-124","677289","193.675","195.2","1.52","1","","ALS","PIL-098","HE25388600 - Finalized","30/12/2025","Core_QuarterSplit","10.77","Yuvitza.Davila","30/12/2025","","","","10.82"
"JES-25-124","677291","195.2","196.875","1.68","1","","ALS","PIL-098","HE25388600 - Finalized","30/12/2025","Core_QuarterSplit","9.87","Yuvitza.Davila","30/12/2025","","","","9.93"
"JES-25-124","677292","196.875","198.25","1.38","1","","ALS","PIL-098","HE25388600 - Finalized","30/12/2025","Core_QuarterSplit","6.93","Yuvitza.Davila","30/12/2025","","","","6.97"
"JES-25-124","677293","198.25","199.775","1.53","1","","ALS","PIL-098","HE25388600 - Finalized","30/12/2025","Core_QuarterSplit","7.36","Yuvitza.Davila","30/12/2025","","","","7.39"
"JES-25-124","677294","199.775","201.3","1.53","1","","ALS","PIL-098","HE25388600 - Finalized","30/12/2025","Core_QuarterSplit","9.685","Yuvitza.Davila","30/12/2025","","","","9.67"
"JES-25-124","677295","201.3","202.825","1.52","1","","ALS","PIL-098","HE25388600 - Finalized","30/12/2025","Core_QuarterSplit","10.96","Yuvitza.Davila","30/12/2025","","","","11.05"
"JES-25-124","677296","202.825","204.35","1.53","1","","ALS","PIL-098","HE25388600 - Finalized","30/12/2025","Core_QuarterSplit","10.39","Yuvitza.Davila","30/12/2025","","","","10.49"
"JES-25-124","677297","204.35","205.875","1.53","1","","ALS","PIL-098","HE25388600 - Finalized","30/12/2025","Core_QuarterSplit","10.64","Yuvitza.Davila","30/12/2025","","","","10.75"
"JES-25-124","677298","205.875","207.4","1.53","1","","ALS","PIL-098","HE25388600 - Finalized","30/12/2025","Core_QuarterSplit","11.99","Yuvitza.Davila","30/12/2025","","","","12.11"
"JES-25-124","677299","207.4","208.925","1.53","1","","ALS","PIL-098","HE25388600 - Finalized","30/12/2025","Core_QuarterSplit","9.965","Yuvitza.Davila","30/12/2025","","","","10.05"
"JES-25-124","677300","208.925","210.45","1.52","1","","ALS","PIL-098","HE25388600 - Finalized","30/12/2025","Core_QuarterSplit","7.42","Yuvitza.Davila","30/12/2025","","","","7.5"
"JES-25-124","677302","210.45","211.975","1.53","1","","ALS","PIL-098","HE25388600 - Finalized","30/12/2025","Core_QuarterSplit","9.405","Yuvitza.Davila","30/12/2025","","","","9.48"
"JES-25-124","677303","211.975","213.5","1.53","1","","ALS","PIL-098","HE25388600 - Finalized","30/12/2025","Core_QuarterSplit","9.61","Yuvitza.Davila","30/12/2025","","","","9.699999999999999"
"JES-25-124","677304","213.5","215.025","1.53","1","","ALS","PIL-098","HE25388600 - Finalized","30/12/2025","Core_QuarterSplit","7.425","Yuvitza.Davila","30/12/2025","","","","7.49"
"JES-25-124","677305","215.025","216.55","1.53","1","","ALS","PIL-098","HE25388600 - Finalized","30/12/2025","Core_QuarterSplit","8.2","Yuvitza.Davila","30/12/2025","","","","8.27"
"JES-25-124","677306","216.55","218.075","1.52","1","","ALS","PIL-098","HE25388600 - Finalized","30/12/2025","Core_QuarterSplit","8.73","Yuvitza.Davila","30/12/2025","","","","8.82"
"JES-25-124","677307","218.075","219.6","1.53","1","","ALS","PIL-098","HE25388600 - Finalized","30/12/2025","Core_QuarterSplit","10.81","Yuvitza.Davila","30/12/2025","","","","10.93"
"JES-25-124","677308","219.6","221.125","1.53","1","","ALS","PIL-098","HE25388600 - Finalized","30/12/2025","Core_QuarterSplit","11.005","Yuvitza.Davila","30/12/2025","","","","11.18"
"JES-25-124","677309","221.125","222.65","1.53","1","","ALS","PIL-098","HE25388600 - Finalized","30/12/2025","Core_QuarterSplit","9.95","Yuvitza.Davila","30/12/2025","","","","10.05"
"JES-25-124","677310","222.65","224.175","1.53","1","","ALS","PIL-098","HE25388600 - Finalized","30/12/2025","Core_QuarterSplit","10.03","Yuvitza.Davila","30/12/2025","","","","10.16"
"JES-25-124","677311","224.175","225.7","1.52","1","","ALS","PIL-098","HE25388600 - Finalized","30/12/2025","Core_QuarterSplit","8.435","Yuvitza.Davila","30/12/2025","","","","8.51"
"JES-25-124","677313","225.7","227.225","1.53","1","","ALS","PIL-098","HE25388600 - Finalized","30/12/2025","Core_QuarterSplit","9.875","Yuvitza.Davila","30/12/2025","","","","9.970000000000001"
"JES-25-124","677314","227.225","228.75","1.53","1","","ALS","PIL-098","HE25388600 - Finalized","30/12/2025","Core_QuarterSplit","9.445","Yuvitza.Davila","30/12/2025","","","","9.52"
"JES-25-124","677315","228.75","230.275","1.53","1","","ALS","PIL-098","HE25388600 - Finalized","30/12/2025","Core_QuarterSplit","13.455","Yuvitza.Davila","30/12/2025","","","","13.57"
"JES-25-124","677316","230.275","231.8","1.53","1","","ALS","PIL-098","HE25388600 - Finalized","30/12/2025","Core_QuarterSplit","9.905","Yuvitza.Davila","30/12/2025","","","","9.99"
"JES-25-124","677317","231.8","233.325","1.52","1","","ALS","PIL-098","HE25388600 - Finalized","30/12/2025","Core_QuarterSplit","10.8","Yuvitza.Davila","30/12/2025","","","","10.89"
"JES-25-124","677318","233.325","234.85","1.53","1","","ALS","PIL-098","HE25388600 - Finalized","30/12/2025","Core_QuarterSplit","11.165","Yuvitza.Davila","30/12/2025","","","","11.29"
"JES-25-124","677319","234.85","236.375","1.53","1","","ALS","PIL-098","HE25388600 - Finalized","30/12/2025","Core_QuarterSplit","12.905","Yuvitza.Davila","30/12/2025","","","","13.05"
"JES-25-124","677320","236.375","237.9","1.53","1","","ALS","PIL-098","HE25388600 - Finalized","30/12/2025","Core_QuarterSplit","9.305","Yuvitza.Davila","30/12/2025","","","","9.380000000000001"
"JES-25-124","677321","237.9","239.425","1.53","1","","ALS","PIL-098","HE25388600 - Finalized","30/12/2025","Core_QuarterSplit","6.355","Yuvitza.Davila","30/12/2025","","","","6.34"
"JES-25-124","677322","239.425","240.95","1.52","1","","ALS","PIL-098","HE25388600 - Finalized","30/12/2025","Core_QuarterSplit","8.09","Yuvitza.Davila","30/12/2025","","","","8.16"
"JES-25-124","677324","240.95","242.475","1.53","1","","ALS","PIL-098","HE25388600 - Finalized","30/12/2025","Core_QuarterSplit","8.78","Yuvitza.Davila","30/12/2025","","","","8.85"
"JES-25-124","677325","242.475","244","1.53","1","","ALS","PIL-098","HE25388600 - Finalized","30/12/2025","Core_QuarterSplit","11.81","Yuvitza.Davila","30/12/2025","","","","11.9"
"JES-25-124","677326","244","245.525","1.53","1","","ALS","PIL-098","HE25388600 - Finalized","30/12/2025","Core_QuarterSplit","11.005","Yuvitza.Davila","30/12/2025","","","","11.09"
"JES-25-124","677327","245.525","247.05","1.53","1","","ALS","PIL-098","HE25388600 - Finalized","30/12/2025","Core_QuarterSplit","10.7","Yuvitza.Davila","30/12/2025","","","","10.79"
"JES-25-124","677328","247.05","248.575","1.52","1","","ALS","PIL-098","HE25388600 - Finalized","30/12/2025","Core_QuarterSplit","9.88","Yuvitza.Davila","30/12/2025","","","","9.960000000000001"
"JES-25-124","677329","248.575","250.1","1.53","1","","ALS","PIL-098","HE25388600 - Finalized","30/12/2025","Core_QuarterSplit","7.575","Yuvitza.Davila","30/12/2025","","","","7.63"
"JES-25-124","677330","250.1","251.625","1.53","1","","ALS","PIL-098","HE25388600 - Finalized","30/12/2025","Core_QuarterSplit","8.615","Yuvitza.Davila","30/12/2025","","","","8.68"
"JES-25-124","677331","251.625","253.15","1.53","1","","ALS","PIL-098","HE25388600 - Finalized","30/12/2025","Core_QuarterSplit","5.385","Yuvitza.Davila","30/12/2025","","","","5.43"
"JES-25-124","677332","253.15","254.675","1.53","1","","ALS","PIL-098","HE25388600 - Finalized","30/12/2025","Core_QuarterSplit","11.855","Yuvitza.Davila","30/12/2025","","","","11.96"
"JES-25-124","677333","254.675","256.2","1.52","1","","ALS","PIL-098","HE25388600 - Finalized","30/12/2025","Core_QuarterSplit","10.175","Yuvitza.Davila","30/12/2025","","","","10.25"
"JES-25-124","677335","256.2","257.725","1.53","1","","ALS","PIL-098","HE25388600 - Finalized","30/12/2025","Core_QuarterSplit","11.07","Yuvitza.Davila","30/12/2025","","","","11.15"
"JES-25-124","677336","257.725","259.25","1.52","1","","ALS","PIL-098","HE25388600 - Finalized","30/12/2025","Core_QuarterSplit","5.4","Yuvitza.Davila","30/12/2025","","","","5.44"
"JES-25-124","677337","259.25","260.775","1.52","1","","ALS","PIL-098","HE25388600 - Finalized","30/12/2025","Core_QuarterSplit","11.94","Yuvitza.Davila","30/12/2025","","","","12.04"
"JES-25-124","677338","260.775","262.3","1.53","1","","ALS","PIL-098","HE25388600 - Finalized","30/12/2025","Core_QuarterSplit","7.645","Yuvitza.Davila","30/12/2025","","","","7.7"
"JES-25-124","677339","262.3","263.825","1.52","1","","ALS","PIL-098","HE25388600 - Finalized","30/12/2025","Core_QuarterSplit","10.05","Yuvitza.Davila","30/12/2025","","","","10.12"
"JES-25-124","677340","263.825","265.35","1.53","1","","ALS","PIL-098","HE25388600 - Finalized","30/12/2025","Core_QuarterSplit","7.475","Yuvitza.Davila","30/12/2025","","","","7.5"
"JES-25-124","677341","265.35","266.875","1.52","1","","ALS","PIL-098","HE25388600 - Finalized","30/12/2025","Core_QuarterSplit","9.83","Yuvitza.Davila","30/12/2025","","","","9.880000000000001"
"JES-25-124","677342","266.875","268.4","1.52","1","","ALS","PIL-098","HE25388600 - Finalized","30/12/2025","Core_QuarterSplit","7.755","Yuvitza.Davila","30/12/2025","","","","7.8"
"JES-25-124","677343","268.4","269.925","1.53","1","","ALS","PIL-098","HE25388600 - Finalized","30/12/2025","Core_QuarterSplit","4.985","Yuvitza.Davila","30/12/2025","","","","5.01"
"JES-25-124","677344","269.925","271.45","1.52","1","","ALS","PIL-098","HE25388600 - Finalized","30/12/2025","Core_QuarterSplit","7.925","Yuvitza.Davila","30/12/2025","","","","7.95"
"JES-25-124","677346","271.45","272.975","1.53","1","","ALS","PIL-098","HE25388600 - Finalized","30/12/2025","Core_QuarterSplit","0","Yuvitza.Davila","30/12/2025","","","","8.699999999999999"
"JES-25-124","677347","272.975","274.5","1.52","1","","ALS","PIL-098","HE25388600 - Finalized","30/12/2025","Core_QuarterSplit","7.76","Yuvitza.Davila","30/12/2025","","","","7.81"
"JES-25-124","677348","274.5","276.025","1.52","1","","ALS","PIL-098","HE25388600 - Finalized","30/12/2025","Core_QuarterSplit","9.195","Yuvitza.Davila","30/12/2025","","","","9.26"
"JES-25-124","677349","276.025","277.55","1.53","1","","ALS","PIL-098","HE25388600 - Finalized","30/12/2025","Core_QuarterSplit","9.76","Yuvitza.Davila","30/12/2025","","","","9.84"
"JES-25-124","677350","277.55","279.075","1.52","1","","ALS","PIL-098","HE25388600 - Finalized","30/12/2025","Core_QuarterSplit","9.535","Yuvitza.Davila","30/12/2025","","","","9.59"
"JES-25-124","677351","279.075","280.6","1.53","1","","ALS","PIL-098","HE25388600 - Finalized","30/12/2025","Core_QuarterSplit","4.375","Yuvitza.Davila","30/12/2025","","","","4.41"
"JES-25-124","677352","280.6","282.125","1.52","1","","ALS","PIL-098","HE25388600 - Finalized","30/12/2025","Core_QuarterSplit","8.75","Yuvitza.Davila","30/12/2025","","","","8.83"
"JES-25-124","677353","282.125","283.65","1.52","1","","ALS","PIL-098","HE25388600 - Finalized","30/12/2025","Core_QuarterSplit","10.14","Yuvitza.Davila","30/12/2025","","","","10.22"
"JES-25-124","677354","283.65","285.175","1.53","1","","ALS","PIL-098","HE25388600 - Finalized","30/12/2025","Core_QuarterSplit","6.505","Yuvitza.Davila","30/12/2025","","","","6.55"
"JES-25-124","677355","285.175","286.7","1.52","1","","ALS","PIL-098","HE25388600 - Finalized","30/12/2025","Core_QuarterSplit","12.61","Yuvitza.Davila","30/12/2025","","","","12.7"
"JES-25-124","677357","286.7","288.625","1.93","1","","ALS","PIL-098","HE25388600 - Finalized","30/12/2025","Core_QuarterSplit","7.245","Yuvitza.Davila","30/12/2025","","","","7.29"
"JES-25-124","677358","288.625","289.75","1.13","1","","ALS","PIL-098","HE25388600 - Finalized","30/12/2025","Core_QuarterSplit","6.3","Yuvitza.Davila","30/12/2025","","","","6.34"
"JES-25-124","677359","289.75","291.275","1.52","1","","ALS","PIL-098","HE25388600 - Finalized","30/12/2025","Core_QuarterSplit","8.875","Yuvitza.Davila","30/12/2025","","","","8.94"
"JES-25-124","677360","291.275","292.8","1.53","1","","ALS","PIL-098","HE25388600 - Finalized","30/12/2025","Core_QuarterSplit","8.33","Yuvitza.Davila","30/12/2025","","","","8.390000000000001"
"JES-25-124","677361","292.8","294.325","1.52","1","","ALS","PIL-098","HE25388600 - Finalized","30/12/2025","Core_QuarterSplit","7.225","Yuvitza.Davila","30/12/2025","","","","7.28"
"JES-25-124","677362","294.325","295.85","1.53","1","","ALS","PIL-098","HE25388600 - Finalized","30/12/2025","Core_QuarterSplit","7.985","Yuvitza.Davila","30/12/2025","","","","8.039999999999999"
"JES-25-124","677363","295.85","297.375","1.52","1","","ALS","PIL-098","HE25388600 - Finalized","30/12/2025","Core_QuarterSplit","8.595","Yuvitza.Davila","30/12/2025","","","","8.65"
"JES-25-124","677364","297.375","298.9","1.52","1","","ALS","PIL-098","HE25388600 - Finalized","30/12/2025","Core_QuarterSplit","6.655","Yuvitza.Davila","30/12/2025","","","","6.69"
"JES-25-124","677365","298.9","300.425","1.53","1","","ALS","PIL-098","HE25388600 - Finalized","30/12/2025","Core_QuarterSplit","7.785","Yuvitza.Davila","30/12/2025","","","","7.83"
"JES-25-125","677371","0","1.525","1.53","1","","ALS","PIL-099","HE25388601 - Finalized","16/11/2025","Chips_QuarterSplit","2.095","Yuvitza.Davila","05/12/2025","","","","2.09"
"JES-25-125","677372","1.525","3.05","1.53","1","","ALS","PIL-099","HE25388601 - Finalized","16/11/2025","Chips_QuarterSplit","2.14","Yuvitza.Davila","05/12/2025","","","","2.13"
"JES-25-125","677373","3.05","4.575","1.53","1","","ALS","PIL-099","HE25388601 - Finalized","16/11/2025","Chips_QuarterSplit","5.415","Yuvitza.Davila","05/12/2025","","","","5.41"
"JES-25-125","677374","4.575","6.1","1.53","1","","ALS","PIL-099","HE25388601 - Finalized","16/11/2025","Chips_QuarterSplit","5.385","Yuvitza.Davila","05/12/2025","","","","5.38"
"JES-25-125","677375","6.1","7.625","1.53","1","","ALS","PIL-099","HE25388601 - Finalized","16/11/2025","Chips_QuarterSplit","1.89","Yuvitza.Davila","05/12/2025","","","","1.88"
"JES-25-125","677376","7.625","9.15","1.53","1","","ALS","PIL-099","HE25388601 - Finalized","16/11/2025","Chips_QuarterSplit","10.675","Yuvitza.Davila","05/12/2025","","","","3.43"
"JES-25-125","677377","9.15","10.675","1.53","1","","ALS","PIL-099","HE25388601 - Finalized","16/11/2025","Chips_QuarterSplit","4.17","Yuvitza.Davila","05/12/2025","","","","4.18"
"JES-25-125","677378","10.675","12.2","1.53","1","","ALS","PIL-099","HE25388601 - Finalized","16/11/2025","Chips_QuarterSplit","4.075","Yuvitza.Davila","05/12/2025","","","","4.09"
"JES-25-125","677379","12.2","13.725","1.53","1","","ALS","PIL-099","HE25388601 - Finalized","16/11/2025","Chips_QuarterSplit","4.495","Yuvitza.Davila","05/12/2025","","","","4.5"
"JES-25-125","677380","13.725","15.25","1.53","1","","ALS","PIL-099","HE25388601 - Finalized","16/11/2025","Chips_QuarterSplit","8.525","Yuvitza.Davila","05/12/2025","","","","8.550000000000001"
"JES-25-125","677381","15.25","16.775","1.53","1","","ALS","PIL-099","HE25388601 - Finalized","16/11/2025","Chips_QuarterSplit","9.08","Yuvitza.Davila","05/12/2025","","","","9.109999999999999"
"JES-25-125","677382","16.775","18.3","1.53","1","","ALS","PIL-099","HE25388601 - Finalized","16/11/2025","Chips_QuarterSplit","8.04","Yuvitza.Davila","05/12/2025","","","","8.06"
"JES-25-125","677383","18.3","19.825","1.53","1","","ALS","PIL-099","HE25388601 - Finalized","16/11/2025","Chips_QuarterSplit","6.48","Yuvitza.Davila","05/12/2025","","","","6.49"
"JES-25-125","677384","19.825","21.35","1.53","1","","ALS","PIL-099","HE25388601 - Finalized","16/11/2025","Chips_QuarterSplit","5.935","Yuvitza.Davila","05/12/2025","","","","5.94"
"JES-25-125","677386","21.35","22.875","1.53","1","","ALS","PIL-099","HE25388601 - Finalized","16/11/2025","Chips_QuarterSplit","7.085","Yuvitza.Davila","05/12/2025","","","","7.1"
"JES-25-125","677387","22.875","24.4","1.53","1","","ALS","PIL-099","HE25388601 - Finalized","16/11/2025","Chips_QuarterSplit","5.96","Yuvitza.Davila","05/12/2025","","","","5.97"
"JES-25-125","677388","24.4","25.925","1.53","1","","ALS","PIL-099","HE25388601 - Finalized","16/11/2025","Chips_QuarterSplit","7.58","Yuvitza.Davila","05/12/2025","","","","7.59"
"JES-25-125","677389","25.925","27.45","1.53","1","","ALS","PIL-099","HE25388601 - Finalized","16/11/2025","Chips_QuarterSplit","6.595","Yuvitza.Davila","05/12/2025","","","","6.61"
"JES-25-125","677390","27.45","28.975","1.53","1","","ALS","PIL-099","HE25388601 - Finalized","16/11/2025","Chips_QuarterSplit","5.97","Yuvitza.Davila","05/12/2025","","","","5.98"
"JES-25-125","677391","28.975","30.5","1.53","1","","ALS","PIL-099","HE25388601 - Finalized","16/11/2025","Chips_QuarterSplit","8.185","Yuvitza.Davila","05/12/2025","","","","8.199999999999999"
"JES-25-125","677392","30.5","32.025","1.53","1","","ALS","PIL-099","HE25388601 - Finalized","16/11/2025","Chips_QuarterSplit","7.35","Yuvitza.Davila","05/12/2025","","","","7.36"
"JES-25-125","677393","32.025","33.55","1.53","1","","ALS","PIL-099","HE25388601 - Finalized","16/11/2025","Chips_QuarterSplit","4.765","Yuvitza.Davila","05/12/2025","","","","4.77"
"JES-25-125","677394","33.55","35.075","1.53","1","","ALS","PIL-099","HE25388601 - Finalized","16/11/2025","Chips_QuarterSplit","12.12","Yuvitza.Davila","05/12/2025","","","","12.14"
"JES-25-125","677395","35.075","36.6","1.53","1","","ALS","PIL-099","HE25388601 - Finalized","16/11/2025","Chips_QuarterSplit","9.01","Yuvitza.Davila","05/12/2025","","","","9.039999999999999"
"JES-25-125","677396","36.6","38.125","1.53","1","","ALS","PIL-099","HE25388601 - Finalized","16/11/2025","Chips_QuarterSplit","10.29","Yuvitza.Davila","05/12/2025","","","","10.31"
"JES-25-125","677397","38.125","39.65","1.53","1","","ALS","PIL-099","HE25388601 - Finalized","16/11/2025","Chips_QuarterSplit","8.725","Yuvitza.Davila","05/12/2025","","","","8.75"
"JES-25-125","677398","39.65","41.175","1.53","1","","ALS","PIL-099","HE25388601 - Finalized","16/11/2025","Chips_QuarterSplit","9.095","Yuvitza.Davila","05/12/2025","","","","9.130000000000001"
"JES-25-125","677399","41.175","42.7","1.53","1","","ALS","PIL-099","HE25388601 - Finalized","16/11/2025","Chips_QuarterSplit","12.55","Yuvitza.Davila","05/12/2025","","","","12.59"
"JES-25-125","677400","42.7","44.225","1.53","1","","ALS","PIL-099","HE25388601 - Finalized","16/11/2025","Chips_QuarterSplit","10.99","Yuvitza.Davila","05/12/2025","","","","11.04"
"JES-25-125","677401","44.225","45.75","1.53","1","","ALS","PIL-099","HE25388601 - Finalized","16/11/2025","Chips_QuarterSplit","12.025","Yuvitza.Davila","05/12/2025","","","","12.05"
"JES-25-125","677402","45.75","47.275","1.53","1","","ALS","PIL-099","HE25388601 - Finalized","16/11/2025","Chips_QuarterSplit","9.39","Yuvitza.Davila","05/12/2025","","","","9.41"
"JES-25-125","677403","47.275","48.8","1.53","1","","ALS","PIL-099","HE25388601 - Finalized","16/11/2025","Chips_QuarterSplit","5.8","Yuvitza.Davila","05/12/2025","","","","5.81"
"JES-25-125","677404","48.8","50.325","1.53","1","","ALS","PIL-099","HE25388601 - Finalized","16/11/2025","Chips_QuarterSplit","18.07","Yuvitza.Davila","05/12/2025","","","","18.09"
"JES-25-125","677406","50.325","51.85","1.53","1","","ALS","PIL-099","HE25388601 - Finalized","16/11/2025","Chips_QuarterSplit","11.385","Yuvitza.Davila","05/12/2025","","","","11.4"
"JES-25-125","677407","51.85","53.375","1.53","1","","ALS","PIL-099","HE25388601 - Finalized","16/11/2025","Chips_QuarterSplit","9.68","Yuvitza.Davila","05/12/2025","","","","9.69"
"JES-25-125","677408","53.375","54.9","1.53","1","","ALS","PIL-099","HE25388601 - Finalized","16/11/2025","Chips_QuarterSplit","10.545","Yuvitza.Davila","05/12/2025","","","","10.56"
"JES-25-125","677409","54.9","56.425","1.53","1","","ALS","PIL-099","HE25388601 - Finalized","16/11/2025","Chips_QuarterSplit","9.405","Yuvitza.Davila","05/12/2025","","","","9.42"
"JES-25-125","677410","56.425","57.95","1.53","1","","ALS","PIL-099","HE25388601 - Finalized","16/11/2025","Chips_QuarterSplit","13.105","Yuvitza.Davila","05/12/2025","","","","13.12"
"JES-25-125","677411","57.95","59.475","1.53","1","","ALS","PIL-099","HE25388601 - Finalized","16/11/2025","Chips_QuarterSplit","8.295","Yuvitza.Davila","05/12/2025","","","","8.300000000000001"
"JES-25-125","677412","59.475","61","1.53","1","","ALS","PIL-099","HE25388601 - Finalized","16/11/2025","Chips_QuarterSplit","10.005","Yuvitza.Davila","05/12/2025","","","","10.02"
"JES-25-125","677413","61","62.525","1.53","1","","ALS","PIL-099","HE25388601 - Finalized","16/11/2025","Chips_QuarterSplit","8.655","Yuvitza.Davila","05/12/2025","","","","8.67"
"JES-25-125","677414","62.525","64.05","1.53","1","","ALS","PIL-099","HE25388601 - Finalized","16/11/2025","Chips_QuarterSplit","9.945","Yuvitza.Davila","05/12/2025","","","","9.949999999999999"
"JES-25-125","677415","64.05","65.575","1.53","1","","ALS","PIL-099","HE25388601 - Finalized","16/11/2025","Chips_QuarterSplit","9.11","Yuvitza.Davila","05/12/2025","","","","9.050000000000001"
"JES-25-125","677416","65.575","67.1","1.52","1","","ALS","PIL-099","HE25388601 - Finalized","16/11/2025","Chips_QuarterSplit","11.445","Yuvitza.Davila","05/12/2025","","","","11.47"
"JES-25-125","677417","67.1","68.625","1.53","1","","ALS","PIL-099","HE25388601 - Finalized","16/11/2025","Chips_QuarterSplit","9.675","Yuvitza.Davila","05/12/2025","","","","9.68"
"JES-25-125","677418","68.625","70.15","1.53","1","","ALS","PIL-099","HE25388601 - Finalized","16/11/2025","Chips_QuarterSplit","11.665","Yuvitza.Davila","05/12/2025","","","","11.68"
"JES-25-125","677419","70.15","71.675","1.52","1","","ALS","PIL-099","HE25388601 - Finalized","16/11/2025","Chips_QuarterSplit","10.135","Yuvitza.Davila","05/12/2025","","","","10.14"
"JES-25-125","677420","71.675","73.2","1.53","1","","ALS","PIL-099","HE25388601 - Finalized","16/11/2025","Chips_QuarterSplit","12.74","Yuvitza.Davila","05/12/2025","","","","12.76"
"JES-25-125","677421","73.2","74.725","1.52","1","","ALS","PIL-099","HE25388601 - Finalized","16/11/2025","Chips_QuarterSplit","10.595","Yuvitza.Davila","05/12/2025","","","","10.6"
"JES-25-125","677422","74.725","76.25","1.53","1","","ALS","PIL-099","HE25388601 - Finalized","16/11/2025","Chips_QuarterSplit","11.15","Yuvitza.Davila","05/12/2025","","","","11.16"
"JES-25-125","677425","76.25","77.775","1.53","1","","ALS","PIL-099","HE25388601 - Finalized","16/11/2025","Chips_QuarterSplit","9.46","Yuvitza.Davila","05/12/2025","","","","9.460000000000001"
"JES-25-125","677426","77.775","79.3","1.52","1","","ALS","PIL-099","HE25388601 - Finalized","16/11/2025","Chips_QuarterSplit","9.385","Yuvitza.Davila","05/12/2025","","","","9.390000000000001"
"JES-25-125","677427","79.3","80.825","1.53","1","","ALS","PIL-099","HE25388601 - Finalized","16/11/2025","Chips_QuarterSplit","9.88","Yuvitza.Davila","05/12/2025","","","","9.880000000000001"
"JES-25-125","677428","80.825","82.35","1.52","1","","ALS","PIL-099","HE25388601 - Finalized","16/11/2025","Chips_QuarterSplit","10.73","Yuvitza.Davila","05/12/2025","","","","10.73"
"JES-25-125","677429","82.35","83.875","1.53","1","","ALS","PIL-099","HE25388601 - Finalized","16/11/2025","Chips_QuarterSplit","9.675","Yuvitza.Davila","05/12/2025","","","","9.67"
"JES-25-125","677430","83.875","85.4","1.53","1","","ALS","PIL-099","HE25388601 - Finalized","16/11/2025","Chips_QuarterSplit","8.3","Yuvitza.Davila","05/12/2025","","","","8.300000000000001"
"JES-25-125","677431","85.4","86.925","1.52","1","","ALS","PIL-099","HE25388601 - Finalized","16/11/2025","Chips_QuarterSplit","8.27","Yuvitza.Davila","05/12/2025","","","","8.27"
"JES-25-125","677432","86.925","88.45","1.53","1","","ALS","PIL-099","HE25388601 - Finalized","16/11/2025","Chips_QuarterSplit","9.425","Yuvitza.Davila","05/12/2025","","","","9.43"
"JES-25-125","677433","88.45","89.975","1.52","1","","ALS","PIL-099","HE25388601 - Finalized","16/11/2025","Chips_QuarterSplit","10.355","Yuvitza.Davila","05/12/2025","","","","10.36"
"JES-25-125","677434","89.975","91.5","1.53","1","","ALS","PIL-099","HE25388601 - Finalized","16/11/2025","Chips_QuarterSplit","8.835","Yuvitza.Davila","05/12/2025","","","","8.84"
"JES-25-125","677435","91.5","93.025","1.53","1","","ALS","PIL-099","HE25388601 - Finalized","16/11/2025","Chips_QuarterSplit","11.63","Yuvitza.Davila","05/12/2025","","","","11.64"
"JES-25-125","677436","93.025","94.55","1.52","1","","ALS","PIL-099","HE25388601 - Finalized","16/11/2025","Chips_QuarterSplit","8.78","Yuvitza.Davila","05/12/2025","","","","8.81"
"JES-25-125","677437","94.55","96.075","1.53","1","","ALS","PIL-099","HE25388601 - Finalized","16/11/2025","Chips_QuarterSplit","5.61","Yuvitza.Davila","05/12/2025","","","","5.63"
"JES-25-125","677438","96.075","97.6","1.52","1","","ALS","PIL-099","HE25388601 - Finalized","16/11/2025","Chips_QuarterSplit","14.67","Yuvitza.Davila","05/12/2025","","","","14.71"
"JES-25-125","677439","97.6","99.125","1.53","1","","ALS","PIL-099","HE25388601 - Finalized","16/11/2025","Chips_QuarterSplit","7.105","Yuvitza.Davila","05/12/2025","","","","7.11"
"JES-25-125","677440","99.125","100.65","1.53","1","","ALS","PIL-099","HE25388601 - Finalized","16/11/2025","Chips_QuarterSplit","13.705","Yuvitza.Davila","05/12/2025","","","","13.75"
"JES-25-125","677442","100.65","102.175","1.52","1","","ALS","PIL-099","HE25388601 - Finalized","16/11/2025","Chips_QuarterSplit","9.025","Yuvitza.Davila","05/12/2025","","","","9.06"
"JES-25-125","677443","102.175","103.7","1.53","1","","ALS","PIL-099","HE25388601 - Finalized","16/11/2025","Chips_QuarterSplit","8.62","Yuvitza.Davila","05/12/2025","","","","8.640000000000001"
"JES-25-125","677444","103.7","105.225","1.52","1","","ALS","PIL-099","HE25388601 - Finalized","16/11/2025","Chips_QuarterSplit","10.135","Yuvitza.Davila","05/12/2025","","","","10.16"
"JES-25-125","677445","105.225","106.75","1.53","1","","ALS","PIL-099","HE25388601 - Finalized","16/11/2025","Chips_QuarterSplit","13.935","Yuvitza.Davila","05/12/2025","","","","13.97"
"JES-25-125","677446","106.75","108.275","1.53","1","","ALS","PIL-099","HE25388601 - Finalized","16/11/2025","Chips_QuarterSplit","8.215","Yuvitza.Davila","05/12/2025","","","","8.24"
"JES-25-125","677447","108.275","109.8","1.52","1","","ALS","PIL-099","HE25388601 - Finalized","16/11/2025","Chips_QuarterSplit","10.84","Yuvitza.Davila","05/12/2025","","","","10.87"
"JES-25-125","677448","109.8","111.325","1.53","1","","ALS","PIL-099","HE25388601 - Finalized","16/11/2025","Chips_QuarterSplit","7.975","Yuvitza.Davila","05/12/2025","","","","8"
"JES-25-125","677449","111.325","112.85","1.52","1","","ALS","PIL-099","HE25388601 - Finalized","16/11/2025","Chips_QuarterSplit","9.17","Yuvitza.Davila","05/12/2025","","","","9.199999999999999"
"JES-25-125","677450","112.85","114.375","1.53","1","","ALS","PIL-099","HE25388601 - Finalized","16/11/2025","Chips_QuarterSplit","10.275","Yuvitza.Davila","05/12/2025","","","","10.31"
"JES-25-125","677451","114.375","115.9","1.53","1","","ALS","PIL-099","HE25388601 - Finalized","16/11/2025","Chips_QuarterSplit","10.3","Yuvitza.Davila","05/12/2025","","","","10.34"
"JES-25-125","677452","115.9","117.425","1.52","1","","ALS","PIL-099","HE25388601 - Finalized","16/11/2025","Chips_QuarterSplit","8.56","Yuvitza.Davila","05/12/2025","","","","8.58"
"JES-25-125","677453","117.425","118.95","1.53","1","","ALS","PIL-099","HE25388601 - Finalized","16/11/2025","Chips_QuarterSplit","11.23","Yuvitza.Davila","05/12/2025","","","","11.26"
"JES-25-125","677454","118.95","120.475","1.52","1","","ALS","PIL-099","HE25388601 - Finalized","16/11/2025","Chips_QuarterSplit","6.8","Yuvitza.Davila","05/12/2025","","","","6.81"
"JES-25-125","677455","120.475","122","1.53","1","","ALS","PIL-099","HE25388601 - Finalized","16/11/2025","Chips_QuarterSplit","9.565","Yuvitza.Davila","05/12/2025","","","","9.59"
"JES-25-125","677456","122","123.525","1.53","1","","ALS","PIL-099","HE25388601 - Finalized","16/11/2025","Chips_QuarterSplit","8.33","Yuvitza.Davila","05/12/2025","","","","8.34"
"JES-25-125","677457","123.525","125.05","1.52","1","","ALS","PIL-099","HE25388601 - Finalized","16/11/2025","Chips_QuarterSplit","9.75","Yuvitza.Davila","05/12/2025","","","","9.77"
"JES-25-125","677458","125.05","126.575","1.53","1","","ALS","PIL-099","HE25388601 - Finalized","16/11/2025","Chips_QuarterSplit","8.095","Yuvitza.Davila","05/12/2025","","","","8.109999999999999"
"JES-25-125","677459","126.575","128.1","1.52","1","","ALS","PIL-099","HE25388601 - Finalized","16/11/2025","Chips_QuarterSplit","8.195","Yuvitza.Davila","05/12/2025","","","","8.220000000000001"
"JES-25-125","677460","128.1","129.625","1.53","1","","ALS","PIL-099","HE25388601 - Finalized","16/11/2025","Chips_QuarterSplit","8.68","Yuvitza.Davila","05/12/2025","","","","8.699999999999999"
"JES-25-125","677461","129.625","131.15","1.53","1","","ALS","PIL-099","HE25388601 - Finalized","16/11/2025","Chips_QuarterSplit","8.795","Yuvitza.Davila","05/12/2025","","","","8.81"
"JES-25-125","677462","131.15","132.675","1.53","1","","ALS","PIL-099","HE25388601 - Finalized","16/11/2025","Chips_QuarterSplit","8.475","Yuvitza.Davila","05/12/2025","","","","8.5"
"JES-25-125","677464","132.675","134.2","1.52","1","","ALS","PIL-099","HE25388601 - Finalized","16/11/2025","Chips_QuarterSplit","9.24","Yuvitza.Davila","05/12/2025","","","","9.279999999999999"
"JES-25-125","677465","134.2","135.725","1.53","1","","ALS","PIL-099","HE25388601 - Finalized","16/11/2025","Chips_QuarterSplit","8.355","Yuvitza.Davila","05/12/2025","","","","8.369999999999999"
"JES-25-125","677466","135.725","137.25","1.53","1","","ALS","PIL-099","HE25388601 - Finalized","16/11/2025","Chips_QuarterSplit","9.45","Yuvitza.Davila","05/12/2025","","","","9.48"
"JES-25-125","677467","137.25","138.775","1.53","1","","ALS","PIL-099","HE25388601 - Finalized","16/11/2025","Chips_QuarterSplit","8.53","Yuvitza.Davila","05/12/2025","","","","8.550000000000001"
"JES-25-125","677468","138.775","140.3","1.53","1","","ALS","PIL-099","HE25388601 - Finalized","16/11/2025","Chips_QuarterSplit","9.8","Yuvitza.Davila","05/12/2025","","","","9.83"
"JES-25-125","677469","140.3","141.825","1.52","1","","ALS","PIL-099","HE25388601 - Finalized","16/11/2025","Chips_QuarterSplit","9.065","Yuvitza.Davila","05/12/2025","","","","9.09"
"JES-25-125","677470","141.825","143.35","1.53","1","","ALS","PIL-099","HE25388601 - Finalized","16/11/2025","Chips_QuarterSplit","9.13","Yuvitza.Davila","05/12/2025","","","","9.16"
"JES-25-125","677471","143.35","144.875","1.53","1","","ALS","PIL-099","HE25388601 - Finalized","16/11/2025","Chips_QuarterSplit","10.555","Yuvitza.Davila","05/12/2025","","","","10.6"
"JES-25-125","677472","144.875","146.4","1.53","1","","ALS","PIL-099","HE25388601 - Finalized","16/11/2025","Chips_QuarterSplit","9.52","Yuvitza.Davila","05/12/2025","","","","9.56"
"JES-25-125","677473","146.4","147.925","1.53","1","","ALS","PIL-099","HE25388601 - Finalized","16/11/2025","Chips_QuarterSplit","11.09","Yuvitza.Davila","05/12/2025","","","","11.12"
"JES-25-125","677474","147.925","149.45","1.52","1","","ALS","PIL-099","HE25388601 - Finalized","16/11/2025","Chips_QuarterSplit","10.685","Yuvitza.Davila","05/12/2025","","","","10.72"
"JES-25-125","677475","149.45","150.975","1.53","1","","ALS","PIL-099","HE25388601 - Finalized","16/11/2025","Chips_QuarterSplit","10.19","Yuvitza.Davila","05/12/2025","","","","10.22"
"JES-25-125","677476","150.975","152.5","1.53","1","","ALS","PIL-099","HE25388601 - Finalized","16/11/2025","Chips_QuarterSplit","10.525","Yuvitza.Davila","05/12/2025","","","","10.56"
"JES-25-125","677478","152.5","154.025","1.53","1","","ALS","PIL-099","HE25388601 - Finalized","16/11/2025","Chips_QuarterSplit","10.83","Yuvitza.Davila","05/12/2025","","","","10.86"
"JES-25-125","677479","154.025","155.55","1.53","1","","ALS","PIL-099","HE25388601 - Finalized","16/11/2025","Chips_QuarterSplit","11.105","Yuvitza.Davila","05/12/2025","","","","11.14"
"JES-25-125","677480","155.55","157.075","1.52","1","","ALS","PIL-099","HE25388601 - Finalized","16/11/2025","Chips_QuarterSplit","9.4","Yuvitza.Davila","05/12/2025","","","","9.43"
"JES-25-125","677481","157.075","158.6","1.53","1","","ALS","PIL-099","HE25388601 - Finalized","16/11/2025","Chips_QuarterSplit","12.075","Yuvitza.Davila","05/12/2025","","","","12.11"
"JES-25-125","677482","158.6","160.125","1.53","1","","ALS","PIL-099","HE25388601 - Finalized","16/11/2025","Chips_QuarterSplit","10.74","Yuvitza.Davila","05/12/2025","","","","10.77"
"JES-25-125","677483","160.125","161.65","1.53","1","","ALS","PIL-099","HE25388601 - Finalized","16/11/2025","Chips_QuarterSplit","9.145","Yuvitza.Davila","05/12/2025","","","","9.17"
"JES-25-125","677484","161.65","163.175","1.53","1","","ALS","PIL-099","HE25388601 - Finalized","16/11/2025","Chips_QuarterSplit","11.85","Yuvitza.Davila","05/12/2025","","","","11.89"
"JES-25-125","677485","163.175","164.7","1.52","1","","ALS","PIL-099","HE25388601 - Finalized","16/11/2025","Chips_QuarterSplit","10.93","Yuvitza.Davila","05/12/2025","","","","11.01"
"JES-25-125","677486","164.7","166.225","1.53","1","","ALS","PIL-099","HE25388601 - Finalized","16/11/2025","Chips_QuarterSplit","8.255","Yuvitza.Davila","05/12/2025","","","","8.289999999999999"
"JES-25-125","677487","166.225","167.75","1.53","1","","ALS","PIL-099","HE25388601 - Finalized","16/11/2025","Chips_QuarterSplit","13.42","Yuvitza.Davila","05/12/2025","","","","13.46"
"JES-25-125","677488","167.75","169.275","1.53","1","","ALS","PIL-099","HE25388601 - Finalized","16/11/2025","Chips_QuarterSplit","7.435","Yuvitza.Davila","05/12/2025","","","","7.46"
"JES-25-125","677489","169.275","170.8","1.53","1","","ALS","PIL-099","HE25388601 - Finalized","16/11/2025","Chips_QuarterSplit","11.77","Yuvitza.Davila","05/12/2025","","","","11.82"
"JES-25-125","677490","170.8","172.325","1.52","1","","ALS","PIL-099","HE25388601 - Finalized","16/11/2025","Chips_QuarterSplit","8.165","Yuvitza.Davila","05/12/2025","","","","8.19"
"JES-25-125","677491","172.325","173.85","1.53","1","","ALS","PIL-099","HE25388601 - Finalized","16/11/2025","Chips_QuarterSplit","13.07","Yuvitza.Davila","05/12/2025","","","","13.12"
"JES-25-125","677493","173.85","175.375","1.53","1","","ALS","PIL-099","HE25388601 - Finalized","16/11/2025","Chips_QuarterSplit","8.09","Yuvitza.Davila","05/12/2025","","","","8.109999999999999"
"JES-25-125","677494","175.375","176.9","1.53","1","","ALS","PIL-099","HE25388601 - Finalized","16/11/2025","Chips_QuarterSplit","11.815","Yuvitza.Davila","05/12/2025","","","","11.85"
"JES-25-125","677495","176.9","178.425","1.53","1","","ALS","PIL-099","HE25388601 - Finalized","16/11/2025","Chips_QuarterSplit","6.97","Yuvitza.Davila","05/12/2025","","","","6.98"
"JES-25-125","677496","178.425","179.95","1.52","1","","ALS","PIL-099","HE25388601 - Finalized","16/11/2025","Chips_QuarterSplit","11.535","Yuvitza.Davila","05/12/2025","","","","11.59"
"JES-25-125","677497","179.95","181.475","1.53","1","","ALS","PIL-099","HE25388601 - Finalized","16/11/2025","Chips_QuarterSplit","8.24","Yuvitza.Davila","05/12/2025","","","","8.26"
"JES-25-125","677498","181.475","183","1.53","1","","ALS","PIL-099","HE25388601 - Finalized","16/11/2025","Chips_QuarterSplit","10.22","Yuvitza.Davila","05/12/2025","","","","10.25"
"JES-25-125","677500","183","184.525","1.53","1","","ALS","PIL-099","HE25388601 - Finalized","16/11/2025","Chips_QuarterSplit","6.415","Yuvitza.Davila","05/12/2025","","","","6.43"
"JES-25-125","677501","184.525","186.05","1.53","1","","ALS","PIL-099","HE25388601 - Finalized","16/11/2025","Chips_QuarterSplit","11.045","Yuvitza.Davila","05/12/2025","","","","11.08"
"JES-25-125","677502","186.05","187.575","1.52","1","","ALS","PIL-099","HE25388601 - Finalized","16/11/2025","Chips_QuarterSplit","9.655","Yuvitza.Davila","05/12/2025","","","","9.69"
"JES-25-125","677503","187.575","189.1","1.53","1","","ALS","PIL-099","HE25388601 - Finalized","16/11/2025","Chips_QuarterSplit","12.125","Yuvitza.Davila","05/12/2025","","","","12.17"
"JES-25-125","677504","189.1","190.625","1.53","1","","ALS","PIL-099","HE25388601 - Finalized","16/11/2025","Chips_QuarterSplit","7.99","Yuvitza.Davila","05/12/2025","","","","8.02"
"JES-25-125","677505","190.625","192.15","1.53","1","","ALS","PIL-099","HE25388601 - Finalized","16/11/2025","Chips_QuarterSplit","11.945","Yuvitza.Davila","05/12/2025","","","","11.98"
"JES-25-125","677506","192.15","193.675","1.53","1","","ALS","PIL-099","HE25388601 - Finalized","16/11/2025","Chips_QuarterSplit","6.835","Yuvitza.Davila","05/12/2025","","","","6.86"
"JES-25-125","677507","193.675","195.2","1.52","1","","ALS","PIL-099","HE25388601 - Finalized","16/11/2025","Chips_QuarterSplit","11.74","Yuvitza.Davila","05/12/2025","","","","11.78"
"JES-25-125","677509","195.2","196.725","1.53","1","","ALS","PIL-099","HE25388601 - Finalized","16/11/2025","Chips_QuarterSplit","8.37","Yuvitza.Davila","05/12/2025","","","","8.390000000000001"
"JES-25-125","677510","196.725","198.25","1.53","1","","ALS","PIL-099","HE25388601 - Finalized","16/11/2025","Chips_QuarterSplit","12.68","Yuvitza.Davila","05/12/2025","","","","12.73"
"JES-25-125","677511","198.25","199.775","1.53","1","","ALS","PIL-099","HE25388601 - Finalized","16/11/2025","Chips_QuarterSplit","8.33","Yuvitza.Davila","05/12/2025","","","","8.359999999999999"
"JES-25-125","677512","199.775","201.3","1.53","1","","ALS","PIL-099","HE25388601 - Finalized","16/11/2025","Chips_QuarterSplit","11.7","Yuvitza.Davila","05/12/2025","","","","11.74"
"JES-25-125","677513","201.3","202.825","1.52","1","","ALS","PIL-099","HE25388601 - Finalized","16/11/2025","Chips_QuarterSplit","10.78","Yuvitza.Davila","05/12/2025","","","","10.84"
"JES-25-125","677514","202.825","204.35","1.53","1","","ALS","PIL-099","HE25388601 - Finalized","16/11/2025","Chips_QuarterSplit","10.455","Yuvitza.Davila","05/12/2025","","","","10.49"
"JES-25-125","677515","204.35","205.875","1.53","1","","ALS","PIL-099","HE25388601 - Finalized","16/11/2025","Chips_QuarterSplit","10.155","Yuvitza.Davila","05/12/2025","","","","10.26"
"JES-25-125","677516","205.875","207.4","1.53","1","","ALS","PIL-099","HE25388601 - Finalized","16/11/2025","Chips_QuarterSplit","10.145","Yuvitza.Davila","05/12/2025","","","","10.25"
"JES-25-125","677517","207.4","208.925","1.53","1","","ALS","PIL-099","HE25388601 - Finalized","16/11/2025","Chips_QuarterSplit","7.5","Yuvitza.Davila","05/12/2025","","","","7.56"
"JES-25-125","677518","208.925","210.45","1.52","1","","ALS","PIL-099","HE25388601 - Finalized","16/11/2025","Chips_QuarterSplit","10.215","Yuvitza.Davila","05/12/2025","","","","10.31"
"JES-25-125","677520","210.45","211.975","1.53","1","","ALS","PIL-099","HE25388601 - Finalized","16/11/2025","Chips_QuarterSplit","8.085","Yuvitza.Davila","05/12/2025","","","","8.16"
"JES-25-125","677521","211.975","213.5","1.53","1","","ALS","PIL-099","HE25388601 - Finalized","16/11/2025","Chips_QuarterSplit","11.34","Yuvitza.Davila","05/12/2025","","","","11.46"
"JES-25-125","677522","213.5","215.025","1.53","1","","ALS","PIL-099","HE25388601 - Finalized","16/11/2025","Chips_QuarterSplit","9.805","Yuvitza.Davila","05/12/2025","","","","9.890000000000001"
"JES-25-125","677523","215.025","216.55","1.53","1","","ALS","PIL-099","HE25388601 - Finalized","16/11/2025","Chips_QuarterSplit","11.95","Yuvitza.Davila","05/12/2025","","","","12.06"
"JES-25-125","677524","216.55","218.075","1.52","1","","ALS","PIL-099","HE25388601 - Finalized","16/11/2025","Chips_QuarterSplit","5.97","Yuvitza.Davila","05/12/2025","","","","6.02"
"JES-25-125","677525","218.075","219.6","1.53","1","","ALS","PIL-099","HE25388601 - Finalized","16/11/2025","Chips_QuarterSplit","11.565","Yuvitza.Davila","05/12/2025","","","","11.68"
"JES-25-125","677526","219.6","221.125","1.53","1","","ALS","PIL-099","HE25388601 - Finalized","16/11/2025","Chips_QuarterSplit","8.295","Yuvitza.Davila","05/12/2025","","","","8.369999999999999"
"JES-25-125","677527","221.125","222.65","1.53","1","","ALS","PIL-099","HE25388601 - Finalized","16/11/2025","Chips_QuarterSplit","11.8","Yuvitza.Davila","05/12/2025","","","","11.9"
"JES-25-125","677528","222.65","224.175","1.53","1","","ALS","PIL-099","HE25388601 - Finalized","16/11/2025","Chips_QuarterSplit","7.15","Yuvitza.Davila","05/12/2025","","","","7.21"
"JES-25-125","677529","224.175","225.7","1.52","1","","ALS","PIL-099","HE25388601 - Finalized","16/11/2025","Chips_QuarterSplit","10.81","Yuvitza.Davila","05/12/2025","","","","10.85"
"JES-25-125","677531","225.7","227.225","1.53","1","","ALS","PIL-099","HE25388601 - Finalized","16/11/2025","Chips_QuarterSplit","8.935","Yuvitza.Davila","05/12/2025","","","","8.949999999999999"
"JES-25-125","677532","227.225","228.75","1.53","1","","ALS","PIL-099","HE25388601 - Finalized","16/11/2025","Chips_QuarterSplit","11.025","Yuvitza.Davila","05/12/2025","","","","11.03"
"JES-25-125","677533","228.75","230.275","1.53","1","","ALS","PIL-099","HE25388601 - Finalized","16/11/2025","Chips_QuarterSplit","7.92","Yuvitza.Davila","05/12/2025","","","","7.94"
"JES-25-125","677534","230.275","231.8","1.53","1","","ALS","PIL-099","HE25388601 - Finalized","16/11/2025","Chips_QuarterSplit","11.645","Yuvitza.Davila","05/12/2025","","","","11.66"
"JES-25-125","677535","231.8","233.325","1.52","1","","ALS","PIL-099","HE25388601 - Finalized","16/11/2025","Chips_QuarterSplit","7.53","Yuvitza.Davila","05/12/2025","","","","7.55"
"JES-25-125","677536","233.325","234.85","1.53","1","","ALS","PIL-099","HE25388601 - Finalized","16/11/2025","Chips_QuarterSplit","12.49","Yuvitza.Davila","05/12/2025","","","","12.53"
"JES-25-125","677537","234.85","236.375","1.53","1","","ALS","PIL-099","HE25388601 - Finalized","16/11/2025","Chips_QuarterSplit","7.365","Yuvitza.Davila","05/12/2025","","","","7.38"
"JES-25-125","677538","236.375","237.9","1.53","1","","ALS","PIL-099","HE25388601 - Finalized","16/11/2025","Chips_QuarterSplit","10.435","Yuvitza.Davila","05/12/2025","","","","10.46"
"JES-25-125","677539","237.9","239.425","1.53","1","","ALS","PIL-099","HE25388601 - Finalized","16/11/2025","Chips_QuarterSplit","9.4","Yuvitza.Davila","05/12/2025","","","","9.44"
"JES-25-125","677540","239.425","240.95","1.52","1","","ALS","PIL-099","HE25388601 - Finalized","16/11/2025","Chips_QuarterSplit","10.035","Yuvitza.Davila","05/12/2025","","","","10.06"
"JES-25-125","677542","240.95","242.475","1.53","1","","ALS","PIL-099","HE25388601 - Finalized","16/11/2025","Chips_QuarterSplit","6.41","Yuvitza.Davila","05/12/2025","","","","6.42"
"JES-25-125","677543","242.475","244","1.53","1","","ALS","PIL-099","HE25388601 - Finalized","16/11/2025","Chips_QuarterSplit","12.9","Yuvitza.Davila","05/12/2025","","","","12.77"
"JES-25-125","677544","244","245.525","1.53","1","","ALS","PIL-099","HE25388601 - Finalized","16/11/2025","Chips_QuarterSplit","8.155","Yuvitza.Davila","05/12/2025","","","","8.140000000000001"
"JES-25-125","677545","245.525","247.05","1.53","1","","ALS","PIL-099","HE25388601 - Finalized","16/11/2025","Chips_QuarterSplit","10.6","Yuvitza.Davila","05/12/2025","","","","10.54"
"JES-25-125","677546","247.05","248.575","1.52","1","","ALS","PIL-099","HE25388601 - Finalized","16/11/2025","Chips_QuarterSplit","10.05","Yuvitza.Davila","05/12/2025","","","","9.98"
"JES-25-125","677547","248.575","250.1","1.53","1","","ALS","PIL-099","HE25388601 - Finalized","16/11/2025","Chips_QuarterSplit","10.47","Yuvitza.Davila","05/12/2025","","","","10.4"
"JES-25-125","677548","250.1","251.625","1.53","1","","ALS","PIL-099","HE25388601 - Finalized","16/11/2025","Chips_QuarterSplit","10.05","Yuvitza.Davila","05/12/2025","","","","10.03"
"JES-25-125","677549","251.625","253.15","1.53","1","","ALS","PIL-099","HE25388601 - Finalized","16/11/2025","Chips_QuarterSplit","10.22","Yuvitza.Davila","05/12/2025","","","","10.24"
"JES-25-125","677550","253.15","254.675","1.53","1","","ALS","PIL-099","HE25388601 - Finalized","16/11/2025","Chips_QuarterSplit","8.955","Yuvitza.Davila","05/12/2025","","","","8.98"
"JES-25-125","677551","254.675","256.2","1.52","1","","ALS","PIL-099","HE25388601 - Finalized","16/11/2025","Chips_QuarterSplit","10.985","Yuvitza.Davila","05/12/2025","","","","11.02"
"JES-25-125","677553","256.2","257.725","1.53","1","","ALS","PIL-099","HE25388601 - Finalized","16/11/2025","Chips_QuarterSplit","10.105","Yuvitza.Davila","05/12/2025","","","","10.15"
"JES-25-125","677554","257.725","259.25","1.52","1","","ALS","PIL-099","HE25388601 - Finalized","16/11/2025","Chips_QuarterSplit","10.44","Yuvitza.Davila","05/12/2025","","","","10.47"
"JES-25-125","677555","259.25","260.775","1.52","1","","ALS","PIL-099","HE25388601 - Finalized","16/11/2025","Chips_QuarterSplit","8.24","Yuvitza.Davila","05/12/2025","","","","8.039999999999999"
"JES-25-125","677556","260.775","262.3","1.53","1","","ALS","PIL-099","HE25388601 - Finalized","16/11/2025","Chips_QuarterSplit","11.965","Yuvitza.Davila","05/12/2025","","","","12.01"
"JES-25-125","677557","262.3","263.825","1.52","1","","ALS","PIL-099","HE25388601 - Finalized","16/11/2025","Chips_QuarterSplit","8.065","Yuvitza.Davila","05/12/2025","","","","8.09"
"JES-25-125","677558","263.825","265.35","1.53","1","","ALS","PIL-099","HE25388601 - Finalized","16/11/2025","Chips_QuarterSplit","11.705","Yuvitza.Davila","05/12/2025","","","","11.73"
"JES-25-125","677559","265.35","266.875","1.52","1","","ALS","PIL-099","HE25388601 - Finalized","16/11/2025","Chips_QuarterSplit","11.355","Yuvitza.Davila","05/12/2025","","","","11.39"
"JES-25-125","677560","266.875","268.4","1.52","1","","ALS","PIL-099","HE25388601 - Finalized","16/11/2025","Chips_QuarterSplit","12.575","Yuvitza.Davila","05/12/2025","","","","12.62"
"JES-25-125","677561","268.4","269.925","1.53","1","","ALS","PIL-099","HE25388601 - Finalized","16/11/2025","Chips_QuarterSplit","6.22","Yuvitza.Davila","05/12/2025","","","","6.22"
"JES-25-125","677562","269.925","271.45","1.52","1","","ALS","PIL-099","HE25388601 - Finalized","16/11/2025","Chips_QuarterSplit","14.015","Yuvitza.Davila","05/12/2025","","","","14.09"
"JES-25-125","677564","271.45","272.975","1.53","1","","ALS","PIL-099","HE25388601 - Finalized","16/11/2025","Chips_QuarterSplit","11.005","Yuvitza.Davila","05/12/2025","","","","11.04"
"JES-25-125","677565","272.975","274.5","1.52","1","","ALS","PIL-099","HE25388601 - Finalized","16/11/2025","Chips_QuarterSplit","12.465","Yuvitza.Davila","05/12/2025","","","","12.5"
"JES-25-125","677566","274.5","276.025","1.52","1","","ALS","PIL-099","HE25388601 - Finalized","16/11/2025","Chips_QuarterSplit","8.435","Yuvitza.Davila","05/12/2025","","","","8.460000000000001"
"JES-25-125","677567","276.025","277.55","1.53","1","","ALS","PIL-099","HE25388601 - Finalized","16/11/2025","Chips_QuarterSplit","11.625","Yuvitza.Davila","05/12/2025","","","","11.66"
"JES-25-125","677568","277.55","279.075","1.52","1","","ALS","PIL-099","HE25388601 - Finalized","16/11/2025","Chips_QuarterSplit","10.46","Yuvitza.Davila","05/12/2025","","","","10.48"
"JES-25-125","677569","279.075","280.6","1.53","1","","ALS","PIL-099","HE25388601 - Finalized","16/11/2025","Chips_QuarterSplit","10.99","Yuvitza.Davila","05/12/2025","","","","11.03"
"JES-25-125","677570","280.6","282.125","1.52","1","","ALS","PIL-099","HE25388601 - Finalized","16/11/2025","Chips_QuarterSplit","10.59","Yuvitza.Davila","05/12/2025","","","","10.62"
"JES-25-125","677571","282.125","283.65","1.52","1","","ALS","PIL-099","HE25388601 - Finalized","16/11/2025","Chips_QuarterSplit","11.395","Yuvitza.Davila","05/12/2025","","","","11.43"
"JES-25-125","677572","283.65","285.175","1.53","1","","ALS","PIL-099","HE25388601 - Finalized","16/11/2025","Chips_QuarterSplit","8.81","Yuvitza.Davila","05/12/2025","","","","8.82"
"JES-25-125","677573","285.175","286.7","1.52","1","","ALS","PIL-099","HE25388601 - Finalized","16/11/2025","Chips_QuarterSplit","9.005","Yuvitza.Davila","05/12/2025","","","","9.029999999999999"
"JES-25-125","677575","286.7","288.225","1.53","1","","ALS","PIL-099","HE25388601 - Finalized","16/11/2025","Chips_QuarterSplit","9.045","Yuvitza.Davila","05/12/2025","","","","9.07"
"JES-25-125","677576","288.225","289.75","1.52","1","","ALS","PIL-099","HE25388601 - Finalized","16/11/2025","Chips_QuarterSplit","9.735","Yuvitza.Davila","05/12/2025","","","","9.76"
"JES-25-125","677577","289.75","291.275","1.52","1","","ALS","PIL-099","HE25388601 - Finalized","16/11/2025","Chips_QuarterSplit","9.265","Yuvitza.Davila","05/12/2025","","","","9.300000000000001"
"JES-25-125","677578","291.275","292.8","1.53","1","","ALS","PIL-099","HE25388601 - Finalized","16/11/2025","Chips_QuarterSplit","10.93","Yuvitza.Davila","05/12/2025","","","","10.97"
"JES-25-125","677579","292.8","294.325","1.52","1","","ALS","PIL-099","HE25388601 - Finalized","16/11/2025","Chips_QuarterSplit","8.255","Yuvitza.Davila","05/12/2025","","","","8.27"
"JES-25-125","677580","294.325","295.85","1.53","1","","ALS","PIL-099","HE25388601 - Finalized","16/11/2025","Chips_QuarterSplit","11.94","Yuvitza.Davila","05/12/2025","","","","11.97"
"JES-25-125","677581","295.85","297.375","1.52","1","","ALS","PIL-099","HE25388601 - Finalized","16/11/2025","Chips_QuarterSplit","8.855","Yuvitza.Davila","05/12/2025","","","","8.869999999999999"
"JES-25-125","677582","297.375","298.9","1.52","1","","ALS","PIL-099","HE25388601 - Finalized","16/11/2025","Chips_QuarterSplit","11.38","Yuvitza.Davila","05/12/2025","","","","11.38"
"JES-25-125","677583","298.9","300.425","1.53","1","","ALS","PIL-099","HE25388601 - Finalized","16/11/2025","Chips_QuarterSplit","12.42","Yuvitza.Davila","05/12/2025","","","","12.45"
"JES-25-126","677589","0","1.525","1.53","1","","ALS","PIL-100","HE25388602 - Finalized","29/11/2025","Core_QuarterSplit","0.68","Yuvitza.Davila","29/11/2025","","","","0.66"
"JES-25-126","677590","1.525","3.05","1.53","1","","ALS","PIL-100","HE25388602 - Finalized","29/11/2025","Core_QuarterSplit","2.355","Yuvitza.Davila","29/11/2025","","","","2.34"
"JES-25-126","677591","3.05","4.575","1.53","1","","ALS","PIL-100","HE25388602 - Finalized","29/11/2025","Core_QuarterSplit","4.45","Yuvitza.Davila","29/11/2025","","","","4.45"
"JES-25-126","677592","4.575","6.1","1.53","1","","ALS","PIL-100","HE25388602 - Finalized","29/11/2025","Core_QuarterSplit","4.525","Yuvitza.Davila","29/11/2025","","","","4.53"
"JES-25-126","677593","6.1","7.625","1.53","1","","ALS","PIL-100","HE25388602 - Finalized","29/11/2025","Core_QuarterSplit","5.78","Yuvitza.Davila","29/11/2025","","","","5.8"
"JES-25-126","677594","7.625","9.15","1.53","1","","ALS","PIL-100","HE25388602 - Finalized","29/11/2025","Core_QuarterSplit","4.86","Yuvitza.Davila","29/11/2025","","","","4.88"
"JES-25-126","677595","9.15","10.675","1.53","1","","ALS","PIL-100","HE25388602 - Finalized","29/11/2025","Core_QuarterSplit","8870","Yuvitza.Davila","29/11/2025","","","","8.9"
"JES-25-126","677596","10.675","12.2","1.53","1","","ALS","PIL-100","HE25388602 - Finalized","29/11/2025","Core_QuarterSplit","10.735","Yuvitza.Davila","29/11/2025","","","","10.77"
"JES-25-126","677597","12.2","13.725","1.53","1","","ALS","PIL-100","HE25388602 - Finalized","29/11/2025","Core_QuarterSplit","8.46","Yuvitza.Davila","29/11/2025","","","","8.51"
"JES-25-126","677598","13.725","15.25","1.53","1","","ALS","PIL-100","HE25388602 - Finalized","29/11/2025","Core_QuarterSplit","7.53","Yuvitza.Davila","29/11/2025","","","","7.55"
"JES-25-126","677599","15.25","16.775","1.53","1","","ALS","PIL-100","HE25388602 - Finalized","29/11/2025","Core_QuarterSplit","10.26","Yuvitza.Davila","29/11/2025","","","","10.23"
"JES-25-126","677600","16.775","18.3","1.53","1","","ALS","PIL-100","HE25388602 - Finalized","29/11/2025","Core_QuarterSplit","7.95","Yuvitza.Davila","29/11/2025","","","","7.99"
"JES-25-126","677601","18.3","19.825","1.53","1","","ALS","PIL-100","HE25388602 - Finalized","29/11/2025","Core_QuarterSplit","10.87","Yuvitza.Davila","29/11/2025","","","","10.94"
"JES-25-126","677602","19.825","21.35","1.53","1","","ALS","PIL-100","HE25388602 - Finalized","29/11/2025","Core_QuarterSplit","9.455","Yuvitza.Davila","29/11/2025","","","","9.51"
"JES-25-126","677604","21.35","22.875","1.53","1","","ALS","PIL-100","HE25388602 - Finalized","29/11/2025","Core_QuarterSplit","10.115","Yuvitza.Davila","29/11/2025","","","","10.21"
"JES-25-126","677605","22.875","24.4","1.53","1","","ALS","PIL-100","HE25388602 - Finalized","29/11/2025","Core_QuarterSplit","11.2","Yuvitza.Davila","29/11/2025","","","","10.3"
"JES-25-126","677606","24.4","25.925","1.53","1","","ALS","PIL-100","HE25388602 - Finalized","29/11/2025","Core_QuarterSplit","11.22","Yuvitza.Davila","29/11/2025","","","","11.27"
"JES-25-126","677607","25.925","27.45","1.53","1","","ALS","PIL-100","HE25388602 - Finalized","29/11/2025","Core_QuarterSplit","9.475","Yuvitza.Davila","29/11/2025","","","","9.52"
"JES-25-126","677608","27.45","28.975","1.53","1","","ALS","PIL-100","HE25388602 - Finalized","29/11/2025","Core_QuarterSplit","10.99","Yuvitza.Davila","29/11/2025","","","","11.03"
"JES-25-126","677609","28.975","30.5","1.53","1","","ALS","PIL-100","HE25388602 - Finalized","29/11/2025","Core_QuarterSplit","9.95","Yuvitza.Davila","29/11/2025","","","","10.01"
"JES-25-126","677610","30.5","32.025","1.53","1","","ALS","PIL-100","HE25388602 - Finalized","29/11/2025","Core_QuarterSplit","11.44","Yuvitza.Davila","29/11/2025","","","","11.49"
"JES-25-126","677611","32.025","33.55","1.53","1","","ALS","PIL-100","HE25388602 - Finalized","29/11/2025","Core_QuarterSplit","11.12","Yuvitza.Davila","29/11/2025","","","","11.15"
"JES-25-126","677612","33.55","35.075","1.53","1","","ALS","PIL-100","HE25388602 - Finalized","29/11/2025","Core_QuarterSplit","11.045","Yuvitza.Davila","29/11/2025","","","","11.03"
"JES-25-126","677613","35.075","36.6","1.53","1","","ALS","PIL-100","HE25388602 - Finalized","29/11/2025","Core_QuarterSplit","9.245","Yuvitza.Davila","29/11/2025","","","","9.27"
"JES-25-126","677614","36.6","38.125","1.53","1","","ALS","PIL-100","HE25388602 - Finalized","29/11/2025","Core_QuarterSplit","10.9","Yuvitza.Davila","29/11/2025","","","","10.93"
"JES-25-126","677615","38.125","39.65","1.53","1","","ALS","PIL-100","HE25388602 - Finalized","29/11/2025","Core_QuarterSplit","9.4","Yuvitza.Davila","29/11/2025","","","","9.380000000000001"
"JES-25-126","677616","39.65","41.175","1.53","1","","ALS","PIL-100","HE25388602 - Finalized","29/11/2025","Core_QuarterSplit","10.57","Yuvitza.Davila","29/11/2025","","","","10.53"
"JES-25-126","677617","41.175","42.7","1.53","1","","ALS","PIL-100","HE25388602 - Finalized","29/11/2025","Core_QuarterSplit","9.28","Yuvitza.Davila","29/11/2025","","","","9.289999999999999"
"JES-25-126","677618","42.7","44.225","1.53","1","","ALS","PIL-100","HE25388602 - Finalized","29/11/2025","Core_QuarterSplit","11.075","Yuvitza.Davila","29/11/2025","","","","11.07"
"JES-25-126","677619","44.225","45.75","1.53","1","","ALS","PIL-100","HE25388602 - Finalized","29/11/2025","Core_QuarterSplit","8.99","Yuvitza.Davila","29/11/2025","","","","8.99"
"JES-25-126","677620","45.75","47.275","1.53","1","","ALS","PIL-100","HE25388602 - Finalized","29/11/2025","Core_QuarterSplit","9.375","Yuvitza.Davila","29/11/2025","","","","9.380000000000001"
"JES-25-126","677621","47.275","48.8","1.53","1","","ALS","PIL-100","HE25388602 - Finalized","29/11/2025","Core_QuarterSplit","9.83","Yuvitza.Davila","29/11/2025","","","","9.789999999999999"
"JES-25-126","677622","48.8","50.325","1.53","1","","ALS","PIL-100","HE25388602 - Finalized","29/11/2025","Core_QuarterSplit","11.145","Yuvitza.Davila","29/11/2025","","","","11.12"
"JES-25-126","677624","50.325","51.85","1.53","1","","ALS","PIL-100","HE25388602 - Finalized","29/11/2025","Core_QuarterSplit","7.36","Yuvitza.Davila","29/11/2025","","","","7.35"
"JES-25-126","677625","51.85","53.375","1.53","1","","ALS","PIL-100","HE25388602 - Finalized","29/11/2025","Core_QuarterSplit","11.13","Yuvitza.Davila","29/11/2025","","","","11.11"
"JES-25-126","677626","53.375","54.9","1.53","1","","ALS","PIL-100","HE25388602 - Finalized","29/11/2025","Core_QuarterSplit","6.54","Yuvitza.Davila","29/11/2025","","","","6.42"
"JES-25-126","677627","54.9","56.425","1.53","1","","ALS","PIL-100","HE25388602 - Finalized","29/11/2025","Core_QuarterSplit","12.1","Yuvitza.Davila","29/11/2025","","","","12.14"
"JES-25-126","677628","56.425","57.95","1.53","1","","ALS","PIL-100","HE25388602 - Finalized","29/11/2025","Core_QuarterSplit","10.395","Yuvitza.Davila","29/11/2025","","","","10.44"
"JES-25-126","677629","57.95","59.475","1.53","1","","ALS","PIL-100","HE25388602 - Finalized","29/11/2025","Core_QuarterSplit","11.415","Yuvitza.Davila","29/11/2025","","","","11.49"
"JES-25-126","677630","59.475","61","1.53","1","","ALS","PIL-100","HE25388602 - Finalized","29/11/2025","Core_QuarterSplit","10.555","Yuvitza.Davila","29/11/2025","","","","10.61"
"JES-25-126","677631","61","62.525","1.53","1","","ALS","PIL-100","HE25388602 - Finalized","29/11/2025","Core_QuarterSplit","11.21","Yuvitza.Davila","29/11/2025","","","","11.24"
"JES-25-126","677632","62.525","64.05","1.53","1","","ALS","PIL-100","HE25388602 - Finalized","29/11/2025","Core_QuarterSplit","10.23","Yuvitza.Davila","29/11/2025","","","","10.26"
"JES-25-126","677633","64.05","65.575","1.53","1","","ALS","PIL-100","HE25388602 - Finalized","29/11/2025","Core_QuarterSplit","9.52","Yuvitza.Davila","29/11/2025","","","","9.550000000000001"
"JES-25-126","677634","65.575","67.1","1.52","1","","ALS","PIL-100","HE25388602 - Finalized","29/11/2025","Core_QuarterSplit","10.155","Yuvitza.Davila","29/11/2025","","","","10.19"
"JES-25-126","677635","67.1","68.625","1.53","1","","ALS","PIL-100","HE25388602 - Finalized","29/11/2025","Core_QuarterSplit","8.58","Yuvitza.Davila","29/11/2025","","","","8.6"
"JES-25-126","677636","68.625","70.15","1.53","1","","ALS","PIL-100","HE25388602 - Finalized","29/11/2025","Core_QuarterSplit","7.86","Yuvitza.Davila","29/11/2025","","","","7.89"
"JES-25-126","677637","70.15","71.675","1.52","1","","ALS","PIL-100","HE25388602 - Finalized","29/11/2025","Core_QuarterSplit","10.79","Yuvitza.Davila","29/11/2025","","","","10.82"
"JES-25-126","677638","71.675","73.2","1.53","1","","ALS","PIL-100","HE25388602 - Finalized","29/11/2025","Core_QuarterSplit","9.89","Yuvitza.Davila","29/11/2025","","","","9.92"
"JES-25-126","677639","73.2","74.725","1.52","1","","ALS","PIL-100","HE25388602 - Finalized","29/11/2025","Core_QuarterSplit","8.78","Yuvitza.Davila","29/11/2025","","","","8.81"
"JES-25-126","677640","74.725","76.25","1.53","1","","ALS","PIL-100","HE25388602 - Finalized","29/11/2025","Core_QuarterSplit","8.075","Yuvitza.Davila","29/11/2025","","","","8.09"
"JES-25-126","677643","76.25","77.775","1.53","1","","ALS","PIL-100","HE25388602 - Finalized","29/11/2025","Core_QuarterSplit","9.6","Yuvitza.Davila","29/11/2025","","","","9.630000000000001"
"JES-25-126","677644","77.775","79.3","1.52","1","","ALS","PIL-100","HE25388602 - Finalized","29/11/2025","Core_QuarterSplit","8.545","Yuvitza.Davila","29/11/2025","","","","8.57"
"JES-25-126","677645","79.3","80.825","1.53","1","","ALS","PIL-100","HE25388602 - Finalized","29/11/2025","Core_QuarterSplit","10.77","Yuvitza.Davila","29/11/2025","","","","10.82"
"JES-25-126","677646","80.825","82.35","1.52","1","","ALS","PIL-100","HE25388602 - Finalized","29/11/2025","Core_QuarterSplit","7.5","Yuvitza.Davila","29/11/2025","","","","7.52"
"JES-25-126","677647","82.35","83.875","1.53","1","","ALS","PIL-100","HE25388602 - Finalized","29/11/2025","Core_QuarterSplit","9.605","Yuvitza.Davila","29/11/2025","","","","9.550000000000001"
"JES-25-126","677648","83.875","85.4","1.53","1","","ALS","PIL-100","HE25388602 - Finalized","29/11/2025","Core_QuarterSplit","7.87","Yuvitza.Davila","29/11/2025","","","","7.87"
"JES-25-126","677649","85.4","86.925","1.52","1","","ALS","PIL-100","HE25388602 - Finalized","29/11/2025","Core_QuarterSplit","8.505","Yuvitza.Davila","29/11/2025","","","","8.51"
"JES-25-126","677650","86.925","88.45","1.53","1","","ALS","PIL-100","HE25388602 - Finalized","29/11/2025","Core_QuarterSplit","8.42","Yuvitza.Davila","29/11/2025","","","","8.19"
"JES-25-126","677651","88.45","89.975","1.52","1","","ALS","PIL-100","HE25388602 - Finalized","29/11/2025","Core_QuarterSplit","9.015","Yuvitza.Davila","29/11/2025","","","","9.01"
"JES-25-126","677652","89.975","91.5","1.53","1","","ALS","PIL-100","HE25388602 - Finalized","29/11/2025","Core_QuarterSplit","7.87","Yuvitza.Davila","29/11/2025","","","","7.78"
"JES-25-126","677654","91.5","93.025","1.53","1","","ALS","PIL-100","HE25388602 - Finalized","29/11/2025","Core_QuarterSplit","9.49","Yuvitza.Davila","29/11/2025","","","","9.460000000000001"
"JES-25-126","677655","93.025","94.55","1.52","1","","ALS","PIL-100","HE25388602 - Finalized","29/11/2025","Core_QuarterSplit","8.765","Yuvitza.Davila","29/11/2025","","","","8.779999999999999"
"JES-25-126","677656","94.55","96.075","1.53","1","","ALS","PIL-100","HE25388602 - Finalized","29/11/2025","Core_QuarterSplit","8.825","Yuvitza.Davila","29/11/2025","","","","8.789999999999999"
"JES-25-126","677657","96.075","97.6","1.52","1","","ALS","PIL-100","HE25388602 - Finalized","29/11/2025","Core_QuarterSplit","8.69","Yuvitza.Davila","29/11/2025","","","","8.94"
"JES-25-126","677658","97.6","99.125","1.53","1","","ALS","PIL-100","HE25388602 - Finalized","29/11/2025","Core_QuarterSplit","8.69","Yuvitza.Davila","29/11/2025","","","","8.65"
"JES-25-126","677659","99.125","100.65","1.53","1","","ALS","PIL-100","HE25388602 - Finalized","29/11/2025","Core_QuarterSplit","13.88","Yuvitza.Davila","29/11/2025","","","","13.88"
"JES-25-126","677660","100.65","102.175","1.52","1","","ALS","PIL-100","HE25388602 - Finalized","29/11/2025","Core_QuarterSplit","6.38","Yuvitza.Davila","29/11/2025","","","","6.46"
"JES-25-126","677661","102.175","103.7","1.53","1","","ALS","PIL-100","HE25388602 - Finalized","29/11/2025","Core_QuarterSplit","9.59","Yuvitza.Davila","29/11/2025","","","","9.539999999999999"
"JES-25-126","677662","103.7","105.225","1.52","1","","ALS","PIL-100","HE25388602 - Finalized","29/11/2025","Core_QuarterSplit","10.33","Yuvitza.Davila","29/11/2025","","","","10.19"
"JES-25-126","677663","105.225","106.75","1.53","1","","ALS","PIL-100","HE25388602 - Finalized","29/11/2025","Core_QuarterSplit","9.25","Yuvitza.Davila","29/11/2025","","","","9.199999999999999"
"JES-25-126","677665","106.75","108.275","1.53","1","","ALS","PIL-100","HE25388602 - Finalized","29/11/2025","Core_QuarterSplit","9.985","Yuvitza.Davila","29/11/2025","","","","9.99"
"JES-25-126","677666","108.275","109.8","1.52","1","","ALS","PIL-100","HE25388602 - Finalized","29/11/2025","Core_QuarterSplit","9.335","Yuvitza.Davila","29/11/2025","","","","9.34"
"JES-25-126","677667","109.8","111.325","1.53","1","","ALS","PIL-100","HE25388602 - Finalized","29/11/2025","Core_QuarterSplit","9.755","Yuvitza.Davila","29/11/2025","","","","9.779999999999999"
"JES-25-126","677668","111.325","112.85","1.52","1","","ALS","PIL-100","HE25388602 - Finalized","29/11/2025","Core_QuarterSplit","8.7","Yuvitza.Davila","29/11/2025","","","","8.73"
"JES-25-126","677669","112.85","114.375","1.53","1","","ALS","PIL-100","HE25388602 - Finalized","29/11/2025","Core_QuarterSplit","9.54","Yuvitza.Davila","29/11/2025","","","","9.59"
"JES-25-126","677670","114.375","115.9","1.53","1","","ALS","PIL-100","HE25388602 - Finalized","29/11/2025","Core_QuarterSplit","8.745","Yuvitza.Davila","29/11/2025","","","","8.77"
"JES-25-126","677671","115.9","117.425","1.52","1","","ALS","PIL-100","HE25388602 - Finalized","29/11/2025","Core_QuarterSplit","8.925","Yuvitza.Davila","29/11/2025","","","","8.949999999999999"
"JES-25-126","677672","117.425","118.95","1.53","1","","ALS","PIL-100","HE25388602 - Finalized","29/11/2025","Core_QuarterSplit","9.135","Yuvitza.Davila","29/11/2025","","","","9.16"
"JES-25-126","677673","118.95","120.475","1.52","1","","ALS","PIL-100","HE25388602 - Finalized","29/11/2025","Core_QuarterSplit","9.945","Yuvitza.Davila","29/11/2025","","","","9.98"
"JES-25-126","677674","120.475","122","1.53","1","","ALS","PIL-100","HE25388602 - Finalized","29/11/2025","Core_QuarterSplit","9.27","Yuvitza.Davila","29/11/2025","","","","9.31"
"JES-25-126","677675","122","123.525","1.53","1","","ALS","PIL-100","HE25388602 - Finalized","29/11/2025","Core_QuarterSplit","9.205","Yuvitza.Davila","29/11/2025","","","","9.23"
"JES-25-126","677677","123.525","125.05","1.52","1","","ALS","PIL-100","HE25388602 - Finalized","29/11/2025","Core_QuarterSplit","9.605","Yuvitza.Davila","29/11/2025","","","","9.640000000000001"
"JES-25-126","677678","125.05","126.575","1.53","1","","ALS","PIL-100","HE25388602 - Finalized","29/11/2025","Core_QuarterSplit","9.025","Yuvitza.Davila","29/11/2025","","","","9.050000000000001"
"JES-25-126","677679","126.575","128.1","1.52","1","","ALS","PIL-100","HE25388602 - Finalized","29/11/2025","Core_QuarterSplit","8.16","Yuvitza.Davila","29/11/2025","","","","8.19"
"JES-25-126","677680","128.1","129.625","1.53","1","","ALS","PIL-100","HE25388602 - Finalized","29/11/2025","Core_QuarterSplit","8.415","Yuvitza.Davila","29/11/2025","","","","8.43"
"JES-25-126","677681","129.625","131.15","1.53","1","","ALS","PIL-100","HE25388602 - Finalized","29/11/2025","Core_QuarterSplit","6.155","Yuvitza.Davila","29/11/2025","","","","6.17"
"JES-25-126","677682","131.15","132.675","1.53","1","","ALS","PIL-100","HE25388602 - Finalized","29/11/2025","Core_QuarterSplit","13.025","Yuvitza.Davila","29/11/2025","","","","13.07"
"JES-25-126","677683","132.675","134.2","1.52","1","","ALS","PIL-100","HE25388602 - Finalized","29/11/2025","Core_QuarterSplit","9.425","Yuvitza.Davila","29/11/2025","","","","9.460000000000001"
"JES-25-126","677684","134.2","135.725","1.53","1","","ALS","PIL-100","HE25388602 - Finalized","29/11/2025","Core_QuarterSplit","10.655","Yuvitza.Davila","29/11/2025","","","","10.69"
"JES-25-126","677685","135.725","137.25","1.53","1","","ALS","PIL-100","HE25388602 - Finalized","29/11/2025","Core_QuarterSplit","8.93","Yuvitza.Davila","29/11/2025","","","","8.970000000000001"
"JES-25-126","677686","137.25","138.755","1.51","1","","ALS","PIL-100","HE25388602 - Finalized","29/11/2025","Core_QuarterSplit","11.645","Yuvitza.Davila","29/11/2025","","","","11.68"
"JES-25-126","677688","138.755","140.3","1.55","1","","ALS","PIL-100","HE25388602 - Finalized","29/11/2025","Core_QuarterSplit","7.16","Yuvitza.Davila","29/11/2025","","","","7.18"
"JES-25-126","677689","140.3","141.825","1.52","1","","ALS","PIL-100","HE25388602 - Finalized","29/11/2025","Core_QuarterSplit","11.595","Yuvitza.Davila","29/11/2025","","","","11.64"
"JES-25-126","677690","141.825","143.35","1.53","1","","ALS","PIL-100","HE25388602 - Finalized","29/11/2025","Core_QuarterSplit","7.485","Yuvitza.Davila","29/11/2025","","","","7.5"
"JES-25-126","677691","143.35","144.875","1.53","1","","ALS","PIL-100","HE25388602 - Finalized","29/11/2025","Core_QuarterSplit","11.355","Yuvitza.Davila","29/11/2025","","","","11.42"
"JES-25-126","677692","144.875","146.4","1.53","1","","ALS","PIL-100","HE25388602 - Finalized","29/11/2025","Core_QuarterSplit","6.185","Yuvitza.Davila","29/11/2025","","","","6.21"
"JES-25-126","677693","146.4","147.925","1.53","1","","ALS","PIL-100","HE25388602 - Finalized","29/11/2025","Core_QuarterSplit","9.96","Yuvitza.Davila","29/11/2025","","","","10.01"
"JES-25-126","677694","147.925","149.45","1.52","1","","ALS","PIL-100","HE25388602 - Finalized","29/11/2025","Core_QuarterSplit","9.015","Yuvitza.Davila","29/11/2025","","","","9.050000000000001"
"JES-25-126","677695","149.45","150.975","1.53","1","","ALS","PIL-100","HE25388602 - Finalized","29/11/2025","Core_QuarterSplit","11.3","Yuvitza.Davila","29/11/2025","","","","11.35"
"JES-25-126","677696","150.975","152.5","1.53","1","","ALS","PIL-100","HE25388602 - Finalized","29/11/2025","Core_QuarterSplit","10.055","Yuvitza.Davila","29/11/2025","","","","10.1"
"JES-25-126","677697","152.5","154.025","1.53","1","","ALS","PIL-100","HE25388602 - Finalized","29/11/2025","Core_QuarterSplit","10","Yuvitza.Davila","29/11/2025","","","","10.04"
"JES-25-126","677699","154.025","155.55","1.53","1","","ALS","PIL-100","HE25388602 - Finalized","29/11/2025","Core_QuarterSplit","9.51","Yuvitza.Davila","29/11/2025","","","","9.539999999999999"
"JES-25-126","677700","155.55","157.075","1.52","1","","ALS","PIL-100","HE25388602 - Finalized","29/11/2025","Core_QuarterSplit","9.475","Yuvitza.Davila","29/11/2025","","","","9.5"
"JES-25-126","677701","157.075","158.6","1.53","1","","ALS","PIL-100","HE25388602 - Finalized","04/12/2025","Core_QuarterSawn","11.16","Yuvitza.Davila","22/11/2025","","","","11.2"
"JES-25-126","677702","158.6","160.125","1.53","1","","ALS","PIL-100","HE25388602 - Finalized","04/12/2025","Core_QuarterSawn","10.5","Yuvitza.Davila","22/11/2025","","","","10.54"
"JES-25-126","677703","160.125","161.65","1.53","1","","ALS","PIL-100","HE25388602 - Finalized","04/12/2025","Core_QuarterSawn","8.145","Yuvitza.Davila","22/11/2025","","","","8.16"
"JES-25-126","677704","161.65","163.175","1.53","1","","ALS","PIL-100","HE25388602 - Finalized","04/12/2025","Core_QuarterSawn","13.69","Yuvitza.Davila","22/11/2025","","","","13.75"
"JES-25-126","677705","163.175","164.7","1.52","1","","ALS","PIL-100","HE25388602 - Finalized","04/12/2025","Core_QuarterSawn","10.52","Yuvitza.Davila","22/11/2025","","","","10.59"
"JES-25-126","677706","164.7","166.225","1.53","1","","ALS","PIL-100","HE25388602 - Finalized","04/12/2025","Core_QuarterSawn","11.655","Yuvitza.Davila","22/11/2025","","","","11.72"
"JES-25-126","677707","166.225","167.75","1.53","1","","ALS","PIL-100","HE25388602 - Finalized","04/12/2025","Core_QuarterSawn","12.91","Yuvitza.Davila","22/11/2025","","","","12.97"
"JES-25-126","677708","167.75","169.275","1.53","1","","ALS","PIL-100","HE25388602 - Finalized","04/12/2025","Core_QuarterSawn","11.885","Yuvitza.Davila","22/11/2025","","","","11.94"
"JES-25-126","677710","169.275","170.8","1.53","1","","ALS","PIL-100","HE25388602 - Finalized","04/12/2025","Core_QuarterSawn","11.37","Yuvitza.Davila","22/11/2025","","","","11.53"
"JES-25-126","677711","170.8","172.325","1.52","1","","ALS","PIL-100","HE25388602 - Finalized","04/12/2025","Core_QuarterSawn","14.53","Yuvitza.Davila","22/11/2025","","","","14.6"
"JES-25-126","677712","172.325","173.85","1.53","1","","ALS","PIL-100","HE25388602 - Finalized","04/12/2025","Core_QuarterSawn","10.085","Yuvitza.Davila","22/11/2025","","","","10.12"
"JES-25-126","677713","173.85","175.375","1.53","1","","ALS","PIL-100","HE25388602 - Finalized","04/12/2025","Core_QuarterSawn","11.905","Yuvitza.Davila","22/11/2025","","","","11.94"
"JES-25-126","677714","175.375","176.9","1.53","1","","ALS","PIL-100","HE25388602 - Finalized","04/12/2025","Core_QuarterSawn","9","Yuvitza.Davila","22/11/2025","","","","9.029999999999999"
"JES-25-126","677715","176.9","178.425","1.53","1","","ALS","PIL-100","HE25388602 - Finalized","04/12/2025","Core_QuarterSawn","12.07","Yuvitza.Davila","22/11/2025","","","","12.13"
"JES-25-126","677716","178.425","179.95","1.52","1","","ALS","PIL-100","HE25388602 - Finalized","04/12/2025","Core_QuarterSawn","11.255","Yuvitza.Davila","22/11/2025","","","","11.3"
"JES-25-126","677717","179.95","181.475","1.53","1","","ALS","PIL-100","HE25388602 - Finalized","04/12/2025","Core_QuarterSawn","10.61","Yuvitza.Davila","22/11/2025","","","","10.65"
"JES-25-126","677718","181.475","183","1.53","1","","ALS","PIL-100","HE25388602 - Finalized","04/12/2025","Core_QuarterSawn","8.37","Yuvitza.Davila","22/11/2025","","","","8.4"
"JES-25-126","677719","183","184.525","1.53","1","","ALS","PIL-100","HE25388602 - Finalized","04/12/2025","Core_QuarterSawn","12.365","Yuvitza.Davila","22/11/2025","","","","12.41"
"JES-25-126","677721","184.525","186.05","1.53","1","","ALS","PIL-100","HE25388602 - Finalized","04/12/2025","Core_QuarterSawn","10.9","Yuvitza.Davila","22/11/2025","","","","10.93"
"JES-25-126","677722","186.05","187.575","1.52","1","","ALS","PIL-100","HE25388602 - Finalized","04/12/2025","Core_QuarterSawn","12.42","Yuvitza.Davila","22/11/2025","","","","12.47"
"JES-25-126","677723","187.575","189.1","1.53","1","","ALS","PIL-100","HE25388602 - Finalized","04/12/2025","Core_QuarterSawn","11.915","Yuvitza.Davila","22/11/2025","","","","11.95"
"JES-25-126","677724","189.1","190.625","1.53","1","","ALS","PIL-100","HE25388602 - Finalized","04/12/2025","Core_QuarterSawn","11.17","Yuvitza.Davila","22/11/2025","","","","11.21"
"JES-25-126","677725","190.625","192.15","1.53","1","","ALS","PIL-100","HE25388602 - Finalized","04/12/2025","Core_QuarterSawn","13.335","Yuvitza.Davila","22/11/2025","","","","13.39"
"JES-25-126","677726","192.15","193.675","1.53","1","","ALS","PIL-100","HE25388602 - Finalized","04/12/2025","Core_QuarterSawn","12.06","Yuvitza.Davila","22/11/2025","","","","12.11"
"JES-25-126","677727","193.675","195.2","1.52","1","","ALS","PIL-100","HE25388602 - Finalized","04/12/2025","Core_QuarterSawn","7.855","Yuvitza.Davila","22/11/2025","","","","7.87"
"JES-25-126","677728","195.2","196.725","1.53","1","","ALS","PIL-100","HE25388602 - Finalized","04/12/2025","Core_QuarterSawn","12.14","Yuvitza.Davila","22/11/2025","","","","12.19"
"JES-25-126","677729","196.725","198.25","1.53","1","","ALS","PIL-100","HE25388602 - Finalized","04/12/2025","Core_QuarterSawn","6.76","Yuvitza.Davila","22/11/2025","","","","10.8"
"JES-25-126","677730","198.25","199.775","1.53","1","","ALS","PIL-100","HE25388602 - Finalized","04/12/2025","Core_QuarterSawn","11.19","Yuvitza.Davila","22/11/2025","","","","11.24"
"JES-25-126","677732","199.775","201.3","1.53","1","","ALS","PIL-100","HE25388602 - Finalized","04/12/2025","Core_QuarterSawn","7.34","Yuvitza.Davila","22/11/2025","","","","7.35"
"JES-25-126","677733","201.3","202.825","1.52","1","","ALS","PIL-100","HE25388602 - Finalized","04/12/2025","Core_QuarterSawn","10.99","Yuvitza.Davila","22/11/2025","","","","11.03"
"JES-25-126","677734","202.825","204.35","1.53","1","","ALS","PIL-100","HE25388602 - Finalized","04/12/2025","Core_QuarterSawn","7.78","Yuvitza.Davila","22/11/2025","","","","7.8"
"JES-25-126","677735","204.35","205.875","1.53","1","","ALS","PIL-100","HE25388602 - Finalized","04/12/2025","Core_QuarterSawn","12.345","Yuvitza.Davila","22/11/2025","","","","12.41"
"JES-25-126","677736","205.875","207.4","1.53","1","","ALS","PIL-100","HE25388602 - Finalized","04/12/2025","Core_QuarterSawn","10.78","Yuvitza.Davila","22/11/2025","","","","10.82"
"JES-25-126","677737","207.4","208.825","1.42","1","","ALS","PIL-100","HE25388602 - Finalized","04/12/2025","Core_QuarterSawn","12.98","Yuvitza.Davila","22/11/2025","","","","13.03"
"JES-25-126","677738","208.825","210.45","1.63","1","","ALS","PIL-100","HE25388602 - Finalized","04/12/2025","Core_QuarterSawn","10.58","Yuvitza.Davila","22/11/2025","","","","10.63"
"JES-25-126","677739","210.45","211.975","1.53","1","","ALS","PIL-100","HE25388602 - Finalized","04/12/2025","Core_QuarterSawn","13.745","Yuvitza.Davila","22/11/2025","","","","13.83"
"JES-25-126","677741","211.975","213.5","1.53","1","","ALS","PIL-100","HE25388602 - Finalized","04/12/2025","Core_QuarterSawn","10.535","Yuvitza.Davila","22/11/2025","","","","10.58"
"JES-25-126","677742","213.5","215.025","1.53","1","","ALS","PIL-100","HE25388602 - Finalized","04/12/2025","Core_QuarterSawn","13.68","Yuvitza.Davila","22/11/2025","","","","13.75"
"JES-25-126","677743","215.025","216.55","1.53","1","","ALS","PIL-100","HE25388602 - Finalized","04/12/2025","Core_QuarterSawn","7.505","Yuvitza.Davila","23/11/2025","","","","7.54"
"JES-25-126","677744","216.55","218.075","1.52","1","","ALS","PIL-100","HE25388602 - Finalized","04/12/2025","Core_QuarterSawn","12.94","Yuvitza.Davila","23/11/2025","","","","13.01"
"JES-25-126","677745","218.075","219.6","1.53","1","","ALS","PIL-100","HE25388602 - Finalized","04/12/2025","Core_QuarterSawn","9.605","Yuvitza.Davila","23/11/2025","","","","9.619999999999999"
"JES-25-126","677746","219.6","221.125","1.53","1","","ALS","PIL-100","HE25388602 - Finalized","04/12/2025","Core_QuarterSawn","13.33","Yuvitza.Davila","23/11/2025","","","","13.41"
"JES-25-126","677747","221.125","222.65","1.53","1","","ALS","PIL-100","HE25388602 - Finalized","04/12/2025","Core_QuarterSawn","9.24","Yuvitza.Davila","23/11/2025","","","","9.300000000000001"
"JES-25-126","677748","222.65","224.175","1.53","1","","ALS","PIL-100","HE25388602 - Finalized","04/12/2025","Core_QuarterSawn","13.86","Yuvitza.Davila","23/11/2025","","","","13.92"
"JES-25-126","677749","224.175","225.7","1.52","1","","ALS","PIL-100","HE25388602 - Finalized","04/12/2025","Core_QuarterSawn","11.46","Yuvitza.Davila","23/11/2025","","","","11.5"
"JES-25-126","677750","225.7","227.225","1.53","1","","ALS","PIL-100","HE25388602 - Finalized","04/12/2025","Core_QuarterSawn","10.78","Yuvitza.Davila","23/11/2025","","","","10.83"
"JES-25-126","677752","227.225","228.75","1.53","1","","ALS","PIL-100","HE25388602 - Finalized","04/12/2025","Core_QuarterSawn","9.985","Yuvitza.Davila","23/11/2025","","","","10.03"
"JES-25-126","677753","228.75","230.275","1.53","1","","ALS","PIL-100","HE25388602 - Finalized","04/12/2025","Core_QuarterSawn","10.31","Yuvitza.Davila","23/11/2025","","","","10.35"
"JES-25-126","677754","230.275","231.8","1.53","1","","ALS","PIL-100","HE25388602 - Finalized","04/12/2025","Core_QuarterSawn","10.67","Yuvitza.Davila","23/11/2025","","","","10.71"
"JES-25-126","677755","231.8","233.325","1.52","1","","ALS","PIL-100","HE25388602 - Finalized","04/12/2025","Core_QuarterSawn","12.545","Yuvitza.Davila","23/11/2025","","","","12.58"
"JES-25-126","677756","233.325","234.85","1.53","1","","ALS","PIL-100","HE25388602 - Finalized","04/12/2025","Core_QuarterSawn","9.24","Yuvitza.Davila","23/11/2025","","","","9.289999999999999"
"JES-25-126","677757","234.85","236.375","1.53","1","","ALS","PIL-100","HE25388602 - Finalized","04/12/2025","Core_QuarterSawn","11.25","Yuvitza.Davila","23/11/2025","","","","11.31"
"JES-25-126","677758","236.375","237.9","1.53","1","","ALS","PIL-100","HE25388602 - Finalized","04/12/2025","Core_QuarterSawn","10.33","Yuvitza.Davila","23/11/2025","","","","10.38"
"JES-25-126","677759","237.9","239.425","1.53","1","","ALS","PIL-100","HE25388602 - Finalized","04/12/2025","Core_QuarterSawn","12.93","Yuvitza.Davila","23/11/2025","","","","12.99"
"JES-25-126","677760","239.425","240.95","1.52","1","","ALS","PIL-100","HE25388602 - Finalized","04/12/2025","Core_QuarterSawn","9.53","Yuvitza.Davila","23/11/2025","","","","9.56"
"JES-25-126","677761","240.95","242.475","1.53","1","","ALS","PIL-100","HE25388602 - Finalized","04/12/2025","Core_QuarterSawn","11.735","Yuvitza.Davila","23/11/2025","","","","11.81"
"JES-25-126","677763","242.475","244","1.53","1","","ALS","PIL-100","HE25388602 - Finalized","04/12/2025","Core_QuarterSawn","10.975","Yuvitza.Davila","23/11/2025","","","","11.04"
"JES-25-126","677764","244","245.525","1.53","1","","ALS","PIL-100","HE25388602 - Finalized","04/12/2025","Core_QuarterSawn","11.09","Yuvitza.Davila","23/11/2025","","","","11.13"
"JES-25-126","677765","245.525","247.05","1.53","1","","ALS","PIL-100","HE25388602 - Finalized","04/12/2025","Core_QuarterSawn","11.525","Yuvitza.Davila","23/11/2025","","","","11.58"
"JES-25-126","677766","247.05","248.575","1.52","1","","ALS","PIL-100","HE25388602 - Finalized","04/12/2025","Core_QuarterSawn","12.246","Yuvitza.Davila","23/11/2025","","","","12.31"
"JES-25-126","677767","248.575","250.1","1.53","1","","ALS","PIL-100","HE25388602 - Finalized","04/12/2025","Core_QuarterSawn","9.275","Yuvitza.Davila","23/11/2025","","","","9.31"
"JES-25-126","677768","250.1","251.625","1.53","1","","ALS","PIL-100","HE25388602 - Finalized","04/12/2025","Core_QuarterSawn","13.18","Yuvitza.Davila","23/11/2025","","","","13.23"
"JES-25-126","677769","251.625","253.15","1.53","1","","ALS","PIL-100","HE25388602 - Finalized","04/12/2025","Core_QuarterSawn","10.755","Yuvitza.Davila","23/11/2025","","","","10.83"
"JES-25-126","677770","253.15","254.675","1.53","1","","ALS","PIL-100","HE25388602 - Finalized","04/12/2025","Core_QuarterSawn","11.835","Yuvitza.Davila","23/11/2025","","","","11.91"
"JES-25-126","677771","254.675","256.2","1.52","1","","ALS","PIL-100","HE25388602 - Finalized","04/12/2025","Core_QuarterSawn","9.99","Yuvitza.Davila","23/11/2025","","","","10.05"
"JES-25-126","677772","256.2","257.725","1.53","1","","ALS","PIL-100","HE25388602 - Finalized","04/12/2025","Core_QuarterSawn","9.38","Yuvitza.Davila","23/11/2025","","","","9.44"
"JES-25-126","677774","257.725","259.25","1.52","1","","ALS","PIL-100","HE25388602 - Finalized","04/12/2025","Core_QuarterSawn","11.305","Yuvitza.Davila","23/11/2025","","","","11.38"
"JES-25-126","677775","259.25","260.775","1.52","1","","ALS","PIL-100","HE25388602 - Finalized","04/12/2025","Core_QuarterSawn","11.835","Yuvitza.Davila","23/11/2025","","","","11.9"
"JES-25-126","677776","260.775","262.3","1.53","1","","ALS","PIL-100","HE25388602 - Finalized","04/12/2025","Core_QuarterSawn","9.865","Yuvitza.Davila","23/11/2025","","","","9.9"
"JES-25-126","677777","262.3","263.825","1.52","1","","ALS","PIL-100","HE25388602 - Finalized","04/12/2025","Core_QuarterSawn","13.13","Yuvitza.Davila","23/11/2025","","","","13.2"
"JES-25-126","677778","263.825","265.35","1.53","1","","ALS","PIL-100","HE25388602 - Finalized","04/12/2025","Core_QuarterSawn","10.135","Yuvitza.Davila","23/11/2025","","","","10.17"
"JES-25-126","677779","265.35","266.875","1.52","1","","ALS","PIL-100","HE25388602 - Finalized","04/12/2025","Core_QuarterSawn","16.64","Yuvitza.Davila","23/11/2025","","","","11.69"
"JES-25-126","677780","266.875","268.4","1.52","1","","ALS","PIL-100","HE25388602 - Finalized","04/12/2025","Core_QuarterSawn","10.73","Yuvitza.Davila","23/11/2025","","","","10.76"
"JES-25-126","677781","268.4","269.925","1.53","1","","ALS","PIL-100","HE25388602 - Finalized","04/12/2025","Core_QuarterSawn","10.535","Yuvitza.Davila","23/11/2025","","","","10.58"
"JES-25-126","677782","269.925","271.45","1.52","1","","ALS","PIL-100","HE25388602 - Finalized","04/12/2025","Core_QuarterSawn","9.87","Yuvitza.Davila","23/11/2025","","","","9.91"
"JES-25-126","677783","271.45","272.975","1.53","1","","ALS","PIL-100","HE25388602 - Finalized","04/12/2025","Core_QuarterSawn","12.545","Yuvitza.Davila","23/11/2025","","","","12.61"
"JES-25-126","677785","272.975","274.5","1.52","1","","ALS","PIL-100","HE25388602 - Finalized","04/12/2025","Core_QuarterSawn","10.08","Yuvitza.Davila","23/11/2025","","","","10.11"
"JES-25-126","677786","274.5","276.025","1.52","1","","ALS","PIL-100","HE25388602 - Finalized","04/12/2025","Core_QuarterSawn","12.46","Yuvitza.Davila","23/11/2025","","","","12.51"
"JES-25-126","677787","276.025","277.55","1.53","1","","ALS","PIL-100","HE25388602 - Finalized","04/12/2025","Core_QuarterSawn","11.44","Yuvitza.Davila","23/11/2025","","","","11.48"
"JES-25-126","677788","277.55","279.075","1.52","1","","ALS","PIL-100","HE25388602 - Finalized","04/12/2025","Core_QuarterSawn","12.03","Yuvitza.Davila","23/11/2025","","","","12.09"
"JES-25-126","677789","279.075","280.6","1.53","1","","ALS","PIL-100","HE25388602 - Finalized","04/12/2025","Core_QuarterSawn","11.15","Yuvitza.Davila","23/11/2025","","","","11.19"
"JES-25-126","677790","280.6","282.125","1.52","1","","ALS","PIL-100","HE25388602 - Finalized","04/12/2025","Core_QuarterSawn","11.92","Yuvitza.Davila","23/11/2025","","","","11.96"
"JES-25-126","677791","282.125","283.65","1.52","1","","ALS","PIL-100","HE25388602 - Finalized","04/12/2025","Core_QuarterSawn","8.57","Yuvitza.Davila","24/11/2025","","","","8.56"
"JES-25-126","677792","283.65","285.175","1.53","1","","ALS","PIL-100","HE25388602 - Finalized","04/12/2025","Core_QuarterSawn","10.87","Yuvitza.Davila","24/11/2025","","","","10.84"
"JES-25-126","677793","285.175","286.7","1.52","1","","ALS","PIL-100","HE25388602 - Finalized","04/12/2025","Core_QuarterSawn","11.835","Yuvitza.Davila","24/11/2025","","","","11.91"
"JES-25-126","677794","286.7","288.225","1.53","1","","ALS","PIL-100","HE25388602 - Finalized","04/12/2025","Core_QuarterSawn","13.77","Yuvitza.Davila","24/11/2025","","","","13.86"
"JES-25-126","677796","288.225","289.75","1.52","1","","ALS","PIL-100","HE25388602 - Finalized","04/12/2025","Core_QuarterSawn","8.06","Yuvitza.Davila","24/11/2025","","","","8.119999999999999"
"JES-25-126","677797","289.75","291.275","1.52","1","","ALS","PIL-100","HE25388602 - Finalized","04/12/2025","Core_QuarterSawn","12.815","Yuvitza.Davila","24/11/2025","","","","12.89"
"JES-25-126","677798","291.275","292.8","1.53","1","","ALS","PIL-100","HE25388602 - Finalized","04/12/2025","Core_QuarterSawn","10.12","Yuvitza.Davila","24/11/2025","","","","10.17"
"JES-25-126","677799","292.8","294.325","1.52","1","","ALS","PIL-100","HE25388602 - Finalized","04/12/2025","Core_QuarterSawn","13.505","Yuvitza.Davila","24/11/2025","","","","13.58"
"JES-25-126","677800","294.325","295.85","1.53","1","","ALS","PIL-100","HE25388602 - Finalized","04/12/2025","Core_QuarterSawn","9.195","Yuvitza.Davila","24/11/2025","","","","9.25"
"JES-25-126","677801","295.85","297.375","1.52","1","","ALS","PIL-100","HE25388602 - Finalized","04/12/2025","Core_QuarterSawn","13.555","Yuvitza.Davila","24/11/2025","","","","13.63"
"JES-25-126","677802","297.375","298.9","1.52","1","","ALS","PIL-100","HE25388602 - Finalized","04/12/2025","Core_QuarterSawn","10.13","Yuvitza.Davila","24/11/2025","","","","10.18"
"JES-25-126","677803","298.9","300.345","1.45","1","","ALS","PIL-100","HE25388602 - Finalized","04/12/2025","Core_QuarterSawn","12.715","Yuvitza.Davila","24/11/2025","","","","12.78"
"JES-25-127","677809","0","1.525","1.53","1","","ALS","PIL-101","HE25388604 - Finalized","29/11/2025","Chips_QuarterSplit","3.075","Isaac.Ortega","29/11/2025","","","","3.11"
"JES-25-127","677810","1.525","3.05","1.53","1","","ALS","PIL-101","HE25388604 - Finalized","29/11/2025","Chips_QuarterSplit","3.955","Isaac.Ortega","29/11/2025","","","","3.96"
"JES-25-127","677811","3.05","4.575","1.53","1","","ALS","PIL-101","HE25388604 - Finalized","29/11/2025","Chips_QuarterSplit","7.87","Isaac.Ortega","29/11/2025","","","","7.88"
"JES-25-127","677812","4.575","6.1","1.53","1","","ALS","PIL-101","HE25388604 - Finalized","29/11/2025","Chips_QuarterSplit","9.25","Isaac.Ortega","29/11/2025","","","","9.26"
"JES-25-127","677813","6.1","7.625","1.53","1","","ALS","PIL-101","HE25388604 - Finalized","29/11/2025","Chips_QuarterSplit","10.94","Isaac.Ortega","29/11/2025","","","","10.95"
"JES-25-127","677814","7.625","9.15","1.53","1","","ALS","PIL-101","HE25388604 - Finalized","29/11/2025","Chips_QuarterSplit","10.39","Isaac.Ortega","29/11/2025","","","","10.41"
"JES-25-127","677815","9.15","10.675","1.53","1","","ALS","PIL-101","HE25388604 - Finalized","29/11/2025","Chips_QuarterSplit","9.945","Isaac.Ortega","29/11/2025","","","","9.960000000000001"
"JES-25-127","677816","10.675","12.2","1.53","1","","ALS","PIL-101","HE25388604 - Finalized","29/11/2025","Chips_QuarterSplit","6.615","Isaac.Ortega","29/11/2025","","","","9.6"
"JES-25-127","677817","12.2","13.725","1.53","1","","ALS","PIL-101","HE25388604 - Finalized","29/11/2025","Chips_QuarterSplit","10.335","Isaac.Ortega","29/11/2025","","","","10.34"
"JES-25-127","677818","13.725","15.25","1.53","1","","ALS","PIL-101","HE25388604 - Finalized","29/11/2025","Chips_QuarterSplit","11.915","Isaac.Ortega","29/11/2025","","","","11.93"
"JES-25-127","677819","15.25","16.775","1.53","1","","ALS","PIL-101","HE25388604 - Finalized","29/11/2025","Chips_QuarterSplit","12.075","Isaac.Ortega","29/11/2025","","","","12.09"
"JES-25-127","677820","16.775","18.3","1.53","1","","ALS","PIL-101","HE25388604 - Finalized","29/11/2025","Chips_QuarterSplit","11.44","Isaac.Ortega","29/11/2025","","","","11.45"
"JES-25-127","677821","18.3","19.825","1.53","1","","ALS","PIL-101","HE25388604 - Finalized","29/11/2025","Chips_QuarterSplit","10.465","Isaac.Ortega","29/11/2025","","","","10.48"
"JES-25-127","677822","19.825","21.35","1.53","1","","ALS","PIL-101","HE25388604 - Finalized","29/11/2025","Chips_QuarterSplit","9.35","Isaac.Ortega","29/11/2025","","","","9.380000000000001"
"JES-25-127","677824","21.35","22.875","1.53","1","","ALS","PIL-101","HE25388604 - Finalized","29/11/2025","Chips_QuarterSplit","12.665","Isaac.Ortega","29/11/2025","","","","12.61"
"JES-25-127","677825","22.875","24.4","1.53","1","","ALS","PIL-101","HE25388604 - Finalized","29/11/2025","Chips_QuarterSplit","11.665","Isaac.Ortega","29/11/2025","","","","11.68"
"JES-25-127","677826","24.4","25.925","1.53","1","","ALS","PIL-101","HE25388604 - Finalized","29/11/2025","Chips_QuarterSplit","10.76","Isaac.Ortega","29/11/2025","","","","10.79"
"JES-25-127","677827","25.925","27.45","1.53","1","","ALS","PIL-101","HE25388604 - Finalized","29/11/2025","Chips_QuarterSplit","6.62","Isaac.Ortega","29/11/2025","","","","9.640000000000001"
"JES-25-127","677828","27.45","28.975","1.53","1","","ALS","PIL-101","HE25388604 - Finalized","29/11/2025","Chips_QuarterSplit","10.535","Isaac.Ortega","29/11/2025","","","","10.56"
"JES-25-127","677829","28.975","30.5","1.53","1","","ALS","PIL-101","HE25388604 - Finalized","29/11/2025","Chips_QuarterSplit","9.35","Isaac.Ortega","29/11/2025","","","","9.359999999999999"
"JES-25-127","677830","30.5","32.025","1.53","1","","ALS","PIL-101","HE25388604 - Finalized","29/11/2025","Chips_QuarterSplit","11.315","Isaac.Ortega","29/11/2025","","","","11.33"
"JES-25-127","677831","32.025","33.55","1.53","1","","ALS","PIL-101","HE25388604 - Finalized","29/11/2025","Chips_QuarterSplit","9.765","Isaac.Ortega","29/11/2025","","","","9.77"
"JES-25-127","677832","33.55","35.075","1.53","1","","ALS","PIL-101","HE25388604 - Finalized","29/11/2025","Chips_QuarterSplit","13.05","Isaac.Ortega","29/11/2025","","","","13.08"
"JES-25-127","677833","35.075","36.6","1.53","1","","ALS","PIL-101","HE25388604 - Finalized","29/11/2025","Chips_QuarterSplit","9.7","Isaac.Ortega","29/11/2025","","","","9.710000000000001"
"JES-25-127","677834","36.6","38.125","1.53","1","","ALS","PIL-101","HE25388604 - Finalized","29/11/2025","Chips_QuarterSplit","10.385","Isaac.Ortega","29/11/2025","","","","10.41"
"JES-25-127","677835","38.125","39.65","1.53","1","","ALS","PIL-101","HE25388604 - Finalized","29/11/2025","Chips_QuarterSplit","8.19","Isaac.Ortega","29/11/2025","","","","8.210000000000001"
"JES-25-127","677836","39.65","41.175","1.53","1","","ALS","PIL-101","HE25388604 - Finalized","29/11/2025","Chips_QuarterSplit","9.26","Isaac.Ortega","29/11/2025","","","","9.279999999999999"
"JES-25-127","677837","41.175","42.7","1.53","1","","ALS","PIL-101","HE25388604 - Finalized","29/11/2025","Chips_QuarterSplit","9.145","Isaac.Ortega","29/11/2025","","","","9.16"
"JES-25-127","677838","42.7","44.225","1.53","1","","ALS","PIL-101","HE25388604 - Finalized","29/11/2025","Chips_QuarterSplit","9.79","Isaac.Ortega","29/11/2025","","","","9.789999999999999"
"JES-25-127","677839","44.225","45.75","1.53","1","","ALS","PIL-101","HE25388604 - Finalized","29/11/2025","Chips_QuarterSplit","8.655","Isaac.Ortega","29/11/2025","","","","8.66"
"JES-25-127","677840","45.75","47.275","1.53","1","","ALS","PIL-101","HE25388604 - Finalized","29/11/2025","Chips_QuarterSplit","9.165","Isaac.Ortega","29/11/2025","","","","9.18"
"JES-25-127","677841","47.275","48.8","1.53","1","","ALS","PIL-101","HE25388604 - Finalized","29/11/2025","Chips_QuarterSplit","9.275","Isaac.Ortega","29/11/2025","","","","9.289999999999999"
"JES-25-127","677842","48.8","50.325","1.53","1","","ALS","PIL-101","HE25388604 - Finalized","29/11/2025","Chips_QuarterSplit","10.05","Isaac.Ortega","29/11/2025","","","","10.07"
"JES-25-127","677844","50.325","51.85","1.53","1","","ALS","PIL-101","HE25388604 - Finalized","29/11/2025","Chips_QuarterSplit","8.02","Isaac.Ortega","29/11/2025","","","","8.02"
"JES-25-127","677845","51.85","53.375","1.53","1","","ALS","PIL-101","HE25388604 - Finalized","29/11/2025","Chips_QuarterSplit","10.93","Isaac.Ortega","29/11/2025","","","","10.94"
"JES-25-127","677846","53.375","54.9","1.53","1","","ALS","PIL-101","HE25388604 - Finalized","29/11/2025","Chips_QuarterSplit","10.245","Isaac.Ortega","29/11/2025","","","","10.26"
"JES-25-127","677847","54.9","56.425","1.53","1","","ALS","PIL-101","HE25388604 - Finalized","29/11/2025","Chips_QuarterSplit","9.095","Isaac.Ortega","29/11/2025","","","","9.91"
"JES-25-127","677848","56.425","57.95","1.53","1","","ALS","PIL-101","HE25388604 - Finalized","29/11/2025","Chips_QuarterSplit","10.345","Isaac.Ortega","29/11/2025","","","","10.36"
"JES-25-127","677849","57.95","59.435","1.49","1","","ALS","PIL-101","HE25388604 - Finalized","29/11/2025","Chips_QuarterSplit","8.89","Isaac.Ortega","29/11/2025","","","","8.880000000000001"
"JES-25-127","677850","59.435","61","1.57","1","","ALS","PIL-101","HE25388604 - Finalized","29/11/2025","Chips_QuarterSplit","9.96","Isaac.Ortega","29/11/2025","","","","9.970000000000001"
"JES-25-127","677851","61","62.525","1.53","1","","ALS","PIL-101","HE25388604 - Finalized","29/11/2025","Chips_QuarterSplit","9.825","Isaac.Ortega","29/11/2025","","","","9.69"
"JES-25-127","677852","62.525","64.05","1.53","1","","ALS","PIL-101","HE25388604 - Finalized","29/11/2025","Chips_QuarterSplit","9.015","Isaac.Ortega","29/11/2025","","","","9.029999999999999"
"JES-25-127","677853","64.05","65.575","1.53","1","","ALS","PIL-101","HE25388604 - Finalized","29/11/2025","Chips_QuarterSplit","10.525","Isaac.Ortega","29/11/2025","","","","10.29"
"JES-25-127","677854","65.575","67.1","1.52","1","","ALS","PIL-101","HE25388604 - Finalized","29/11/2025","Chips_QuarterSplit","7.66","Isaac.Ortega","29/11/2025","","","","7.67"
"JES-25-127","677855","67.1","68.625","1.53","1","","ALS","PIL-101","HE25388604 - Finalized","29/11/2025","Chips_QuarterSplit","9.94","Isaac.Ortega","29/11/2025","","","","9.94"
"JES-25-127","677856","68.625","70.15","1.53","1","","ALS","PIL-101","HE25388604 - Finalized","29/11/2025","Chips_QuarterSplit","9.445","Isaac.Ortega","29/11/2025","","","","9.460000000000001"
"JES-25-127","677857","70.15","71.675","1.52","1","","ALS","PIL-101","HE25388604 - Finalized","29/11/2025","Chips_QuarterSplit","10.29","Isaac.Ortega","29/11/2025","","","","10.31"
"JES-25-127","677858","71.675","73.2","1.53","1","","ALS","PIL-101","HE25388604 - Finalized","29/11/2025","Chips_QuarterSplit","8.305","Isaac.Ortega","29/11/2025","","","","8.369999999999999"
"JES-25-127","677859","73.2","74.725","1.52","1","","ALS","PIL-101","HE25388604 - Finalized","29/11/2025","Chips_QuarterSplit","10.02","Isaac.Ortega","29/11/2025","","","","10.04"
"JES-25-127","677860","74.725","76.25","1.53","1","","ALS","PIL-101","HE25388604 - Finalized","29/11/2025","Chips_QuarterSplit","10.72","Isaac.Ortega","29/11/2025","","","","10.75"
"JES-25-127","677863","76.25","77.775","1.53","1","","ALS","PIL-101","HE25388604 - Finalized","29/11/2025","Chips_QuarterSplit","10.505","Isaac.Ortega","29/11/2025","","","","10.53"
"JES-25-127","677864","77.775","79.3","1.52","1","","ALS","PIL-101","HE25388604 - Finalized","29/11/2025","Chips_QuarterSplit","11.19","Isaac.Ortega","29/11/2025","","","","11.21"
"JES-25-127","677865","79.3","80.825","1.53","1","","ALS","PIL-101","HE25388604 - Finalized","29/11/2025","Chips_QuarterSplit","11.75","Isaac.Ortega","29/11/2025","","","","11.77"
"JES-25-127","677866","80.825","82.35","1.52","1","","ALS","PIL-101","HE25388604 - Finalized","29/11/2025","Chips_QuarterSplit","8.715","Isaac.Ortega","29/11/2025","","","","8.74"
"JES-25-127","677867","82.35","83.875","1.53","1","","ALS","PIL-101","HE25388604 - Finalized","29/11/2025","Chips_QuarterSplit","9.905","Isaac.Ortega","29/11/2025","","","","9.92"
"JES-25-127","677868","83.875","85.4","1.53","1","","ALS","PIL-101","HE25388604 - Finalized","29/11/2025","Chips_QuarterSplit","8.94","Isaac.Ortega","29/11/2025","","","","8.960000000000001"
"JES-25-127","677869","85.4","86.925","1.52","1","","ALS","PIL-101","HE25388604 - Finalized","29/11/2025","Chips_QuarterSplit","11.025","Isaac.Ortega","29/11/2025","","","","11.05"
"JES-25-127","677870","86.925","88.45","1.53","1","","ALS","PIL-101","HE25388604 - Finalized","29/11/2025","Chips_QuarterSplit","9.05","Isaac.Ortega","29/11/2025","","","","9.06"
"JES-25-127","677871","88.45","89.975","1.52","1","","ALS","PIL-101","HE25388604 - Finalized","29/11/2025","Chips_QuarterSplit","10.075","Isaac.Ortega","29/11/2025","","","","10.1"
"JES-25-127","677872","89.975","91.5","1.53","1","","ALS","PIL-101","HE25388604 - Finalized","29/11/2025","Chips_QuarterSplit","8.89","Isaac.Ortega","29/11/2025","","","","8.890000000000001"
"JES-25-127","677874","91.5","93.025","1.53","1","","ALS","PIL-101","HE25388604 - Finalized","29/11/2025","Chips_QuarterSplit","9.34","Isaac.Ortega","29/11/2025","","","","9.4"
"JES-25-127","677875","93.025","94.55","1.52","1","","ALS","PIL-101","HE25388604 - Finalized","29/11/2025","Chips_QuarterSplit","8.09","Isaac.Ortega","29/11/2025","","","","8.09"
"JES-25-127","677876","94.55","96.075","1.53","1","","ALS","PIL-101","HE25388604 - Finalized","29/11/2025","Chips_QuarterSplit","10.38","Isaac.Ortega","29/11/2025","","","","10.39"
"JES-25-127","677877","96.075","97.6","1.52","1","","ALS","PIL-101","HE25388604 - Finalized","29/11/2025","Chips_QuarterSplit","8.145","Isaac.Ortega","29/11/2025","","","","8.140000000000001"
"JES-25-127","677878","97.6","99.125","1.53","1","","ALS","PIL-101","HE25388604 - Finalized","29/11/2025","Chips_QuarterSplit","9.805","Isaac.Ortega","29/11/2025","","","","9.81"
"JES-25-127","677879","99.125","100.65","1.53","1","","ALS","PIL-101","HE25388604 - Finalized","29/11/2025","Chips_QuarterSplit","8.795","Isaac.Ortega","29/11/2025","","","","8.800000000000001"
"JES-25-127","677880","100.65","102.175","1.52","1","","ALS","PIL-101","HE25388604 - Finalized","29/11/2025","Chips_QuarterSplit","9.91","Isaac.Ortega","29/11/2025","","","","9.92"
"JES-25-127","677881","102.175","103.7","1.53","1","","ALS","PIL-101","HE25388604 - Finalized","29/11/2025","Chips_QuarterSplit","7.99","Isaac.Ortega","29/11/2025","","","","8.01"
"JES-25-127","677882","103.7","105.225","1.52","1","","ALS","PIL-101","HE25388604 - Finalized","29/11/2025","Chips_QuarterSplit","0","Isaac.Ortega","29/11/2025","","","","11.6"
"JES-25-127","677883","105.225","106.75","1.53","1","","ALS","PIL-101","HE25388604 - Finalized","29/11/2025","Chips_QuarterSplit","8.58","Isaac.Ortega","29/11/2025","","","","8.57"
"JES-25-127","677885","106.75","108.275","1.53","1","","ALS","PIL-101","HE25388604 - Finalized","29/11/2025","Chips_QuarterSplit","10.805","Isaac.Ortega","29/11/2025","","","","10.82"
"JES-25-127","677886","108.275","109.8","1.52","1","","ALS","PIL-101","HE25388604 - Finalized","29/11/2025","Chips_QuarterSplit","9.535","Isaac.Ortega","29/11/2025","","","","9.539999999999999"
"JES-25-127","677887","109.8","111.325","1.53","1","","ALS","PIL-101","HE25388604 - Finalized","29/11/2025","Chips_QuarterSplit","9.15","Isaac.Ortega","29/11/2025","","","","9.18"
"JES-25-127","677888","111.325","112.85","1.52","1","","ALS","PIL-101","HE25388604 - Finalized","29/11/2025","Chips_QuarterSplit","10.075","Isaac.Ortega","29/11/2025","","","","10.09"
"JES-25-127","677889","112.85","114.375","1.53","1","","ALS","PIL-101","HE25388604 - Finalized","29/11/2025","Chips_QuarterSplit","9.485","Isaac.Ortega","29/11/2025","","","","9.5"
"JES-25-127","677890","114.375","115.9","1.53","1","","ALS","PIL-101","HE25388604 - Finalized","29/11/2025","Chips_QuarterSplit","9.545","Isaac.Ortega","29/11/2025","","","","9.550000000000001"
"JES-25-127","677891","115.9","117.425","1.52","1","","ALS","PIL-101","HE25388604 - Finalized","29/11/2025","Chips_QuarterSplit","12.235","Isaac.Ortega","29/11/2025","","","","12.26"
"JES-25-127","677892","117.425","118.95","1.53","1","","ALS","PIL-101","HE25388604 - Finalized","29/11/2025","Chips_QuarterSplit","10.195","Isaac.Ortega","29/11/2025","","","","10.22"
"JES-25-127","677893","118.95","120.475","1.52","1","","ALS","PIL-101","HE25388604 - Finalized","29/11/2025","Chips_QuarterSplit","10.535","Isaac.Ortega","29/11/2025","","","","10.56"
"JES-25-127","677894","120.475","122","1.53","1","","ALS","PIL-101","HE25388604 - Finalized","29/11/2025","Chips_QuarterSplit","8.785","Isaac.Ortega","29/11/2025","","","","8.800000000000001"
"JES-25-127","677895","122","123.525","1.53","1","","ALS","PIL-101","HE25388604 - Finalized","29/11/2025","Chips_QuarterSplit","14.165","Isaac.Ortega","29/11/2025","","","","14.2"
"JES-25-127","677897","123.525","125.05","1.52","1","","ALS","PIL-101","HE25388604 - Finalized","29/11/2025","Chips_QuarterSplit","10.325","Isaac.Ortega","29/11/2025","","","","10.36"
"JES-25-127","677898","125.05","126.575","1.53","1","","ALS","PIL-101","HE25388604 - Finalized","29/11/2025","Chips_QuarterSplit","12.155","Isaac.Ortega","29/11/2025","","","","12.17"
"JES-25-127","677899","126.575","128.1","1.52","1","","ALS","PIL-101","HE25388604 - Finalized","29/11/2025","Chips_QuarterSplit","10.37","Isaac.Ortega","29/11/2025","","","","10.39"
"JES-25-127","677900","128.1","129.625","1.53","1","","ALS","PIL-101","HE25388604 - Finalized","29/11/2025","Chips_QuarterSplit","13.015","Isaac.Ortega","29/11/2025","","","","13.05"
"JES-25-127","677901","129.625","131.15","1.53","1","","ALS","PIL-101","HE25388604 - Finalized","29/11/2025","Chips_QuarterSplit","12.69","Isaac.Ortega","29/11/2025","","","","12.74"
"JES-25-127","677902","131.15","132.675","1.53","1","","ALS","PIL-101","HE25388604 - Finalized","29/11/2025","Chips_QuarterSplit","12.69","Isaac.Ortega","29/11/2025","","","","12.65"
"JES-25-127","677903","132.675","134.2","1.52","1","","ALS","PIL-101","HE25388604 - Finalized","29/11/2025","Chips_QuarterSplit","10.385","Isaac.Ortega","29/11/2025","","","","10.39"
"JES-25-127","677904","134.2","135.725","1.53","1","","ALS","PIL-101","HE25388604 - Finalized","29/11/2025","Chips_QuarterSplit","11.68","Isaac.Ortega","29/11/2025","","","","11.7"
"JES-25-127","677905","135.725","137.25","1.53","1","","ALS","PIL-101","HE25388604 - Finalized","29/11/2025","Chips_QuarterSplit","10.24","Isaac.Ortega","29/11/2025","","","","10.27"
"JES-25-127","677906","137.25","138.775","1.53","1","","ALS","PIL-101","HE25388604 - Finalized","29/11/2025","Chips_QuarterSplit","10.11","Isaac.Ortega","29/11/2025","","","","10.13"
"JES-25-127","677908","138.775","140.3","1.53","1","","ALS","PIL-101","HE25388604 - Finalized","29/11/2025","Chips_QuarterSplit","9.44","Isaac.Ortega","29/11/2025","","","","9.460000000000001"
"JES-25-127","677909","140.3","141.825","1.52","1","","ALS","PIL-101","HE25388604 - Finalized","29/11/2025","Chips_QuarterSplit","10.985","Isaac.Ortega","29/11/2025","","","","11.07"
"JES-25-127","677910","141.825","143.35","1.53","1","","ALS","PIL-101","HE25388604 - Finalized","29/11/2025","Chips_QuarterSplit","10.045","Isaac.Ortega","29/11/2025","","","","10.08"
"JES-25-127","677911","143.35","144.875","1.53","1","","ALS","PIL-101","HE25388604 - Finalized","29/11/2025","Chips_QuarterSplit","11.285","Isaac.Ortega","29/11/2025","","","","11.31"
"JES-25-127","677912","144.875","146.4","1.53","1","","ALS","PIL-101","HE25388604 - Finalized","29/11/2025","Chips_QuarterSplit","10.455","Isaac.Ortega","29/11/2025","","","","10.47"
"JES-25-127","677913","146.4","147.925","1.53","1","","ALS","PIL-101","HE25388604 - Finalized","29/11/2025","Chips_QuarterSplit","11.585","Isaac.Ortega","29/11/2025","","","","11.62"
"JES-25-127","677914","147.925","149.45","1.52","1","","ALS","PIL-101","HE25388604 - Finalized","29/11/2025","Chips_QuarterSplit","9.405","Isaac.Ortega","29/11/2025","","","","9.44"
"JES-25-127","677915","149.45","150.975","1.53","1","","ALS","PIL-101","HE25388604 - Finalized","29/11/2025","Chips_QuarterSplit","11.275","Isaac.Ortega","29/11/2025","","","","11.29"
"JES-25-127","677916","150.975","152.5","1.53","1","","ALS","PIL-101","HE25388604 - Finalized","29/11/2025","Chips_QuarterSplit","10.64","Isaac.Ortega","29/11/2025","","","","10.67"
"JES-25-127","677917","152.5","154.025","1.53","1","","ALS","PIL-101","HE25388604 - Finalized","29/11/2025","Chips_QuarterSplit","9.36","Isaac.Ortega","29/11/2025","","","","9.380000000000001"
"JES-25-127","677922","154.025","155.55","1.53","1","","ALS","PIL-101","HE25388604 - Finalized","29/11/2025","Chips_QuarterSplit","7.825","Isaac.Ortega","29/11/2025","","","","7.83"
"JES-25-127","677923","155.55","157.075","1.52","1","","ALS","PIL-101","HE25388604 - Finalized","29/11/2025","Chips_QuarterSplit","7.535","Isaac.Ortega","29/11/2025","","","","7.52"
"JES-25-127","677924","157.075","158.6","1.53","1","","ALS","PIL-101","HE25388604 - Finalized","29/11/2025","Chips_QuarterSplit","6.9","Isaac.Ortega","29/11/2025","","","","6.92"
"JES-25-127","677925","158.6","160.125","1.53","1","","ALS","PIL-101","HE25388604 - Finalized","29/11/2025","Chips_QuarterSplit","8","Isaac.Ortega","29/11/2025","","","","8"
"JES-25-127","677926","160.125","161.65","1.53","1","","ALS","PIL-101","HE25388604 - Finalized","29/11/2025","Chips_QuarterSplit","7.285","Isaac.Ortega","29/11/2025","","","","7.27"
"JES-25-127","677927","161.65","163.175","1.53","1","","ALS","PIL-101","HE25388604 - Finalized","29/11/2025","Chips_QuarterSplit","8.055","Isaac.Ortega","29/11/2025","","","","8.08"
"JES-25-127","677928","163.175","164.7","1.52","1","","ALS","PIL-101","HE25388604 - Finalized","29/11/2025","Chips_QuarterSplit","7.033","Isaac.Ortega","29/11/2025","","","","7.08"
"JES-25-127","677929","164.7","166.225","1.53","1","","ALS","PIL-101","HE25388604 - Finalized","29/11/2025","Chips_QuarterSplit","8.315","Isaac.Ortega","29/11/2025","","","","8.02"
"JES-25-127","677930","166.225","167.75","1.53","1","","ALS","PIL-101","HE25388604 - Finalized","29/11/2025","Chips_QuarterSplit","7.645","Isaac.Ortega","29/11/2025","","","","7.65"
"JES-25-127","677931","167.75","169.275","1.53","1","","ALS","PIL-101","HE25388604 - Finalized","29/11/2025","Chips_QuarterSplit","8.022","Isaac.Ortega","29/11/2025","","","","8.029999999999999"
"JES-25-127","677932","169.275","170.8","1.53","1","","ALS","PIL-101","HE25388604 - Finalized","29/11/2025","Chips_QuarterSplit","8.32","Isaac.Ortega","29/11/2025","","","","8.32"
"JES-25-127","677933","170.8","172.325","1.52","1","","ALS","PIL-101","HE25388604 - Finalized","29/11/2025","Chips_QuarterSplit","8.97","Isaac.Ortega","29/11/2025","","","","8.98"
"JES-25-127","677934","172.325","173.85","1.53","1","","ALS","PIL-101","HE25388604 - Finalized","29/11/2025","Chips_QuarterSplit","7.63","Isaac.Ortega","29/11/2025","","","","7.63"
"JES-25-127","677935","173.85","175.375","1.53","1","","ALS","PIL-101","HE25388604 - Finalized","29/11/2025","Chips_QuarterSplit","9.55","Isaac.Ortega","29/11/2025","","","","9.56"
"JES-25-127","677936","175.375","176.9","1.53","1","","ALS","PIL-101","HE25388604 - Finalized","29/11/2025","Chips_QuarterSplit","8.905","Isaac.Ortega","29/11/2025","","","","8.99"
"JES-25-127","677938","176.9","178.425","1.53","1","","ALS","PIL-101","HE25388604 - Finalized","29/11/2025","Chips_QuarterSplit","0","Isaac.Ortega","29/11/2025","","","","9.289999999999999"
"JES-25-127","677939","178.425","179.95","1.52","1","","ALS","PIL-101","HE25388604 - Finalized","29/11/2025","Chips_QuarterSplit","7.41","Isaac.Ortega","29/11/2025","","","","7.42"
"JES-25-127","677940","179.95","181.475","1.53","1","","ALS","PIL-101","HE25388604 - Finalized","29/11/2025","Chips_QuarterSplit","7.555","Isaac.Ortega","29/11/2025","","","","7.51"
"JES-25-127","677941","181.475","183","1.53","1","","ALS","PIL-101","HE25388604 - Finalized","29/11/2025","Chips_QuarterSplit","6.79","Isaac.Ortega","29/11/2025","","","","6.71"
"JES-25-127","677942","183","184.525","1.53","1","","ALS","PIL-101","HE25388604 - Finalized","29/11/2025","Chips_QuarterSplit","8.6","Isaac.Ortega","29/11/2025","","","","8.6"
"JES-25-127","677943","184.525","186.05","1.53","1","","ALS","PIL-101","HE25388604 - Finalized","29/11/2025","Chips_QuarterSplit","8.365","Isaac.Ortega","29/11/2025","","","","8.35"
"JES-25-127","677944","186.05","187.575","1.52","1","","ALS","PIL-101","HE25388604 - Finalized","29/11/2025","Chips_QuarterSplit","8.83","Isaac.Ortega","29/11/2025","","","","8.84"
"JES-25-127","677945","187.575","189.1","1.53","1","","ALS","PIL-101","HE25388604 - Finalized","29/11/2025","Chips_QuarterSplit","6.91","Isaac.Ortega","29/11/2025","","","","6.92"
"JES-25-127","677946","189.1","190.625","1.53","1","","ALS","PIL-101","HE25388604 - Finalized","29/11/2025","Chips_QuarterSplit","9.645","Isaac.Ortega","29/11/2025","","","","9.630000000000001"
"JES-25-127","677947","190.625","192.15","1.53","1","","ALS","PIL-101","HE25388604 - Finalized","29/11/2025","Chips_QuarterSplit","8.31","Isaac.Ortega","29/11/2025","","","","8.289999999999999"
"JES-25-127","677948","192.15","193.675","1.53","1","","ALS","PIL-101","HE25388604 - Finalized","29/11/2025","Chips_QuarterSplit","7.47","Isaac.Ortega","29/11/2025","","","","7.53"
"JES-25-127","677949","193.675","195.2","1.52","1","","ALS","PIL-101","HE25388604 - Finalized","29/11/2025","Chips_QuarterSplit","8.425","Isaac.Ortega","29/11/2025","","","","8.43"
"JES-25-127","677950","195.2","196.725","1.53","1","","ALS","PIL-101","HE25388604 - Finalized","29/11/2025","Chips_QuarterSplit","8.755","Isaac.Ortega","29/11/2025","","","","8.76"
"JES-25-127","677951","196.725","198.25","1.53","1","","ALS","PIL-101","HE25388604 - Finalized","29/11/2025","Chips_QuarterSplit","8.42","Isaac.Ortega","29/11/2025","","","","8.43"
"JES-25-127","677952","198.25","199.775","1.53","1","","ALS","PIL-101","HE25388604 - Finalized","29/11/2025","Chips_QuarterSplit","8.32","Isaac.Ortega","29/11/2025","","","","8.33"
"JES-25-127","677953","199.775","201.3","1.53","1","","ALS","PIL-101","HE25388604 - Finalized","29/11/2025","Chips_QuarterSplit","9.155","Isaac.Ortega","29/11/2025","","","","9.16"
"JES-25-127","677955","201.3","202.825","1.52","1","","ALS","PIL-101","HE25388604 - Finalized","29/11/2025","Chips_QuarterSplit","8.05","Isaac.Ortega","29/11/2025","","","","8.06"
"JES-25-127","677956","202.825","204.35","1.53","1","","ALS","PIL-101","HE25388604 - Finalized","29/11/2025","Chips_QuarterSplit","6.13","Isaac.Ortega","29/11/2025","","","","6.14"
"JES-25-127","677957","204.35","205.875","1.53","1","","ALS","PIL-101","HE25388604 - Finalized","29/11/2025","Chips_QuarterSplit","7.885","Isaac.Ortega","29/11/2025","","","","7.9"
"JES-25-127","677958","205.875","207.4","1.53","1","","ALS","PIL-101","HE25388604 - Finalized","29/11/2025","Chips_QuarterSplit","5.985","Isaac.Ortega","29/11/2025","","","","6.05"
"JES-25-127","677959","207.4","208.925","1.53","1","","ALS","PIL-101","HE25388604 - Finalized","29/11/2025","Chips_QuarterSplit","8.62","Isaac.Ortega","29/11/2025","","","","8.609999999999999"
"JES-25-127","677960","208.925","210.45","1.52","1","","ALS","PIL-101","HE25388604 - Finalized","29/11/2025","Chips_QuarterSplit","7.25","Isaac.Ortega","29/11/2025","","","","7.16"
"JES-25-127","677961","210.45","211.975","1.53","1","","ALS","PIL-101","HE25388604 - Finalized","29/11/2025","Chips_QuarterSplit","8.605","Isaac.Ortega","29/11/2025","","","","8.58"
"JES-25-127","677962","211.975","213.5","1.53","1","","ALS","PIL-101","HE25388604 - Finalized","29/11/2025","Chips_QuarterSplit","7.31","Isaac.Ortega","29/11/2025","","","","7.29"
"JES-25-128","677965","0","1.525","1.53","1","","ALS","PIL-102","HE25388599 - Finalized","03/12/2025","Chips_QuarterSplit","1.45","Yuvitza.Davila","03/12/2025","","","","1.46"
"JES-25-128","677966","1.525","3.05","1.53","1","","ALS","PIL-102","HE25388599 - Finalized","03/12/2025","Chips_QuarterSplit","4.775","Yuvitza.Davila","03/12/2025","","","","4.8"
"JES-25-128","677967","3.05","4.575","1.53","1","","ALS","PIL-102","HE25388599 - Finalized","03/12/2025","Chips_QuarterSplit","2.63","Yuvitza.Davila","03/12/2025","","","","2.65"
"JES-25-128","677968","4.575","6.1","1.53","1","","ALS","PIL-102","HE25388599 - Finalized","03/12/2025","Chips_QuarterSplit","12.22","Yuvitza.Davila","03/12/2025","","","","12.28"
"JES-25-128","677969","6.1","7.625","1.53","1","","ALS","PIL-102","HE25388599 - Finalized","03/12/2025","Chips_QuarterSplit","16.06","Yuvitza.Davila","03/12/2025","","","","16.14"
"JES-25-128","677970","7.625","9.15","1.53","1","","ALS","PIL-102","HE25388599 - Finalized","03/12/2025","Chips_QuarterSplit","8.535","Yuvitza.Davila","03/12/2025","","","","8.59"
"JES-25-128","677971","9.15","10.675","1.53","1","","ALS","PIL-102","HE25388599 - Finalized","03/12/2025","Chips_QuarterSplit","8.595","Yuvitza.Davila","03/12/2025","","","","8.640000000000001"
"JES-25-128","677972","10.675","12.2","1.53","1","","ALS","PIL-102","HE25388599 - Finalized","03/12/2025","Chips_QuarterSplit","8.53","Yuvitza.Davila","03/12/2025","","","","8.58"
"JES-25-128","677973","12.2","13.725","1.53","1","","ALS","PIL-102","HE25388599 - Finalized","03/12/2025","Chips_QuarterSplit","8.34","Yuvitza.Davila","03/12/2025","","","","8.390000000000001"
"JES-25-128","677974","13.725","15.25","1.53","1","","ALS","PIL-102","HE25388599 - Finalized","03/12/2025","Chips_QuarterSplit","7.6","Yuvitza.Davila","03/12/2025","","","","7.61"
"JES-25-128","677975","15.25","16.775","1.53","1","","ALS","PIL-102","HE25388599 - Finalized","03/12/2025","Chips_QuarterSplit","10.035","Yuvitza.Davila","03/12/2025","","","","10.1"
"JES-25-128","677976","16.775","18.3","1.53","1","","ALS","PIL-102","HE25388599 - Finalized","03/12/2025","Chips_QuarterSplit","8.315","Yuvitza.Davila","03/12/2025","","","","8.369999999999999"
"JES-25-128","677977","18.3","19.825","1.53","1","","ALS","PIL-102","HE25388599 - Finalized","03/12/2025","Chips_QuarterSplit","10.975","Yuvitza.Davila","03/12/2025","","","","10.53"
"JES-25-128","677978","19.825","21.35","1.53","1","","ALS","PIL-102","HE25388599 - Finalized","03/12/2025","Chips_QuarterSplit","9.005","Yuvitza.Davila","03/12/2025","","","","9.039999999999999"
"JES-25-128","677979","21.35","22.875","1.53","1","","ALS","PIL-102","HE25388599 - Finalized","03/12/2025","Chips_QuarterSplit","10.38","Yuvitza.Davila","03/12/2025","","","","10.42"
"JES-25-128","677981","22.875","24.4","1.53","1","","ALS","PIL-102","HE25388599 - Finalized","03/12/2025","Chips_QuarterSplit","9.695","Yuvitza.Davila","03/12/2025","","","","9.77"
"JES-25-128","677982","24.4","25.925","1.53","1","","ALS","PIL-102","HE25388599 - Finalized","03/12/2025","Chips_QuarterSplit","11.005","Yuvitza.Davila","03/12/2025","","","","11.07"
"JES-25-128","677983","25.925","27.45","1.53","1","","ALS","PIL-102","HE25388599 - Finalized","03/12/2025","Chips_QuarterSplit","9.5","Yuvitza.Davila","03/12/2025","","","","9.539999999999999"
"JES-25-128","677984","27.45","28.975","1.53","1","","ALS","PIL-102","HE25388599 - Finalized","03/12/2025","Chips_QuarterSplit","9.945","Yuvitza.Davila","03/12/2025","","","","9.99"
"JES-25-128","677985","28.975","30.5","1.53","1","","ALS","PIL-102","HE25388599 - Finalized","03/12/2025","Chips_QuarterSplit","8.645","Yuvitza.Davila","03/12/2025","","","","8.619999999999999"
"JES-25-128","677986","30.5","32.025","1.53","1","","ALS","PIL-102","HE25388599 - Finalized","03/12/2025","Chips_QuarterSplit","11.11","Yuvitza.Davila","03/12/2025","","","","11.17"
"JES-25-128","677987","32.025","33.55","1.53","1","","ALS","PIL-102","HE25388599 - Finalized","03/12/2025","Chips_QuarterSplit","10.41","Yuvitza.Davila","03/12/2025","","","","10.46"
"JES-25-128","677988","33.55","35.075","1.53","1","","ALS","PIL-102","HE25388599 - Finalized","03/12/2025","Chips_QuarterSplit","10.315","Yuvitza.Davila","03/12/2025","","","","10.36"
"JES-25-128","677989","35.075","36.6","1.53","1","","ALS","PIL-102","HE25388599 - Finalized","03/12/2025","Chips_QuarterSplit","6.725","Yuvitza.Davila","03/12/2025","","","","6.74"
"JES-25-128","677990","36.6","38.125","1.53","1","","ALS","PIL-102","HE25388599 - Finalized","03/12/2025","Chips_QuarterSplit","10.865","Yuvitza.Davila","03/12/2025","","","","10.92"
"JES-25-128","677991","38.125","39.65","1.53","1","","ALS","PIL-102","HE25388599 - Finalized","03/12/2025","Chips_QuarterSplit","7.415","Yuvitza.Davila","03/12/2025","","","","7.44"
"JES-25-128","677992","39.65","41.175","1.53","1","","ALS","PIL-102","HE25388599 - Finalized","03/12/2025","Chips_QuarterSplit","10.935","Yuvitza.Davila","03/12/2025","","","","10.97"
"JES-25-128","677993","41.175","42.7","1.53","1","","ALS","PIL-102","HE25388599 - Finalized","03/12/2025","Chips_QuarterSplit","8.03","Yuvitza.Davila","03/12/2025","","","","8.06"
"JES-25-128","677994","42.7","44.225","1.53","1","","ALS","PIL-102","HE25388599 - Finalized","03/12/2025","Chips_QuarterSplit","10.68","Yuvitza.Davila","03/12/2025","","","","10.71"
"JES-25-128","677995","44.225","45.75","1.53","1","","ALS","PIL-102","HE25388599 - Finalized","03/12/2025","Chips_QuarterSplit","6.625","Yuvitza.Davila","03/12/2025","","","","6.63"
"JES-25-128","677998","45.75","47.275","1.53","1","","ALS","PIL-102","HE25388599 - Finalized","03/12/2025","Chips_QuarterSplit","10.275","Yuvitza.Davila","03/12/2025","","","","10.3"
"JES-25-128","677999","47.275","48.8","1.53","1","","ALS","PIL-102","HE25388599 - Finalized","03/12/2025","Chips_QuarterSplit","6.405","Yuvitza.Davila","03/12/2025","","","","6.4"
"JES-25-128","678000","48.8","50.325","1.53","1","","ALS","PIL-102","HE25388599 - Finalized","03/12/2025","Chips_QuarterSplit","9.12","Yuvitza.Davila","03/12/2025","","","","9.07"
"JES-25-128","678001","50.325","51.85","1.53","1","","ALS","PIL-102","HE25388599 - Finalized","03/12/2025","Chips_QuarterSplit","7.735","Yuvitza.Davila","03/12/2025","","","","7.76"
"JES-25-128","678002","51.85","53.375","1.53","1","","ALS","PIL-102","HE25388599 - Finalized","03/12/2025","Chips_QuarterSplit","9.655","Yuvitza.Davila","03/12/2025","","","","9.69"
"JES-25-128","678003","53.375","54.9","1.53","1","","ALS","PIL-102","HE25388599 - Finalized","03/12/2025","Chips_QuarterSplit","8.125","Yuvitza.Davila","03/12/2025","","","","8.16"
"JES-25-128","678004","54.9","56.425","1.53","1","","ALS","PIL-102","HE25388599 - Finalized","03/12/2025","Chips_QuarterSplit","9.9","Yuvitza.Davila","03/12/2025","","","","9.94"
"JES-25-128","678005","56.425","57.95","1.53","1","","ALS","PIL-102","HE25388599 - Finalized","03/12/2025","Chips_QuarterSplit","9.31","Yuvitza.Davila","03/12/2025","","","","9.130000000000001"
"JES-25-128","678006","57.95","59.475","1.53","1","","ALS","PIL-102","HE25388599 - Finalized","03/12/2025","Chips_QuarterSplit","9.755","Yuvitza.Davila","03/12/2025","","","","9.800000000000001"
"JES-25-128","678007","59.475","61","1.53","1","","ALS","PIL-102","HE25388599 - Finalized","03/12/2025","Chips_QuarterSplit","8.09","Yuvitza.Davila","03/12/2025","","","","8.119999999999999"
"JES-25-128","678008","61","62.525","1.53","1","","ALS","PIL-102","HE25388599 - Finalized","03/12/2025","Chips_QuarterSplit","9.305","Yuvitza.Davila","03/12/2025","","","","9.33"
"JES-25-128","678009","62.525","64.05","1.53","1","","ALS","PIL-102","HE25388599 - Finalized","03/12/2025","Chips_QuarterSplit","9.45","Yuvitza.Davila","03/12/2025","","","","9.49"
"JES-25-128","678010","64.05","65.575","1.53","1","","ALS","PIL-102","HE25388599 - Finalized","03/12/2025","Chips_QuarterSplit","9.885","Yuvitza.Davila","03/12/2025","","","","9.93"
"JES-25-128","678011","65.575","67.1","1.52","1","","ALS","PIL-102","HE25388599 - Finalized","03/12/2025","Chips_QuarterSplit","7.09","Yuvitza.Davila","03/12/2025","","","","7.13"
"JES-25-128","678012","67.1","68.625","1.53","1","","ALS","PIL-102","HE25388599 - Finalized","03/12/2025","Chips_QuarterSplit","11.175","Yuvitza.Davila","03/12/2025","","","","11.22"
"JES-25-128","678013","68.625","70.15","1.53","1","","ALS","PIL-102","HE25388599 - Finalized","03/12/2025","Chips_QuarterSplit","9.36","Yuvitza.Davila","03/12/2025","","","","9.390000000000001"
"JES-25-128","678014","70.15","71.675","1.52","1","","ALS","PIL-102","HE25388599 - Finalized","03/12/2025","Chips_QuarterSplit","8.91","Yuvitza.Davila","03/12/2025","","","","8.93"
"JES-25-128","678015","71.675","73.2","1.53","1","","ALS","PIL-102","HE25388599 - Finalized","03/12/2025","Chips_QuarterSplit","7.57","Yuvitza.Davila","03/12/2025","","","","7.64"
"JES-25-128","678016","73.2","74.725","1.52","1","","ALS","PIL-102","HE25388599 - Finalized","03/12/2025","Chips_QuarterSplit","9.245","Yuvitza.Davila","03/12/2025","","","","9.279999999999999"
"JES-25-128","678017","74.725","76.25","1.53","1","","ALS","PIL-102","HE25388599 - Finalized","03/12/2025","Chips_QuarterSplit","7.5","Yuvitza.Davila","03/12/2025","","","","7.52"
"JES-25-128","678018","76.25","77.775","1.53","1","","ALS","PIL-102","HE25388599 - Finalized","03/12/2025","Chips_QuarterSplit","9.96","Yuvitza.Davila","03/12/2025","","","","10.01"
"JES-25-128","678019","77.775","79.3","1.52","1","","ALS","PIL-102","HE25388599 - Finalized","03/12/2025","Chips_QuarterSplit","7.05","Yuvitza.Davila","03/12/2025","","","","7.08"
"JES-25-128","678020","79.3","80.825","1.53","1","","ALS","PIL-102","HE25388599 - Finalized","03/12/2025","Chips_QuarterSplit","10.045","Yuvitza.Davila","03/12/2025","","","","10.05"
"JES-25-128","678021","80.825","82.35","1.52","1","","ALS","PIL-102","HE25388599 - Finalized","03/12/2025","Chips_QuarterSplit","7.62","Yuvitza.Davila","03/12/2025","","","","7.65"
"JES-25-128","678022","82.35","83.875","1.53","1","","ALS","PIL-102","HE25388599 - Finalized","03/12/2025","Chips_QuarterSplit","9.785","Yuvitza.Davila","03/12/2025","","","","9.82"
"JES-25-128","678023","83.875","85.4","1.53","1","","ALS","PIL-102","HE25388599 - Finalized","03/12/2025","Chips_QuarterSplit","8.025","Yuvitza.Davila","03/12/2025","","","","8.029999999999999"
"JES-25-128","678024","85.4","86.925","1.52","1","","ALS","PIL-102","HE25388599 - Finalized","03/12/2025","Chips_QuarterSplit","9.74","Yuvitza.Davila","03/12/2025","","","","9.84"
"JES-25-128","678026","86.925","88.45","1.53","1","","ALS","PIL-102","HE25388599 - Finalized","03/12/2025","Chips_QuarterSplit","7.895","Yuvitza.Davila","03/12/2025","","","","7.93"
"JES-25-128","678027","88.45","89.975","1.52","1","","ALS","PIL-102","HE25388599 - Finalized","03/12/2025","Chips_QuarterSplit","10.18","Yuvitza.Davila","03/12/2025","","","","10.22"
"JES-25-128","678028","89.975","91.5","1.53","1","","ALS","PIL-102","HE25388599 - Finalized","03/12/2025","Chips_QuarterSplit","8.565","Yuvitza.Davila","03/12/2025","","","","8.6"
"JES-25-128","678029","91.5","93.025","1.53","1","","ALS","PIL-102","HE25388599 - Finalized","03/12/2025","Chips_QuarterSplit","8.945","Yuvitza.Davila","03/12/2025","","","","8.970000000000001"
"JES-25-128","678030","93.025","94.55","1.52","1","","ALS","PIL-102","HE25388599 - Finalized","03/12/2025","Chips_QuarterSplit","7.48","Yuvitza.Davila","03/12/2025","","","","7.5"
"JES-25-128","678031","94.55","96.075","1.53","1","","ALS","PIL-102","HE25388599 - Finalized","03/12/2025","Chips_QuarterSplit","9.645","Yuvitza.Davila","03/12/2025","","","","9.67"
"JES-25-128","678032","96.075","97.6","1.52","1","","ALS","PIL-102","HE25388599 - Finalized","03/12/2025","Chips_QuarterSplit","8.855","Yuvitza.Davila","03/12/2025","","","","8.880000000000001"
"JES-25-128","678033","97.6","99.125","1.53","1","","ALS","PIL-102","HE25388599 - Finalized","03/12/2025","Chips_QuarterSplit","10.155","Yuvitza.Davila","03/12/2025","","","","10.19"
"JES-25-128","678034","99.125","100.65","1.53","1","","ALS","PIL-102","HE25388599 - Finalized","03/12/2025","Chips_QuarterSplit","8.035","Yuvitza.Davila","03/12/2025","","","","8.07"
"JES-25-128","678035","100.65","102.175","1.52","1","","ALS","PIL-102","HE25388599 - Finalized","03/12/2025","Chips_QuarterSplit","9.865","Yuvitza.Davila","03/12/2025","","","","9.890000000000001"
"JES-25-128","678036","102.175","103.7","1.53","1","","ALS","PIL-102","HE25388599 - Finalized","03/12/2025","Chips_QuarterSplit","9.245","Yuvitza.Davila","03/12/2025","","","","9.23"
"JES-25-128","678037","103.7","105.225","1.52","1","","ALS","PIL-102","HE25388599 - Finalized","03/12/2025","Chips_QuarterSplit","10.355","Yuvitza.Davila","03/12/2025","","","","10.39"
"JES-25-128","678038","105.225","106.75","1.53","1","","ALS","PIL-102","HE25388599 - Finalized","03/12/2025","Chips_QuarterSplit","9.01","Yuvitza.Davila","03/12/2025","","","","9.039999999999999"
"JES-25-128","678039","106.75","108.275","1.53","1","","ALS","PIL-102","HE25388599 - Finalized","03/12/2025","Chips_QuarterSplit","10.675","Yuvitza.Davila","03/12/2025","","","","10.75"
"JES-25-128","678040","108.275","109.8","1.52","1","","ALS","PIL-102","HE25388599 - Finalized","03/12/2025","Chips_QuarterSplit","7.47","Yuvitza.Davila","03/12/2025","","","","7.5"
"JES-25-128","678041","109.8","111.325","1.53","1","","ALS","PIL-102","HE25388599 - Finalized","03/12/2025","Chips_QuarterSplit","10.815","Yuvitza.Davila","03/12/2025","","","","10.85"
"JES-25-128","678042","111.325","112.85","1.52","1","","ALS","PIL-102","HE25388599 - Finalized","03/12/2025","Chips_QuarterSplit","7.95","Yuvitza.Davila","03/12/2025","","","","8.02"
"JES-25-128","678043","112.85","114.375","1.53","1","","ALS","PIL-102","HE25388599 - Finalized","03/12/2025","Chips_QuarterSplit","10.12","Yuvitza.Davila","03/12/2025","","","","10.16"
"JES-25-128","678044","114.375","115.9","1.53","1","","ALS","PIL-102","HE25388599 - Finalized","03/12/2025","Chips_QuarterSplit","8.65","Yuvitza.Davila","03/12/2025","","","","8.69"
"JES-25-128","678045","115.9","117.425","1.52","1","","ALS","PIL-102","HE25388599 - Finalized","03/12/2025","Chips_QuarterSplit","10.675","Yuvitza.Davila","03/12/2025","","","","10.71"
"JES-25-128","678046","117.425","118.95","1.53","1","","ALS","PIL-102","HE25388599 - Finalized","03/12/2025","Chips_QuarterSplit","7.975","Yuvitza.Davila","03/12/2025","","","","7.96"
"JES-25-128","678047","118.95","120.475","1.52","1","","ALS","PIL-102","HE25388599 - Finalized","03/12/2025","Chips_QuarterSplit","10.79","Yuvitza.Davila","03/12/2025","","","","10.81"
"JES-25-128","678048","120.475","122","1.53","1","","ALS","PIL-102","HE25388599 - Finalized","03/12/2025","Chips_QuarterSplit","8.6","Yuvitza.Davila","03/12/2025","","","","8.609999999999999"
"JES-25-128","678049","122","123.525","1.53","1","","ALS","PIL-102","HE25388599 - Finalized","03/12/2025","Chips_QuarterSplit","9.495","Yuvitza.Davila","03/12/2025","","","","9.52"
"JES-25-128","678051","123.525","125.05","1.52","1","","ALS","PIL-102","HE25388599 - Finalized","03/12/2025","Chips_QuarterSplit","7.875","Yuvitza.Davila","03/12/2025","","","","7.89"
"JES-25-128","678052","125.05","126.575","1.53","1","","ALS","PIL-102","HE25388599 - Finalized","03/12/2025","Chips_QuarterSplit","9.77","Yuvitza.Davila","03/12/2025","","","","9.789999999999999"
"JES-25-128","678053","126.575","128.1","1.52","1","","ALS","PIL-102","HE25388599 - Finalized","03/12/2025","Chips_QuarterSplit","6.735","Yuvitza.Davila","03/12/2025","","","","6.75"
"JES-25-128","678054","128.1","129.625","1.53","1","","ALS","PIL-102","HE25388599 - Finalized","03/12/2025","Chips_QuarterSplit","12.44","Yuvitza.Davila","03/12/2025","","","","12.48"
"JES-25-128","678055","129.625","131.15","1.53","1","","ALS","PIL-102","HE25388599 - Finalized","03/12/2025","Chips_QuarterSplit","9.11","Yuvitza.Davila","03/12/2025","","","","9.140000000000001"
"JES-25-128","678056","131.15","132.675","1.53","1","","ALS","PIL-102","HE25388599 - Finalized","03/12/2025","Chips_QuarterSplit","9.675","Yuvitza.Davila","03/12/2025","","","","9.68"
"JES-25-128","678057","132.675","134.2","1.52","1","","ALS","PIL-102","HE25388599 - Finalized","03/12/2025","Chips_QuarterSplit","9.225","Yuvitza.Davila","03/12/2025","","","","9.26"
"JES-25-128","678058","134.2","135.725","1.53","1","","ALS","PIL-102","HE25388599 - Finalized","03/12/2025","Chips_QuarterSplit","11.42","Yuvitza.Davila","03/12/2025","","","","11.44"
"JES-25-128","678059","135.725","137.25","1.53","1","","ALS","PIL-102","HE25388599 - Finalized","03/12/2025","Chips_QuarterSplit","9.13","Yuvitza.Davila","03/12/2025","","","","9.15"
"JES-25-128","678060","137.25","138.775","1.53","1","","ALS","PIL-102","HE25388599 - Finalized","03/12/2025","Chips_QuarterSplit","11.165","Yuvitza.Davila","03/12/2025","","","","11.19"
"JES-25-128","678061","138.775","140.3","1.53","1","","ALS","PIL-102","HE25388599 - Finalized","03/12/2025","Chips_QuarterSplit","7.9","Yuvitza.Davila","03/12/2025","","","","7.91"
"JES-25-128","678062","140.3","141.825","1.52","1","","ALS","PIL-102","HE25388599 - Finalized","03/12/2025","Chips_QuarterSplit","9.65","Yuvitza.Davila","03/12/2025","","","","9.66"
"JES-25-128","678063","141.825","143.35","1.53","1","","ALS","PIL-102","HE25388599 - Finalized","03/12/2025","Chips_QuarterSplit","10.68","Yuvitza.Davila","03/12/2025","","","","10.71"
"JES-25-128","678064","143.35","144.875","1.53","1","","ALS","PIL-102","HE25388599 - Finalized","03/12/2025","Chips_QuarterSplit","10.65","Yuvitza.Davila","03/12/2025","","","","10.69"
"JES-25-128","678065","144.875","146.4","1.53","1","","ALS","PIL-102","HE25388599 - Finalized","03/12/2025","Chips_QuarterSplit","9.355","Yuvitza.Davila","03/12/2025","","","","9.41"
"JES-25-128","678066","146.4","147.925","1.53","1","","ALS","PIL-102","HE25388599 - Finalized","03/12/2025","Chips_QuarterSplit","11.1","Yuvitza.Davila","03/12/2025","","","","11.14"
"JES-25-128","678067","147.925","149.45","1.52","1","","ALS","PIL-102","HE25388599 - Finalized","03/12/2025","Chips_QuarterSplit","10.02","Yuvitza.Davila","03/12/2025","","","","10.04"
"JES-25-128","678068","149.45","150.975","1.53","1","","ALS","PIL-102","HE25388599 - Finalized","03/12/2025","Chips_QuarterSplit","10.765","Yuvitza.Davila","03/12/2025","","","","10.79"
"JES-25-128","678070","150.975","152.5","1.53","1","","ALS","PIL-102","HE25388599 - Finalized","03/12/2025","Chips_QuarterSplit","8.08","Yuvitza.Davila","03/12/2025","","","","8.109999999999999"
"JES-25-128","678071","152.5","154.025","1.53","1","","ALS","PIL-102","HE25388599 - Finalized","03/12/2025","Chips_QuarterSplit","11.445","Yuvitza.Davila","03/12/2025","","","","11.47"
"JES-25-128","678072","154.025","155.55","1.53","1","","ALS","PIL-102","HE25388599 - Finalized","03/12/2025","Chips_QuarterSplit","9.94","Yuvitza.Davila","03/12/2025","","","","9.859999999999999"
"JES-25-128","678073","155.55","157.075","1.52","1","","ALS","PIL-102","HE25388599 - Finalized","03/12/2025","Chips_QuarterSplit","11.1","Yuvitza.Davila","03/12/2025","","","","11.13"
"JES-25-128","678074","157.075","158.6","1.53","1","","ALS","PIL-102","HE25388599 - Finalized","03/12/2025","Chips_QuarterSplit","10.55","Yuvitza.Davila","03/12/2025","","","","10.58"
"JES-25-128","678075","158.6","160.125","1.53","1","","ALS","PIL-102","HE25388599 - Finalized","03/12/2025","Chips_QuarterSplit","9.765","Yuvitza.Davila","03/12/2025","","","","9.800000000000001"
"JES-25-128","678076","160.125","161.65","1.53","1","","ALS","PIL-102","HE25388599 - Finalized","03/12/2025","Chips_QuarterSplit","8.18","Yuvitza.Davila","03/12/2025","","","","8.19"
"JES-25-128","678077","161.65","163.175","1.53","1","","ALS","PIL-102","HE25388599 - Finalized","03/12/2025","Chips_QuarterSplit","11.475","Yuvitza.Davila","03/12/2025","","","","11.5"
"JES-25-128","678078","163.175","164.7","1.52","1","","ALS","PIL-102","HE25388599 - Finalized","03/12/2025","Chips_QuarterSplit","9.53","Yuvitza.Davila","03/12/2025","","","","9.56"
"JES-25-128","678079","164.7","166.225","1.53","1","","ALS","PIL-102","HE25388599 - Finalized","03/12/2025","Chips_QuarterSplit","11.24","Yuvitza.Davila","03/12/2025","","","","11.26"
"JES-25-128","678081","166.225","167.75","1.53","1","","ALS","PIL-102","HE25388599 - Finalized","03/12/2025","Chips_QuarterSplit","7.735","Yuvitza.Davila","03/12/2025","","","","7.76"
"JES-25-128","678082","167.75","169.275","1.53","1","","ALS","PIL-102","HE25388599 - Finalized","03/12/2025","Chips_QuarterSplit","10.595","Yuvitza.Davila","03/12/2025","","","","10.61"
"JES-25-128","678083","169.275","170.8","1.53","1","","ALS","PIL-102","HE25388599 - Finalized","03/12/2025","Chips_QuarterSplit","9.555","Yuvitza.Davila","03/12/2025","","","","9.6"
"JES-25-128","678084","170.8","172.325","1.52","1","","ALS","PIL-102","HE25388599 - Finalized","03/12/2025","Chips_QuarterSplit","9.42","Yuvitza.Davila","03/12/2025","","","","9.449999999999999"
"JES-25-128","678085","172.325","173.85","1.53","1","","ALS","PIL-102","HE25388599 - Finalized","03/12/2025","Chips_QuarterSplit","10.475","Yuvitza.Davila","03/12/2025","","","","10.51"
"JES-25-128","678086","173.85","175.375","1.53","1","","ALS","PIL-102","HE25388599 - Finalized","03/12/2025","Chips_QuarterSplit","10.39","Yuvitza.Davila","03/12/2025","","","","10.42"
"JES-25-128","678087","175.375","176.9","1.53","1","","ALS","PIL-102","HE25388599 - Finalized","03/12/2025","Chips_QuarterSplit","9.83","Yuvitza.Davila","03/12/2025","","","","9.869999999999999"
"JES-25-128","678088","176.9","178.425","1.53","1","","ALS","PIL-102","HE25388599 - Finalized","03/12/2025","Chips_QuarterSplit","10.815","Yuvitza.Davila","03/12/2025","","","","10.86"
"JES-25-128","678089","178.425","179.95","1.52","1","","ALS","PIL-102","HE25388599 - Finalized","03/12/2025","Chips_QuarterSplit","9.46","Yuvitza.Davila","03/12/2025","","","","9.49"
"JES-25-128","678090","179.95","181.475","1.53","1","","ALS","PIL-102","HE25388599 - Finalized","03/12/2025","Chips_QuarterSplit","11.1","Yuvitza.Davila","03/12/2025","","","","11.13"
"JES-25-128","678092","181.475","183","1.53","1","","ALS","PIL-102","HE25388599 - Finalized","03/12/2025","Chips_QuarterSplit","9.495","Yuvitza.Davila","03/12/2025","","","","9.52"
"JES-25-128","678093","183","184.525","1.53","1","","ALS","PIL-102","HE25388599 - Finalized","03/12/2025","Chips_QuarterSplit","10.305","Yuvitza.Davila","03/12/2025","","","","10.34"
"JES-25-128","678094","184.525","186.05","1.53","1","","ALS","PIL-102","HE25388599 - Finalized","03/12/2025","Chips_QuarterSplit","9.75","Yuvitza.Davila","03/12/2025","","","","9.779999999999999"
"JES-25-128","678095","186.05","187.575","1.52","1","","ALS","PIL-102","HE25388599 - Finalized","03/12/2025","Chips_QuarterSplit","10.255","Yuvitza.Davila","03/12/2025","","","","10.28"
"JES-25-128","678096","187.575","189.1","1.53","1","","ALS","PIL-102","HE25388599 - Finalized","03/12/2025","Chips_QuarterSplit","9.165","Yuvitza.Davila","03/12/2025","","","","9.18"
"JES-25-128","678097","189.1","190.625","1.53","1","","ALS","PIL-102","HE25388599 - Finalized","03/12/2025","Chips_QuarterSplit","10.155","Yuvitza.Davila","03/12/2025","","","","10.18"
"JES-25-128","678098","190.625","192.15","1.53","1","","ALS","PIL-102","HE25388599 - Finalized","03/12/2025","Chips_QuarterSplit","8.99","Yuvitza.Davila","03/12/2025","","","","9.02"
"JES-25-128","678099","192.15","193.675","1.53","1","","ALS","PIL-102","HE25388599 - Finalized","03/12/2025","Chips_QuarterSplit","10.72","Yuvitza.Davila","03/12/2025","","","","10.76"
"JES-25-128","678100","193.675","195.2","1.52","1","","ALS","PIL-102","HE25388599 - Finalized","03/12/2025","Chips_QuarterSplit","10.61","Yuvitza.Davila","03/12/2025","","","","10.68"
"JES-25-128","678101","195.2","196.725","1.53","1","","ALS","PIL-102","HE25388599 - Finalized","03/12/2025","Chips_QuarterSplit","8.965","Yuvitza.Davila","03/12/2025","","","","9.01"
"JES-25-128","678102","196.725","198.25","1.53","1","","ALS","PIL-102","HE25388599 - Finalized","03/12/2025","Chips_QuarterSplit","8.39","Yuvitza.Davila","03/12/2025","","","","8.42"
"JES-25-128","678103","198.25","199.775","1.53","1","","ALS","PIL-102","HE25388599 - Finalized","03/12/2025","Chips_QuarterSplit","15.5","Yuvitza.Davila","03/12/2025","","","","15.62"
"JES-25-128","678104","199.775","201.3","1.53","1","","ALS","PIL-102","HE25388599 - Finalized","03/12/2025","Chips_QuarterSplit","9.17","Yuvitza.Davila","03/12/2025","","","","9.210000000000001"
"JES-25-128","678109","201.3","202.825","1.52","1","","ALS","PIL-102","HE25388599 - Finalized","03/12/2025","Chips_QuarterSplit","7.59","Yuvitza.Davila","03/12/2025","","","","7.62"
"JES-25-128","678110","202.825","204.35","1.53","1","","ALS","PIL-102","HE25388599 - Finalized","03/12/2025","Chips_QuarterSplit","8.055","Yuvitza.Davila","03/12/2025","","","","8.09"
"JES-25-128","678111","204.35","205.875","1.53","1","","ALS","PIL-102","HE25388599 - Finalized","03/12/2025","Chips_QuarterSplit","8.26","Yuvitza.Davila","03/12/2025","","","","8.300000000000001"
"JES-25-128","678112","205.875","207.4","1.53","1","","ALS","PIL-102","HE25388599 - Finalized","03/12/2025","Chips_QuarterSplit","7.76","Yuvitza.Davila","03/12/2025","","","","7.78"
"JES-25-128","678113","207.4","208.925","1.53","1","","ALS","PIL-102","HE25388599 - Finalized","03/12/2025","Chips_QuarterSplit","7.755","Yuvitza.Davila","03/12/2025","","","","7.78"
"JES-25-128","678114","208.925","210.45","1.52","1","","ALS","PIL-102","HE25388599 - Finalized","03/12/2025","Chips_QuarterSplit","6.765","Yuvitza.Davila","03/12/2025","","","","6.79"
"JES-25-128","678115","210.45","211.975","1.53","1","","ALS","PIL-102","HE25388599 - Finalized","03/12/2025","Chips_QuarterSplit","7.285","Yuvitza.Davila","03/12/2025","","","","7.31"
"JES-25-128","678116","211.975","213.5","1.53","1","","ALS","PIL-102","HE25388599 - Finalized","03/12/2025","Chips_QuarterSplit","5.76","Yuvitza.Davila","03/12/2025","","","","5.79"
"JES-25-128","678117","213.5","215.025","1.53","1","","ALS","PIL-102","HE25388599 - Finalized","03/12/2025","Chips_QuarterSplit","6.62","Yuvitza.Davila","03/12/2025","","","","6.55"
"JES-25-128","678118","215.025","216.55","1.53","1","","ALS","PIL-102","HE25388599 - Finalized","03/12/2025","Chips_QuarterSplit","6.56","Yuvitza.Davila","03/12/2025","","","","6.59"
"JES-25-128","678120","216.55","218.075","1.52","1","","ALS","PIL-102","HE25388599 - Finalized","03/12/2025","Chips_QuarterSplit","7.305","Yuvitza.Davila","03/12/2025","","","","7.34"
"JES-25-128","678121","218.075","219.6","1.53","1","","ALS","PIL-102","HE25388599 - Finalized","03/12/2025","Chips_QuarterSplit","5.77","Yuvitza.Davila","03/12/2025","","","","5.79"
"JES-25-128","678122","219.6","221.125","1.53","1","","ALS","PIL-102","HE25388599 - Finalized","03/12/2025","Chips_QuarterSplit","7.53","Yuvitza.Davila","03/12/2025","","","","7.21"
"JES-25-128","678123","221.125","222.65","1.53","1","","ALS","PIL-102","HE25388599 - Finalized","03/12/2025","Chips_QuarterSplit","6.325","Yuvitza.Davila","03/12/2025","","","","6.35"
"JES-25-128","678124","222.65","224.175","1.53","1","","ALS","PIL-102","HE25388599 - Finalized","03/12/2025","Chips_QuarterSplit","7.02","Yuvitza.Davila","03/12/2025","","","","7.05"
"JES-25-128","678125","224.175","225.7","1.52","1","","ALS","PIL-102","HE25388599 - Finalized","03/12/2025","Chips_QuarterSplit","5.985","Yuvitza.Davila","03/12/2025","","","","6.01"
"JES-25-128","678126","225.7","227.225","1.53","1","","ALS","PIL-102","HE25388599 - Finalized","03/12/2025","Chips_QuarterSplit","7.32","Yuvitza.Davila","03/12/2025","","","","7.35"
"JES-25-128","678127","227.225","228.75","1.53","1","","ALS","PIL-102","HE25388599 - Finalized","03/12/2025","Chips_QuarterSplit","6.22","Yuvitza.Davila","03/12/2025","","","","6.23"
"JES-25-128","678128","228.75","230.275","1.53","1","","ALS","PIL-102","HE25388599 - Finalized","03/12/2025","Chips_QuarterSplit","7.275","Yuvitza.Davila","03/12/2025","","","","7.31"
"JES-25-128","678130","230.275","231.8","1.53","1","","ALS","PIL-102","HE25388599 - Finalized","03/12/2025","Chips_QuarterSplit","6.67","Yuvitza.Davila","03/12/2025","","","","6.7"
"JES-25-128","678131","231.8","233.325","1.52","1","","ALS","PIL-102","HE25388599 - Finalized","03/12/2025","Chips_QuarterSplit","7.33","Yuvitza.Davila","03/12/2025","","","","7.36"