Collar,Sample ID,Geol_From,Geol_To,Thickness,Chk,Comments,Lab,Dispatch_ID,Lab_Certificate,Dispatch_Date,Drill_Sample_Type,Sample_Mass,Sampler,Samp_Date,AuCheck_ppm_Au-AA23,AuCheck_ppm_Au-AA24,AuCheck_ppm_Au-GRA22,RecvdWt_kg_WEI-21
JES-25-103,675002,0,5.6,5.6,1,Mide 110 cm,ALS,PIL-077,HE25027014 - Finalized,15/01/2025,Core_HalfSplit,2.74,Yuvitza.Davila,15/01/2025,,,,1.94
JES-25-103,675003,5.6,7.8,2.2,1,La muestra mide 50 cm,ALS,PIL-077,HE25027014 - Finalized,15/01/2025,Core_HalfSplit,1.67,Yuvitza.Davila,15/01/2025,,,,0.87
JES-25-103,675004,7.8,9.8,2,1,La muestra mide 150 cm,ALS,PIL-077,HE25027014 - Finalized,15/01/2025,Core_HalfSplit,3.75,Yuvitza.Davila,15/01/2025,,,,2.94
JES-25-103,675005,9.8,11.8,2,1,110,ALS,PIL-077,HE25027014 - Finalized,15/01/2025,Core_HalfSplit,2.97,Yuvitza.Davila,15/01/2025,,,,2.17
JES-25-103,675006,11.8,13.6,1.8,1,La muestra mide 110.,ALS,PIL-077,HE25027014 - Finalized,15/01/2025,Core_HalfSplit,3.4,Yuvitza.Davila,15/01/2025,,,,3.41
JES-25-103,675007,13.6,15.6,2,1,La muestra mide 110,ALS,PIL-077,HE25027014 - Finalized,15/01/2025,Core_HalfSplit,5.595,Yuvitza.Davila,15/01/2025,,,,5.6
JES-25-103,675008,15.6,17.6,2,1,La muestra mide 2 mts,ALS,PIL-077,HE25027014 - Finalized,15/01/2025,Core_HalfSplit,3.405,Yuvitza.Davila,15/01/2025,,,,3.41
JES-25-103,675009,17.6,19.7,2.1,1,La muestra mide 190 cm.,ALS,PIL-077,HE25027014 - Finalized,15/01/2025,Core_HalfSplit,5.385,Yuvitza.Davila,15/01/2025,,,,5.39
JES-25-103,675010,19.7,21.3,1.6,1,La muestra mide 2m,ALS,PIL-077,HE25027014 - Finalized,15/01/2025,Core_HalfSplit,3.725,Yuvitza.Davila,15/01/2025,,,,3.73
JES-25-103,675012,21.3,23.65,2.35,1,La muestra mide 2 m,ALS,PIL-077,HE25027014 - Finalized,15/01/2025,Core_HalfSplit,3.72,Yuvitza.Davila,15/01/2025,,,,3.72
JES-25-103,675013,23.65,26.4,2.75,1,la muestra mide 2m,ALS,PIL-077,HE25027014 - Finalized,15/01/2025,Core_HalfSplit,3.02,Yuvitza.Davila,15/01/2025,,,,3.03
JES-25-103,675014,26.4,29.3,2.9,1,La muestra mide 1.50m,ALS,PIL-077,HE25027014 - Finalized,15/01/2025,Core_HalfSplit,4.025,Yuvitza.Davila,15/01/2025,,,,4.04
JES-25-103,675016,29.3,30.9,1.6,1,La muestra mide 160,ALS,PIL-077,HE25027014 - Finalized,15/01/2025,Core_QuarterSplit,4.94,Yuvitza.Davila,15/01/2025,,,,2.39
JES-25-103,675017,30.9,32.5,1.6,1,La muestra mide 180cm,ALS,PIL-077,HE25027014 - Finalized,15/01/2025,Core_HalfSplit,5.775,Yuvitza.Davila,15/01/2025,,,,5.78
JES-25-103,675018,32.5,33,0.5,1,La muestra mide 1.90,ALS,PIL-077,HE25027014 - Finalized,15/01/2025,Core_HalfSplit,1.71,Yuvitza.Davila,15/01/2025,,,,1.72
JES-25-103,675019,33,35,2,1,La muestra mide 50m,ALS,PIL-077,HE25027014 - Finalized,15/01/2025,Core_HalfSplit,5.785,Yuvitza.Davila,15/01/2025,,,,5.8
JES-25-103,675020,35,36,1,1,La muestra mide 2mts,ALS,PIL-077,HE25027014 - Finalized,15/01/2025,Core_HalfSplit,3.81,Yuvitza.Davila,15/01/2025,,,,3.82
JES-25-103,675021,36,38,2,1,La muestra mide 110cm.,ALS,PIL-077,HE25027014 - Finalized,15/01/2025,Core_HalfSplit,4.81,Yuvitza.Davila,15/01/2025,,,,4.81
JES-25-103,675022,38,39.75,1.75,1,La muestra mide 2mts,ALS,PIL-077,HE25027014 - Finalized,15/01/2025,Core_HalfSplit,4.385,Yuvitza.Davila,15/01/2025,,,,4.39
JES-25-103,675023,39.75,41.5,1.75,1,La muestra mide 2mts,ALS,PIL-077,HE25027014 - Finalized,15/01/2025,Core_HalfSplit,5.48,Yuvitza.Davila,15/01/2025,,,,5.49
JES-25-103,675024,41.5,42,0.5,1,La muetsra mide 150cm,ALS,PIL-077,HE25027014 - Finalized,15/01/2025,Core_HalfSplit,1.735,Yuvitza.Davila,15/01/2025,,,,1.75
JES-25-103,675025,42,43.4,1.4,1,La muestra mide 160cm,ALS,PIL-077,HE25027014 - Finalized,15/01/2025,Core_HalfSplit,4.635,Yuvitza.Davila,15/01/2025,,,,4.64
JES-25-103,675026,43.4,45.4,2,1,La muestra mide 120cm,ALS,PIL-077,HE25027014 - Finalized,15/01/2025,Core_HalfSplit,7.67,Yuvitza.Davila,15/01/2025,,,,7.68
JES-25-103,675027,45.4,47.4,2,1,La muestra mide 2mts,ALS,PIL-077,HE25027014 - Finalized,15/01/2025,Core_HalfSplit,6.1,Yuvitza.Davila,15/01/2025,,,,6.1
JES-25-103,675028,47.4,48.7,1.3,1,La muestra mide 2mts.,ALS,PIL-077,HE25027014 - Finalized,15/01/2025,Core_HalfSplit,4.54,Yuvitza.Davila,15/01/2025,,,,4.54
JES-25-103,675029,48.7,50.7,2,1,La muestra mide 120cm,ALS,PIL-077,HE25027014 - Finalized,15/01/2025,Core_HalfSplit,7.21,Yuvitza.Davila,15/01/2025,,,,7.21
JES-25-103,675030,50.7,52.55,1.85,1,La muetsra mide 2mts,ALS,PIL-077,HE25027014 - Finalized,15/01/2025,Core_HalfSplit,6.4,Yuvitza.Davila,15/01/2025,,,,6.41
JES-25-103,675031,52.55,54.4,1.85,1,La muestra mide 2mts,ALS,PIL-077,HE25027014 - Finalized,15/01/2025,Core_HalfSplit,6.97,Yuvitza.Davila,15/01/2025,,,,6.97
JES-25-103,675032,54.4,56.4,2,1,La muestra mide 2 mts,ALS,PIL-077,HE25027014 - Finalized,15/01/2025,Core_HalfSplit,4.38,Yuvitza.Davila,15/01/2025,,,,4.39
JES-25-103,675033,56.4,58.4,2,1,La muestra mide 150,ALS,PIL-077,HE25027014 - Finalized,15/01/2025,Core_HalfSplit,4.67,Yuvitza.Davila,15/01/2025,,,,4.68
JES-25-103,675034,58.4,60.4,2,1,La muestra mide 150cm.,ALS,PIL-077,HE25027014 - Finalized,15/01/2025,Core_HalfSplit,5.6,Yuvitza.Davila,15/01/2025,,,,5.61
JES-25-103,675035,60.4,62.6,2.2,1,La muestra mide 2mts,ALS,PIL-077,HE25027014 - Finalized,15/01/2025,Core_HalfSplit,6.38,Yuvitza.Davila,15/01/2025,,,,6.38
JES-25-103,675036,62.6,65,2.4,1,La muestra mide 2mts,ALS,PIL-077,HE25027014 - Finalized,15/01/2025,Core_HalfSplit,4.6,Yuvitza.Davila,15/01/2025,,,,4.61
JES-25-103,675037,65,66.6,1.6,1,la muestra mide 160cm,ALS,PIL-077,HE25027014 - Finalized,15/01/2025,Core_HalfSplit,5.31,Yuvitza.Davila,15/01/2025,,,,5.32
JES-25-103,675038,66.6,68.6,2,1,La muestra mide 150cm.,ALS,PIL-077,HE25027014 - Finalized,15/01/2025,Core_HalfSplit,6.675,Yuvitza.Davila,15/01/2025,,,,6.67
JES-25-103,675039,68.6,70.7,2.1,1,La muestra mide 2mts.,ALS,PIL-077,HE25027014 - Finalized,15/01/2025,Core_HalfSplit,5.175,Yuvitza.Davila,15/01/2025,,,,5.17
JES-25-103,675040,70.7,72.6,1.9,1,la muestra mide 2 mts.,ALS,PIL-077,HE25027014 - Finalized,15/01/2025,Core_HalfSplit,8.33,Yuvitza.Davila,15/01/2025,,,,8.34
JES-25-103,675041,72.6,74.6,2,1,La muestra mide 2 mts,ALS,PIL-077,HE25027014 - Finalized,15/01/2025,Core_HalfSplit,5.985,Yuvitza.Davila,15/01/2025,,,,5.99
JES-25-103,675043,74.6,76.6,2,1,La muestra mide 2 mts.,ALS,PIL-077,HE25027014 - Finalized,15/01/2025,Core_HalfSplit,7.32,Yuvitza.Davila,15/01/2025,,,,7.32
JES-25-103,675044,76.6,78.6,2,1,La muestra mide 2mts.,ALS,PIL-077,HE25027014 - Finalized,15/01/2025,Core_HalfSplit,8.815,Yuvitza.Davila,15/01/2025,,,,8.82
JES-25-103,675045,78.6,80.5,1.9,1,La muestra mide 2mts,ALS,PIL-077,HE25027014 - Finalized,15/01/2025,Core_HalfSplit,6.3,Yuvitza.Davila,15/01/2025,,,,6.3
JES-25-104,675047,0,2.8,2.8,1,Real de largo de la muestra 60 cm,ALS,PIL-078,HE25027015 - Finalized,19/01/2025,Core_HalfSplit,2.02,Isaac.Ortega,17/01/2025,,,,2.02
JES-25-104,675048,2.8,5.65,2.85,1,Muestra  real de 80 cm,ALS,PIL-078,HE25027015 - Finalized,19/01/2025,Core_HalfSplit,2.075,Isaac.Ortega,17/01/2025,,,,2.07
JES-25-104,675049,5.65,6.1,0.45,1,,ALS,PIL-078,HE25027015 - Finalized,19/01/2025,Core_HalfSplit,1.895,Isaac.Ortega,17/01/2025,,,,1.9
JES-25-104,675050,6.1,11.2,5.1,1,Muestra real de 1.15 metros,ALS,PIL-078,HE25027015 - Finalized,19/01/2025,Core_HalfSplit,2.925,Isaac.Ortega,17/01/2025,,,,2.94
JES-25-104,675051,11.2,14.1,2.9,1,Muestra real de  1.05 metros,ALS,PIL-078,HE25027015 - Finalized,19/01/2025,Core_HalfSplit,2.17,Isaac.Ortega,17/01/2025,,,,2.18
JES-25-104,675052,14.1,15.6,1.5,1,,ALS,PIL-078,HE25027015 - Finalized,19/01/2025,Core_HalfSplit,3.99,Isaac.Ortega,17/01/2025,,,,4.01
JES-25-104,675053,15.6,20.25,4.65,1,muestra real de 1.25 metros,ALS,PIL-078,HE25027015 - Finalized,19/01/2025,Core_HalfSplit,3.05,Isaac.Ortega,17/01/2025,,,,3.06
JES-25-104,675054,20.25,23.25,3,1,muestra real de 1.25,ALS,PIL-078,HE25027015 - Finalized,19/01/2025,Core_HalfSplit,4.165,Isaac.Ortega,17/01/2025,,,,4.17
JES-25-104,675055,23.25,24.4,1.15,1,,ALS,PIL-078,HE25027015 - Finalized,19/01/2025,Core_HalfSplit,4.385,Isaac.Ortega,17/01/2025,,,,4.4
JES-25-104,675056,24.4,26.4,2,1,,ALS,PIL-078,HE25027015 - Finalized,19/01/2025,Core_HalfSplit,3.125,Isaac.Ortega,17/01/2025,,,,3.13
JES-25-104,675057,26.4,27.8,1.4,1,,ALS,PIL-078,HE25027015 - Finalized,19/01/2025,Core_HalfSplit,5.58,Isaac.Ortega,17/01/2025,,,,5.59
JES-25-104,675058,27.8,29.6,1.8,1,,ALS,PIL-078,HE25027015 - Finalized,19/01/2025,Core_HalfSplit,3.92,Isaac.Ortega,17/01/2025,,,,3.93
JES-25-104,675060,29.6,30.25,0.65,1,,ALS,PIL-078,HE25027015 - Finalized,19/01/2025,Core_HalfSplit,2.02,Isaac.Ortega,17/01/2025,,,,2.02
JES-25-104,675061,30.25,32.45,2.2,1,,ALS,PIL-078,HE25027015 - Finalized,19/01/2025,Core_HalfSplit,3.04,Isaac.Ortega,17/01/2025,,,,3.05
JES-25-104,675062,32.45,35.6,3.15,1,,ALS,PIL-078,HE25027015 - Finalized,19/01/2025,Core_HalfSplit,6.81,Isaac.Ortega,17/01/2025,,,,6.83
JES-25-104,675063,35.6,36.9,1.3,1,,ALS,PIL-078,HE25027015 - Finalized,19/01/2025,Core_HalfSplit,4.925,Isaac.Ortega,17/01/2025,,,,4.93
JES-25-104,675064,36.9,38,1.1,1,,ALS,PIL-078,HE25027015 - Finalized,19/01/2025,Core_HalfSplit,2.98,Isaac.Ortega,17/01/2025,,,,2.99
JES-25-104,675065,38,40,2,1,,ALS,PIL-078,HE25027015 - Finalized,19/01/2025,Core_HalfSplit,6.905,Isaac.Ortega,17/01/2025,,,,6.92
JES-25-104,675066,40,42,2,1,,ALS,PIL-078,HE25027015 - Finalized,19/01/2025,Core_HalfSplit,7.405,Isaac.Ortega,17/01/2025,,,,7.41
JES-25-104,675067,42,44,2,1,,ALS,PIL-078,HE25027015 - Finalized,19/01/2025,Core_HalfSplit,5.89,Isaac.Ortega,17/01/2025,,,,5.9
JES-25-104,675068,44,46,2,1,,ALS,PIL-078,HE25027015 - Finalized,19/01/2025,Core_HalfSplit,5.77,Isaac.Ortega,17/01/2025,,,,5.78
JES-25-104,675069,46,48,2,1,,ALS,PIL-078,HE25027015 - Finalized,19/01/2025,Core_HalfSplit,8.63,Isaac.Ortega,17/01/2025,,,,8.64
JES-25-104,675070,48,50,2,1,,ALS,PIL-078,HE25027015 - Finalized,19/01/2025,Core_HalfSplit,7.745,Isaac.Ortega,17/01/2025,,,,7.74
JES-25-104,675071,50,52,2,1,,ALS,PIL-078,HE25027015 - Finalized,19/01/2025,Core_HalfSplit,7.275,Isaac.Ortega,17/01/2025,,,,7.28
JES-25-104,675072,52,54,2,1,,ALS,PIL-078,HE25027015 - Finalized,19/01/2025,Core_HalfSplit,7.13,Isaac.Ortega,17/01/2025,,,,7.14
JES-25-104,675073,54,56,2,1,,ALS,PIL-078,HE25027015 - Finalized,19/01/2025,Core_HalfSplit,7.175,Isaac.Ortega,17/01/2025,,,,7.17
JES-25-104,675075,56,58,2,1,,ALS,PIL-078,HE25027015 - Finalized,19/01/2025,Core_HalfSplit,6.995,Isaac.Ortega,17/01/2025,,,,6.7
JES-25-104,675076,58,59.65,1.65,1,,ALS,PIL-078,HE25027015 - Finalized,19/01/2025,Core_HalfSplit,6.65,Isaac.Ortega,17/01/2025,,,,6.65
JES-25-104,675077,59.65,60,0.35,1,,ALS,PIL-078,HE25027015 - Finalized,19/01/2025,Core_HalfSplit,1.775,Isaac.Ortega,17/01/2025,,,,1.75
JES-25-104,675078,60,62,2,1,,ALS,PIL-078,HE25027015 - Finalized,19/01/2025,Core_HalfSplit,6.635,Isaac.Ortega,17/01/2025,,,,6.64
JES-25-104,675079,62,64,2,1,,ALS,PIL-078,HE25027015 - Finalized,19/01/2025,Core_HalfSplit,7.765,Isaac.Ortega,17/01/2025,,,,7.77
JES-25-104,675080,64,66,2,1,,ALS,PIL-078,HE25027015 - Finalized,19/01/2025,Core_HalfSplit,7.595,Isaac.Ortega,17/01/2025,,,,7.6
JES-25-104,675081,66,68,2,1,,ALS,PIL-078,HE25027015 - Finalized,19/01/2025,Core_HalfSplit,5.34,Isaac.Ortega,17/01/2025,,,,5.34
JES-25-104,675082,68,70,2,1,,ALS,PIL-078,HE25027015 - Finalized,19/01/2025,Core_HalfSplit,8.285,Isaac.Ortega,17/01/2025,,,,8.29
JES-25-104,675083,70,72,2,1,,ALS,PIL-078,HE25027015 - Finalized,19/01/2025,Core_QuarterSplit,2.825,Isaac.Ortega,17/01/2025,,,,3.08
JES-25-104,675084,72,74,2,1,,ALS,PIL-078,HE25027015 - Finalized,19/01/2025,Core_HalfSplit,6.16,Isaac.Ortega,17/01/2025,,,,6.16
JES-25-104,675085,74,76,2,1,,ALS,PIL-078,HE25027015 - Finalized,19/01/2025,Core_HalfSplit,7.565,Isaac.Ortega,17/01/2025,,,,7.57
JES-25-104,675086,76,78,2,1,,ALS,PIL-078,HE25027015 - Finalized,19/01/2025,Core_HalfSplit,7.36,Isaac.Ortega,17/01/2025,,,,7.37
JES-25-104,675087,78,80,2,1,,ALS,PIL-078,HE25027015 - Finalized,19/01/2025,Core_HalfSplit,7.81,Isaac.Ortega,17/01/2025,,,,7.81
JES-25-104,675088,80,82,2,1,,ALS,PIL-078,HE25027015 - Finalized,19/01/2025,Core_HalfSplit,7.235,Isaac.Ortega,17/01/2025,,,,7.24
JES-25-104,675089,82,84,2,1,,ALS,PIL-078,HE25027015 - Finalized,19/01/2025,Core_HalfSplit,7.04,Isaac.Ortega,17/01/2025,,,,7.05
JES-25-104,675090,84,86,2,1,,ALS,PIL-078,HE25027015 - Finalized,19/01/2025,Core_HalfSplit,7.125,Isaac.Ortega,17/01/2025,,,,7.14
JES-25-104,675091,86,87.83,1.83,1,,ALS,PIL-078,HE25027015 - Finalized,19/01/2025,Core_HalfSplit,7.125,Isaac.Ortega,17/01/2025,,,,7.13
JES-25-104,675093,87.83,89.45,1.62,1,,ALS,PIL-078,HE25027015 - Finalized,19/01/2025,Core_HalfSplit,5.16,Isaac.Ortega,17/01/2025,,,,5.16
JES-25-104,675095,89.45,90,0.55,1,,ALS,PIL-078,HE25027015 - Finalized,19/01/2025,Core_HalfSplit,2.445,Isaac.Ortega,17/01/2025,,,,2.44
JES-25-104,675096,90,91.15,1.15,1,,ALS,PIL-078,HE25027015 - Finalized,19/01/2025,Core_HalfSplit,4.71,Isaac.Ortega,17/01/2025,,,,4.72
JES-25-104,675097,91.15,92.25,1.1,1,,ALS,PIL-078,HE25027015 - Finalized,19/01/2025,Core_HalfSplit,3.895,Isaac.Ortega,17/01/2025,,,,3.89
JES-25-104,675098,92.25,94.35,2.1,1,,ALS,PIL-078,HE25027015 - Finalized,19/01/2025,Core_HalfSplit,7.13,Isaac.Ortega,17/01/2025,,,,8.12
JES-25-104,675099,94.35,95.8,1.45,1,,ALS,PIL-078,HE25027015 - Finalized,19/01/2025,Core_HalfSplit,1.545,Isaac.Ortega,17/01/2025,,,,1.54
JES-25-104,675101,95.8,97,1.2,1,,ALS,PIL-078,HE25027015 - Finalized,19/01/2025,Core_HalfSplit,3.215,Isaac.Ortega,17/01/2025,,,,3.22
JES-25-104,675102,97,97.55,0.55,1,,ALS,PIL-078,HE25027015 - Finalized,19/01/2025,Core_HalfSplit,1.97,Isaac.Ortega,17/01/2025,,,,1.97
JES-25-104,675103,97.55,99.55,2,1,,ALS,PIL-078,HE25027015 - Finalized,19/01/2025,Core_HalfSplit,7.89,Isaac.Ortega,17/01/2025,,,,7.89
JES-25-104,675104,99.55,101.6,2.05,1,,ALS,PIL-078,HE25027015 - Finalized,19/01/2025,Core_HalfSplit,7.515,Isaac.Ortega,17/01/2025,,,,7.51
JES-25-104,675105,101.6,103.6,2,1,,ALS,PIL-078,HE25027015 - Finalized,19/01/2025,Core_HalfSplit,8.505,Isaac.Ortega,17/01/2025,,,,8.52
JES-25-105,675107,0,2.55,2.55,1,,ALS,PIL-079,HE25036813 - Finalized,28/01/2025,Core_HalfSplit,3.76,Yuvitza.Davila,28/01/2025,,,,3.76
JES-25-105,675108,2.55,5.6,3.05,1,,ALS,PIL-079,HE25036813 - Finalized,28/01/2025,Core_HalfSplit,5.235,Yuvitza.Davila,28/01/2025,,,,5.23
JES-25-105,675109,5.6,9,3.4,1,,ALS,PIL-079,HE25036813 - Finalized,28/01/2025,Core_QuarterSplit,4.655,Yuvitza.Davila,28/01/2025,,,,4.66
JES-25-105,675110,9,10.3,1.3,1,,ALS,PIL-079,HE25036813 - Finalized,28/01/2025,Core_HalfSplit,3.65,Yuvitza.Davila,28/01/2025,,,,3.65
JES-25-105,675111,10.3,11.2,0.9,1,,ALS,PIL-079,HE25036813 - Finalized,28/01/2025,Core_HalfSplit,2.63,Yuvitza.Davila,28/01/2025,,,,2.64
JES-25-105,675112,11.2,12,0.8,1,,ALS,PIL-079,HE25036813 - Finalized,28/01/2025,Core_HalfSplit,2.995,Yuvitza.Davila,28/01/2025,,,,2.99
JES-25-105,675113,12,13.85,1.85,1,,ALS,PIL-079,HE25036813 - Finalized,28/01/2025,Core_HalfSplit,3.005,Yuvitza.Davila,28/01/2025,,,,3.02
JES-25-105,675114,13.85,15.75,1.9,1,,ALS,PIL-079,HE25036813 - Finalized,28/01/2025,Core_QuarterSplit,1.61,Yuvitza.Davila,28/01/2025,,,,1.61
JES-25-105,675115,15.75,16.9,1.15,1,,ALS,PIL-079,HE25036813 - Finalized,28/01/2025,Core_HalfSplit,3.95,Yuvitza.Davila,28/01/2025,,,,3.95
JES-25-105,675116,16.9,18.05,1.15,1,,ALS,PIL-079,HE25036813 - Finalized,28/01/2025,Core_HalfSplit,3.65,Yuvitza.Davila,28/01/2025,,,,3.65
JES-25-105,675117,18.05,20.8,2.75,1,,ALS,PIL-079,HE25036813 - Finalized,28/01/2025,Core_HalfSplit,3.415,Yuvitza.Davila,28/01/2025,,,,3.42
JES-25-105,675118,20.8,22.85,2.05,1,,ALS,PIL-079,HE25036813 - Finalized,28/01/2025,Core_HalfSplit,3.255,Yuvitza.Davila,28/01/2025,,,,3.25
JES-25-105,675119,22.85,23.5,0.65,1,,ALS,PIL-079,HE25036813 - Finalized,28/01/2025,Core_HalfSplit,2.33,Yuvitza.Davila,28/01/2025,,,,2.33
JES-25-105,675120,23.5,26.25,2.75,1,,ALS,PIL-079,HE25036813 - Finalized,28/01/2025,Core_HalfSplit,5.86,Yuvitza.Davila,28/01/2025,,,,5.86
JES-25-105,675121,26.25,27.45,1.2,1,,ALS,PIL-079,HE25036813 - Finalized,28/01/2025,Core_HalfSplit,4.74,Yuvitza.Davila,28/01/2025,,,,4.75
JES-25-105,675123,27.45,29,1.55,1,,ALS,PIL-079,HE25036813 - Finalized,28/01/2025,Core_HalfSplit,4.545,Yuvitza.Davila,28/01/2025,,,,4.55
JES-25-105,675124,29,30.45,1.45,1,,ALS,PIL-079,HE25036813 - Finalized,28/01/2025,Core_HalfSplit,2.285,Yuvitza.Davila,28/01/2025,,,,2.28
JES-25-105,675125,30.45,32.5,2.05,1,,ALS,PIL-079,HE25036813 - Finalized,28/01/2025,Core_HalfSplit,4.905,Yuvitza.Davila,28/01/2025,,,,4.9
JES-25-105,675126,32.5,33.4,0.9,1,,ALS,PIL-079,HE25036813 - Finalized,28/01/2025,Core_HalfSplit,3.505,Yuvitza.Davila,28/01/2025,,,,3.5
JES-25-105,675127,33.4,35.1,1.7,1,,ALS,PIL-079,HE25036813 - Finalized,28/01/2025,Core_HalfSplit,4.64,Yuvitza.Davila,28/01/2025,,,,4.64
JES-25-105,675128,35.1,36.3,1.2,1,,ALS,PIL-079,HE25036813 - Finalized,28/01/2025,Core_QuarterSplit,1.865,Yuvitza.Davila,28/01/2025,,,,1.87
JES-25-105,675129,36.3,38.85,2.55,1,,ALS,PIL-079,HE25036813 - Finalized,28/01/2025,Core_HalfSplit,4.785,Yuvitza.Davila,28/01/2025,,,,4.79
JES-25-105,675130,38.85,40.8,1.95,1,,ALS,PIL-079,HE25036813 - Finalized,28/01/2025,Core_HalfSplit,5.36,Yuvitza.Davila,28/01/2025,,,,5.36
JES-25-105,675131,40.8,42.35,1.55,1,,ALS,PIL-079,HE25036813 - Finalized,28/01/2025,Core_HalfSplit,5.385,Yuvitza.Davila,28/01/2025,,,,5.38
JES-25-105,675134,42.35,44.4,2.05,1,,ALS,PIL-079,HE25036813 - Finalized,28/01/2025,Core_HalfSplit,7.205,Yuvitza.Davila,28/01/2025,,,,7.19
JES-25-105,675135,44.4,46.4,2,1,,ALS,PIL-079,HE25036813 - Finalized,28/01/2025,Core_HalfSplit,6.48,Yuvitza.Davila,28/01/2025,,,,6.48
JES-25-105,675136,46.4,48.4,2,1,,ALS,PIL-079,HE25036813 - Finalized,28/01/2025,Core_HalfSplit,7.175,Yuvitza.Davila,28/01/2025,,,,7.17
JES-25-105,675137,48.4,49.9,1.5,1,,ALS,PIL-079,HE25036813 - Finalized,28/01/2025,Core_HalfSplit,4.54,Yuvitza.Davila,28/01/2025,,,,4.57
JES-25-105,675139,49.9,51.25,1.35,1,,ALS,PIL-079,HE25036813 - Finalized,28/01/2025,Core_HalfSplit,4.915,Yuvitza.Davila,28/01/2025,,,,4.91
JES-25-105,675140,51.25,52.85,1.6,1,,ALS,PIL-079,HE25036813 - Finalized,28/01/2025,Core_HalfSplit,5.39,Yuvitza.Davila,28/01/2025,,,,5.39
JES-25-105,675141,52.85,54.3,1.45,1,,ALS,PIL-079,HE25036813 - Finalized,28/01/2025,Core_HalfSplit,5.585,Yuvitza.Davila,28/01/2025,,,,5.58
JES-25-105,675142,54.3,55.95,1.65,1,,ALS,PIL-079,HE25036813 - Finalized,28/01/2025,Core_HalfSplit,4.92,Yuvitza.Davila,28/01/2025,,,,4.93
JES-25-105,675144,55.95,58.25,2.3,1,,ALS,PIL-079,HE25036813 - Finalized,28/01/2025,Core_HalfSplit,6.525,Yuvitza.Davila,28/01/2025,,,,6.53
JES-25-105,675145,58.25,60.25,2,1,,ALS,PIL-079,HE25036813 - Finalized,28/01/2025,Core_HalfSplit,6.035,Yuvitza.Davila,28/01/2025,,,,6.04
JES-25-105,675146,60.25,62,1.75,1,,ALS,PIL-079,HE25036813 - Finalized,28/01/2025,Core_HalfSplit,5.7,Yuvitza.Davila,28/01/2025,,,,5.7
JES-25-105,675149,62,63.5,1.5,1,,ALS,PIL-079,HE25036813 - Finalized,28/01/2025,Core_HalfSplit,4.83,Yuvitza.Davila,28/01/2025,,,,4.83
JES-25-105,675150,63.5,65.2,1.7,1,,ALS,PIL-079,HE25036813 - Finalized,28/01/2025,Core_HalfSplit,6.24,Yuvitza.Davila,28/01/2025,,,,6.24
JES-25-105,675151,65.2,66,0.8,1,,ALS,PIL-079,HE25036813 - Finalized,28/01/2025,Core_HalfSplit,3.04,Yuvitza.Davila,28/01/2025,,,,3.04
JES-25-105,675152,66,67.05,1.05,1,,ALS,PIL-079,HE25036813 - Finalized,28/01/2025,Core_HalfSplit,3.67,Yuvitza.Davila,28/01/2025,,,,3.68
JES-25-105,675153,67.05,68.55,1.5,1,,ALS,PIL-079,HE25036813 - Finalized,28/01/2025,Core_HalfSplit,4.24,Yuvitza.Davila,28/01/2025,,,,4.27
JES-25-105,675154,68.55,69.6,1.05,1,,ALS,PIL-079,HE25036813 - Finalized,28/01/2025,Core_HalfSplit,3.97,Yuvitza.Davila,28/01/2025,,,,3.97
JES-25-105,675155,69.6,71.15,1.55,1,,ALS,PIL-079,HE25036813 - Finalized,28/01/2025,Core_HalfSplit,4.8,Yuvitza.Davila,28/01/2025,,,,4.82
JES-25-105,675156,71.15,71.75,0.6,1,,ALS,PIL-079,HE25036813 - Finalized,28/01/2025,Core_HalfSplit,2.25,Yuvitza.Davila,28/01/2025,,,,2.25
JES-25-105,675157,71.75,73.3,1.55,1,,ALS,PIL-079,HE25036813 - Finalized,28/01/2025,Core_HalfSplit,6.555,Yuvitza.Davila,28/01/2025,,,,6.56
JES-25-105,675158,73.3,74.75,1.45,1,,ALS,PIL-079,HE25036813 - Finalized,28/01/2025,Core_HalfSplit,3.645,Yuvitza.Davila,28/01/2025,,,,3.65
JES-25-105,675159,74.75,76.2,1.45,1,,ALS,PIL-079,HE25036813 - Finalized,28/01/2025,Core_HalfSplit,5.575,Yuvitza.Davila,28/01/2025,,,,5.6
JES-25-105,675160,76.2,77.95,1.75,1,,ALS,PIL-079,HE25036813 - Finalized,28/01/2025,Core_HalfSplit,5.51,Yuvitza.Davila,28/01/2025,,,,5.51
JES-25-105,675161,77.95,79.7,1.75,1,,ALS,PIL-079,HE25036813 - Finalized,28/01/2025,Core_HalfSplit,5.025,Yuvitza.Davila,28/01/2025,,,,5.03
JES-25-105,675162,79.7,80.8,1.1,1,,ALS,PIL-079,HE25036813 - Finalized,28/01/2025,Core_HalfSplit,4.185,Yuvitza.Davila,28/01/2025,,,,4.18
JES-25-105,675163,80.8,82.2,1.4,1,,ALS,PIL-079,HE25036813 - Finalized,28/01/2025,Core_HalfSplit,6.01,Yuvitza.Davila,28/01/2025,,,,6
JES-25-105,675164,82.2,83.5,1.3,1,,ALS,PIL-079,HE25036813 - Finalized,28/01/2025,Core_HalfSplit,4.7,Yuvitza.Davila,28/01/2025,,,,4.7
JES-25-105,675165,83.5,84.25,0.75,1,,ALS,PIL-079,HE25036813 - Finalized,28/01/2025,Core_HalfSplit,2.79,Yuvitza.Davila,28/01/2025,,,,2.79
JES-25-105,675166,84.25,85.9,1.65,1,,ALS,PIL-079,HE25036813 - Finalized,28/01/2025,Core_HalfSplit,6.285,Yuvitza.Davila,28/01/2025,,,,6.28
JES-25-105,675167,85.9,87.5,1.6,1,,ALS,PIL-079,HE25036813 - Finalized,28/01/2025,Core_HalfSplit,5.01,Yuvitza.Davila,28/01/2025,,,,5.01
JES-25-105,675168,87.5,89.05,1.55,1,,ALS,PIL-079,HE25036813 - Finalized,28/01/2025,Core_HalfSplit,5.365,Yuvitza.Davila,28/01/2025,,,,5.36
JES-25-105,675169,89.05,90.7,1.65,1,,ALS,PIL-079,HE25036813 - Finalized,28/01/2025,Core_HalfSplit,4.19,Yuvitza.Davila,28/01/2025,,,,4.19
JES-25-105,675170,90.7,92.35,1.65,1,,ALS,PIL-079,HE25036813 - Finalized,28/01/2025,Core_HalfSplit,6.395,Yuvitza.Davila,28/01/2025,,,,6.38
JES-25-105,675171,92.35,94.1,1.75,1,,ALS,PIL-079,HE25036813 - Finalized,28/01/2025,Core_HalfSplit,4.54,Yuvitza.Davila,28/01/2025,,,,4.53
JES-25-105,675172,94.1,95.9,1.8,1,,ALS,PIL-079,HE25036813 - Finalized,28/01/2025,Core_HalfSplit,6.455,Yuvitza.Davila,28/01/2025,,,,6.45
JES-25-105,675175,95.9,97.35,1.45,1,,ALS,PIL-079,HE25036813 - Finalized,28/01/2025,Core_HalfSplit,5.555,Yuvitza.Davila,28/01/2025,,,,5.56
JES-25-105,675176,97.35,99.05,1.7,1,,ALS,PIL-079,HE25036813 - Finalized,28/01/2025,Core_HalfSplit,6.94,Yuvitza.Davila,28/01/2025,,,,6.94
JES-25-105,675177,99.05,100.75,1.7,1,,ALS,PIL-079,HE25036813 - Finalized,28/01/2025,Core_HalfSplit,4.445,Yuvitza.Davila,28/01/2025,,,,4.44
JES-25-105,675178,100.75,101.4,0.65,1,,ALS,PIL-079,HE25036813 - Finalized,28/01/2025,Core_HalfSplit,2.67,Yuvitza.Davila,28/01/2025,,,,2.67
JES-25-105,675179,101.4,103.4,2,1,,ALS,PIL-079,HE25036813 - Finalized,28/01/2025,Core_HalfSplit,7.47,Yuvitza.Davila,28/01/2025,,,,7.47
JES-25-105,675180,103.4,105.4,2,1,,ALS,PIL-079,HE25036813 - Finalized,28/01/2025,Core_HalfSplit,7.42,Yuvitza.Davila,28/01/2025,,,,7.4
JES-25-105,675181,105.4,106.05,0.65,1,,ALS,PIL-079,HE25036813 - Finalized,28/01/2025,Core_HalfSplit,2.905,Yuvitza.Davila,28/01/2025,,,,2.95
JES-25-105,675182,106.05,107.7,1.65,1,,ALS,PIL-079,HE25036813 - Finalized,28/01/2025,Core_HalfSplit,5.66,Yuvitza.Davila,28/01/2025,,,,5.67
JES-25-105,675183,107.7,109.45,1.75,1,,ALS,PIL-079,HE25036813 - Finalized,28/01/2025,Core_HalfSplit,5.55,Yuvitza.Davila,28/01/2025,,,,5.59
JES-25-105,675184,109.45,111.25,1.8,1,,ALS,PIL-079,HE25036813 - Finalized,28/01/2025,Core_HalfSplit,6.77,Yuvitza.Davila,28/01/2025,,,,6.76
JES-25-105,675185,111.25,113,1.75,1,,ALS,PIL-079,HE25036813 - Finalized,28/01/2025,Core_HalfSplit,6.58,Yuvitza.Davila,28/01/2025,,,,6.59
JES-25-105,675186,113,114.8,1.8,1,,ALS,PIL-079,HE25036813 - Finalized,28/01/2025,Core_HalfSplit,6.005,Yuvitza.Davila,28/01/2025,,,,6
JES-25-105,675187,114.8,116.8,2,1,,ALS,PIL-079,HE25036813 - Finalized,28/01/2025,Core_HalfSplit,4.085,Yuvitza.Davila,28/01/2025,,,,4.08
JES-25-105,675188,116.8,118.35,1.55,1,,ALS,PIL-079,HE25036813 - Finalized,28/01/2025,Core_HalfSplit,4.155,Yuvitza.Davila,28/01/2025,,,,4.16
JES-25-105,675189,118.35,120.35,2,1,,ALS,PIL-079,HE25036813 - Finalized,28/01/2025,Core_HalfSplit,6.61,Yuvitza.Davila,28/01/2025,,,,6.61
JES-25-105,675191,120.35,122.35,2,1,,ALS,PIL-079,HE25036813 - Finalized,28/01/2025,Core_HalfSplit,5.175,Yuvitza.Davila,28/01/2025,,,,5.17
JES-25-105,675192,122.35,124.35,2,1,,ALS,PIL-079,HE25036813 - Finalized,28/01/2025,Core_HalfSplit,6.305,Yuvitza.Davila,28/01/2025,,,,6.31
JES-25-105,675193,124.35,125.5,1.15,1,,ALS,PIL-079,HE25036813 - Finalized,28/01/2025,Core_HalfSplit,3.555,Yuvitza.Davila,28/01/2025,,,,3.55
JES-25-106,675198,0,2.5,2.5,1,,ALS,PIL-080,HE25041594 - Finalized,18/02/2025,Core_HalfSplit,2.335,Isaac.Ortega,18/02/2025,,,,2.34
JES-25-106,675199,2.5,5.25,2.75,1,,ALS,PIL-080,HE25041594 - Finalized,18/02/2025,Core_HalfSplit,5.08,Isaac.Ortega,18/02/2025,,,,5.08
JES-25-106,675200,5.25,8.6,3.35,1,,ALS,PIL-080,HE25041594 - Finalized,18/02/2025,Core_HalfSplit,4.865,Isaac.Ortega,18/02/2025,,,,4.86
JES-25-106,675201,8.6,11.6,3,1,,ALS,PIL-080,HE25041594 - Finalized,18/02/2025,Core_HalfSplit,4.92,Isaac.Ortega,18/02/2025,,,,4.92
JES-25-106,675202,11.6,13.9,2.3,1,,ALS,PIL-080,HE25041594 - Finalized,18/02/2025,Core_HalfSplit,5.83,Isaac.Ortega,18/02/2025,,,,5.82
JES-25-106,675203,13.9,14.4,0.5,1,,ALS,PIL-080,HE25041594 - Finalized,18/02/2025,Core_HalfSplit,1.475,Isaac.Ortega,18/02/2025,,,,1.47
JES-25-106,675204,14.4,16.4,2,1,,ALS,PIL-080,HE25041594 - Finalized,18/02/2025,Core_HalfSplit,4.45,Isaac.Ortega,18/02/2025,,,,4.45
JES-25-106,675205,16.4,18.4,2,1,,ALS,PIL-080,HE25041594 - Finalized,18/02/2025,Core_HalfSplit,3.005,Isaac.Ortega,18/02/2025,,,,3
JES-25-106,675206,18.4,20.6,2.2,1,,ALS,PIL-080,HE25041594 - Finalized,18/02/2025,Core_HalfSplit,2.82,Isaac.Ortega,18/02/2025,,,,2.82
JES-25-106,675207,20.6,21.6,1,1,,ALS,PIL-080,HE25041594 - Finalized,18/02/2025,Core_HalfSplit,3.35,Isaac.Ortega,18/02/2025,,,,3.35
JES-25-106,675208,21.6,23.5,1.9,1,,ALS,PIL-080,HE25041594 - Finalized,18/02/2025,Core_HalfSplit,2.57,Isaac.Ortega,18/02/2025,,,,2.57
JES-25-106,675209,23.5,26.5,3,1,,ALS,PIL-080,HE25041594 - Finalized,18/02/2025,Core_HalfSplit,4.4,Isaac.Ortega,18/02/2025,,,,4.4
JES-25-106,675210,26.5,27.65,1.15,1,,ALS,PIL-080,HE25041594 - Finalized,18/02/2025,No data,4.22,Isaac.Ortega,18/02/2025,,,,4.21
JES-25-106,675211,27.65,29.6,1.95,1,,ALS,PIL-080,HE25041594 - Finalized,18/02/2025,Core_HalfSplit,4.23,Isaac.Ortega,18/02/2025,,,,4.23
JES-25-106,675212,29.6,30.2,0.6,1,,ALS,PIL-080,HE25041594 - Finalized,18/02/2025,Core_HalfSplit,2.64,Isaac.Ortega,18/02/2025,,,,2.64
JES-25-106,675213,30.2,32.6,2.4,1,,ALS,PIL-080,HE25041594 - Finalized,18/02/2025,Core_HalfSplit,5.855,Isaac.Ortega,18/02/2025,,,,5.84
JES-25-106,675215,32.6,34.6,2,1,,ALS,PIL-080,HE25041594 - Finalized,18/02/2025,Core_HalfSplit,3.66,Isaac.Ortega,18/02/2025,,,,3.65
JES-25-106,675216,34.6,36.6,2,1,,ALS,PIL-080,HE25041594 - Finalized,18/02/2025,Core_HalfSplit,8.545,Isaac.Ortega,18/02/2025,,,,8.539999999999999
JES-25-106,675217,36.6,38.6,2,1,,ALS,PIL-080,HE25041594 - Finalized,18/02/2025,Core_HalfSplit,7.035,Isaac.Ortega,18/02/2025,,,,7.03
JES-25-106,675218,38.6,39.6,1,1,,ALS,PIL-080,HE25041594 - Finalized,18/02/2025,Core_HalfSplit,3.01,Isaac.Ortega,18/02/2025,,,,3.01
JES-25-106,675219,39.6,41.05,1.45,1,,ALS,PIL-080,HE25041594 - Finalized,18/02/2025,Core_HalfSplit,4.13,Isaac.Ortega,18/02/2025,,,,4.13
JES-25-106,675220,41.05,43.05,2,1,,ALS,PIL-080,HE25041594 - Finalized,18/02/2025,Core_HalfSplit,6.365,Isaac.Ortega,18/02/2025,,,,6.36
JES-25-106,675221,43.05,44.6,1.55,1,,ALS,PIL-080,HE25041594 - Finalized,18/02/2025,Core_HalfSplit,2.725,Isaac.Ortega,18/02/2025,,,,2.73
JES-25-106,675222,44.6,46.75,2.15,1,,ALS,PIL-080,HE25041594 - Finalized,18/02/2025,Core_HalfSplit,5.375,Isaac.Ortega,18/02/2025,,,,5.38
JES-25-106,675223,46.75,48.75,2,1,,ALS,PIL-080,HE25041594 - Finalized,18/02/2025,Core_HalfSplit,6.26,Isaac.Ortega,18/02/2025,,,,6.25
JES-25-106,675225,48.75,52.75,4,1,,ALS,PIL-080,HE25041594 - Finalized,18/02/2025,Core_HalfSplit,4.89,Isaac.Ortega,18/02/2025,,,,4.88
JES-25-106,675226,52.75,54.55,1.8,1,,ALS,PIL-080,HE25041594 - Finalized,18/02/2025,Core_HalfSplit,6.555,Isaac.Ortega,18/02/2025,,,,6.55
JES-25-106,675227,54.55,55.9,1.35,1,,ALS,PIL-080,HE25041594 - Finalized,18/02/2025,Core_HalfSplit,4.85,Isaac.Ortega,18/02/2025,,,,4.85
JES-25-106,675228,55.9,57.1,1.2,1,,ALS,PIL-080,HE25041594 - Finalized,18/02/2025,Core_HalfSplit,3.8,Isaac.Ortega,18/02/2025,,,,3.79
JES-25-106,675229,57.1,58.95,1.85,1,,ALS,PIL-080,HE25041594 - Finalized,18/02/2025,Core_HalfSplit,3.085,Isaac.Ortega,18/02/2025,,,,3.09
JES-25-106,675230,58.95,59.6,0.65,1,,ALS,PIL-080,HE25041594 - Finalized,18/02/2025,Core_HalfSplit,6.065,Isaac.Ortega,18/02/2025,,,,6.05
JES-25-106,675231,59.6,61.2,1.6,1,,ALS,PIL-080,HE25041594 - Finalized,18/02/2025,Core_HalfSplit,5.365,Isaac.Ortega,18/02/2025,,,,5.36
JES-25-106,675232,61.2,62.25,1.05,1,,ALS,PIL-080,HE25041594 - Finalized,18/02/2025,Core_HalfSplit,4.61,Isaac.Ortega,18/02/2025,,,,4.6
JES-25-106,675233,62.25,63.5,1.25,1,,ALS,PIL-080,HE25041594 - Finalized,18/02/2025,Core_HalfSplit,3.93,Isaac.Ortega,18/02/2025,,,,3.92
JES-25-106,675234,63.5,64.15,0.65,1,,ALS,PIL-080,HE25041594 - Finalized,18/02/2025,Core_HalfSplit,2.47,Isaac.Ortega,18/02/2025,,,,2.47
JES-25-106,675235,64.15,65.75,1.6,1,,ALS,PIL-080,HE25041594 - Finalized,18/02/2025,Core_HalfSplit,5.945,Isaac.Ortega,18/02/2025,,,,5.93
JES-25-106,675236,65.75,67,1.25,1,,ALS,PIL-080,HE25041594 - Finalized,18/02/2025,Core_HalfSplit,4.375,Isaac.Ortega,18/02/2025,,,,4.37
JES-25-106,675237,67,68.2,1.2,1,,ALS,PIL-080,HE25041594 - Finalized,18/02/2025,Core_HalfSplit,4.455,Isaac.Ortega,18/02/2025,,,,4.45
JES-25-106,675238,68.2,70,1.8,1,,ALS,PIL-080,HE25041594 - Finalized,18/02/2025,Core_HalfSplit,6.05,Isaac.Ortega,18/02/2025,,,,6.04
JES-25-106,675239,70,71.8,1.8,1,,ALS,PIL-080,HE25041594 - Finalized,18/02/2025,Core_HalfSplit,6.17,Isaac.Ortega,18/02/2025,,,,6.17
JES-25-106,675240,71.8,72.25,0.45,1,,ALS,PIL-080,HE25041594 - Finalized,18/02/2025,Core_HalfSplit,2.255,Isaac.Ortega,18/02/2025,,,,2.26
JES-25-106,675242,72.25,74,1.75,1,,ALS,PIL-080,HE25041594 - Finalized,18/02/2025,Core_HalfSplit,5.3,Isaac.Ortega,18/02/2025,,,,5.3
JES-25-106,675243,74,75.9,1.9,1,,ALS,PIL-080,HE25041594 - Finalized,18/02/2025,Core_HalfSplit,7.335,Isaac.Ortega,18/02/2025,,,,7.33
JES-25-106,675244,75.9,77.7,1.8,1,,ALS,PIL-080,HE25041594 - Finalized,18/02/2025,Core_HalfSplit,5.97,Isaac.Ortega,18/02/2025,,,,5.97
JES-25-106,675245,77.7,79.4,1.7,1,,ALS,PIL-080,HE25041594 - Finalized,18/02/2025,Core_HalfSplit,5.65,Isaac.Ortega,18/02/2025,,,,5.64
JES-25-106,675246,79.4,80.6,1.2,1,,ALS,PIL-080,HE25041594 - Finalized,18/02/2025,Core_HalfSplit,4.53,Isaac.Ortega,18/02/2025,,,,4.53
JES-25-106,675247,80.6,82.15,1.55,1,,ALS,PIL-080,HE25041594 - Finalized,18/02/2025,Core_HalfSplit,5.695,Isaac.Ortega,18/02/2025,,,,5.69
JES-25-106,675248,82.15,83.45,1.3,1,,ALS,PIL-080,HE25041594 - Finalized,18/02/2025,Core_HalfSplit,4.375,Isaac.Ortega,18/02/2025,,,,4.38
JES-25-106,675249,83.45,84.75,1.3,1,,ALS,PIL-080,HE25041594 - Finalized,18/02/2025,Core_HalfSplit,3.87,Isaac.Ortega,18/02/2025,,,,3.87
JES-25-106,675250,84.75,85.2,0.45,1,,ALS,PIL-080,HE25041594 - Finalized,18/02/2025,Core_HalfSplit,2.11,Isaac.Ortega,18/02/2025,,,,2.11
JES-25-106,675251,85.2,87.2,2,1,,ALS,PIL-080,HE25041594 - Finalized,18/02/2025,Core_HalfSplit,7.45,Isaac.Ortega,18/02/2025,,,,7.45
JES-25-106,675252,87.2,89.2,2,1,,ALS,PIL-080,HE25041594 - Finalized,18/02/2025,Core_HalfSplit,7.585,Isaac.Ortega,18/02/2025,,,,7.58
JES-25-106,675253,89.2,91.2,2,1,,ALS,PIL-080,HE25041594 - Finalized,18/02/2025,Core_HalfSplit,7.6,Isaac.Ortega,18/02/2025,,,,7.6
JES-25-106,675254,91.2,92.8,1.6,1,,ALS,PIL-080,HE25041594 - Finalized,18/02/2025,Core_HalfSplit,5.17,Isaac.Ortega,18/02/2025,,,,5.17
JES-25-106,675255,92.8,94.8,2,1,,ALS,PIL-080,HE25041594 - Finalized,18/02/2025,Core_QuarterSplit,4.07,Isaac.Ortega,18/02/2025,,,,4.07
JES-25-106,675256,94.8,95.85,1.05,1,,ALS,PIL-080,HE25041594 - Finalized,18/02/2025,Core_HalfSplit,4.585,Isaac.Ortega,18/02/2025,,,,4.6
JES-25-106,675257,95.85,96.95,1.1,1,,ALS,PIL-080,HE25041594 - Finalized,18/02/2025,Core_HalfSplit,3.03,Isaac.Ortega,18/02/2025,,,,3.04
JES-25-106,675259,96.95,98,1.05,1,,ALS,PIL-080,HE25041594 - Finalized,18/02/2025,Core_HalfSplit,4.37,Isaac.Ortega,18/02/2025,,,,4.38
JES-25-106,675260,98,99.3,1.3,1,,ALS,PIL-080,HE25041594 - Finalized,18/02/2025,Core_HalfSplit,4.075,Isaac.Ortega,18/02/2025,,,,4.08
JES-25-106,675261,99.3,101.6,2.3,1,,ALS,PIL-080,HE25041594 - Finalized,18/02/2025,Core_HalfSplit,8.23,Isaac.Ortega,18/02/2025,,,,8.23
JES-25-106,675262,101.6,103.6,2,1,,ALS,PIL-080,HE25041594 - Finalized,18/02/2025,Core_HalfSplit,7.195,Isaac.Ortega,18/02/2025,,,,7.2
JES-25-106,675263,103.6,104.65,1.05,1,,ALS,PIL-080,HE25041594 - Finalized,18/02/2025,Core_HalfSplit,4.53,Isaac.Ortega,18/02/2025,,,,4.54
JES-25-106,675264,104.65,105.6,0.95,1,,ALS,PIL-080,HE25041594 - Finalized,18/02/2025,Core_HalfSplit,3.87,Isaac.Ortega,18/02/2025,,,,3.88
JES-25-106,675265,105.6,107,1.4,1,,ALS,PIL-080,HE25041594 - Finalized,18/02/2025,Core_HalfSplit,5.195,Isaac.Ortega,18/02/2025,,,,5.2
JES-25-106,675266,107,107.9,0.9,1,,ALS,PIL-080,HE25041594 - Finalized,18/02/2025,Core_HalfSplit,3.2,Isaac.Ortega,18/02/2025,,,,3.21
JES-25-106,675267,107.9,109.3,1.4,1,,ALS,PIL-080,HE25041594 - Finalized,18/02/2025,Core_HalfSplit,3.985,Isaac.Ortega,18/02/2025,,,,3.99
JES-25-106,675268,109.3,110.2,0.9,1,,ALS,PIL-080,HE25041594 - Finalized,18/02/2025,Core_HalfSplit,3.515,Isaac.Ortega,18/02/2025,,,,3.52
JES-25-106,675269,110.2,111.35,1.15,1,,ALS,PIL-080,HE25041594 - Finalized,18/02/2025,Core_HalfSplit,4.25,Isaac.Ortega,18/02/2025,,,,4.26
JES-25-106,675270,111.35,112.6,1.25,1,,ALS,PIL-080,HE25041594 - Finalized,18/02/2025,Core_HalfSplit,4.705,Isaac.Ortega,18/02/2025,,,,4.71
JES-25-106,675271,112.6,113.55,0.95,1,,ALS,PIL-080,HE25041594 - Finalized,18/02/2025,Core_HalfSplit,1.94,Isaac.Ortega,18/02/2025,,,,1.94
JES-25-106,675272,113.55,115.55,2,1,,ALS,PIL-080,HE25041594 - Finalized,18/02/2025,Core_HalfSplit,7.165,Isaac.Ortega,18/02/2025,,,,7.16
JES-25-106,675273,115.55,116.05,0.5,1,,ALS,PIL-080,HE25041594 - Finalized,18/02/2025,Core_HalfSplit,2.3,Isaac.Ortega,18/02/2025,,,,2.31
JES-25-106,675274,116.05,117.8,1.75,1,,ALS,PIL-080,HE25041594 - Finalized,18/02/2025,Core_HalfSplit,5.66,Isaac.Ortega,18/02/2025,,,,5.66
JES-25-106,675275,117.8,118.7,0.9,1,,ALS,PIL-080,HE25041594 - Finalized,18/02/2025,Core_HalfSplit,3.255,Isaac.Ortega,18/02/2025,,,,3.26
JES-25-106,675276,118.7,119.6,0.9,1,,ALS,PIL-080,HE25041594 - Finalized,18/02/2025,Core_HalfSplit,4.085,Isaac.Ortega,18/02/2025,,,,4.09
JES-25-106,675277,119.6,121.5,1.9,1,,ALS,PIL-080,HE25041594 - Finalized,18/02/2025,Core_QuarterSplit,4.02,Isaac.Ortega,18/02/2025,,,,4.02
JES-25-106,675279,121.5,122.2,0.7,1,,ALS,PIL-080,HE25041594 - Finalized,18/02/2025,Core_HalfSplit,2.625,Isaac.Ortega,18/02/2025,,,,2.63
JES-25-106,675282,122.2,122.75,0.55,1,,ALS,PIL-080,HE25041594 - Finalized,18/02/2025,Core_HalfSplit,2.105,Isaac.Ortega,18/02/2025,,,,2.1
JES-25-106,675283,122.75,123.25,0.5,1,,ALS,PIL-080,HE25041594 - Finalized,18/02/2025,Core_HalfSplit,2.2,Isaac.Ortega,18/02/2025,,,,2.2
JES-25-106,675284,123.25,125.25,2,1,,ALS,PIL-080,HE25041594 - Finalized,18/02/2025,Core_HalfSplit,8.115,Isaac.Ortega,18/02/2025,,,,8.12
JES-25-106,675285,125.25,127.25,2,1,,ALS,PIL-080,HE25041594 - Finalized,18/02/2025,Core_HalfSplit,8.26,Isaac.Ortega,18/02/2025,,,,8.26
JES-25-106,675286,127.25,128.7,1.45,1,,ALS,PIL-080,HE25041594 - Finalized,18/02/2025,Core_HalfSplit,6.13,Isaac.Ortega,18/02/2025,,,,6.13
JES-25-106,675287,128.7,129.8,1.1,1,,ALS,PIL-080,HE25041594 - Finalized,18/02/2025,Core_HalfSplit,5.11,Isaac.Ortega,18/02/2025,,,,5.11
JES-25-106,675289,129.8,130.75,0.95,1,,ALS,PIL-080,HE25041594 - Finalized,18/02/2025,Core_HalfSplit,3.19,Isaac.Ortega,18/02/2025,,,,3.19
JES-25-106,675290,130.75,132.75,2,1,,ALS,PIL-080,HE25041594 - Finalized,18/02/2025,Core_HalfSplit,8.46,Isaac.Ortega,18/02/2025,,,,8.45
JES-25-106,675291,132.75,134.75,2,1,,ALS,PIL-080,HE25041594 - Finalized,18/02/2025,Core_HalfSplit,8.94,Isaac.Ortega,18/02/2025,,,,8.94
JES-25-106,675292,134.75,136.75,2,1,,ALS,PIL-080,HE25041594 - Finalized,18/02/2025,Core_HalfSplit,7.57,Isaac.Ortega,18/02/2025,,,,7.57
JES-25-106,675293,136.75,138.75,2,1,,ALS,PIL-080,HE25041594 - Finalized,18/02/2025,Core_HalfSplit,9.31,Isaac.Ortega,18/02/2025,,,,9.3
JES-25-106,675294,138.75,140.75,2,1,,ALS,PIL-080,HE25041594 - Finalized,18/02/2025,Core_HalfSplit,7.7,Isaac.Ortega,18/02/2025,,,,7.7
JES-25-106,675296,140.75,142.75,2,1,,ALS,PIL-080,HE25041594 - Finalized,18/02/2025,Core_HalfSplit,8.18,Isaac.Ortega,18/02/2025,,,,8.17
JES-25-106,675297,142.75,144.75,2,1,,ALS,PIL-080,HE25041594 - Finalized,18/02/2025,Core_HalfSplit,8.13,Isaac.Ortega,18/02/2025,,,,8.12
JES-25-106,675298,144.75,146.35,1.6,1,,ALS,PIL-080,HE25041594 - Finalized,18/02/2025,Core_HalfSplit,6.395,Isaac.Ortega,18/02/2025,,,,6.4
JES-25-106,675299,146.35,147.3,0.95,1,,ALS,PIL-080,HE25041594 - Finalized,18/02/2025,Core_HalfSplit,3.17,Isaac.Ortega,18/02/2025,,,,3.17
JES-25-106,675300,147.3,148.5,1.2,1,,ALS,PIL-080,HE25041594 - Finalized,18/02/2025,Core_HalfSplit,3.87,Isaac.Ortega,18/02/2025,,,,3.87
JES-25-106,675301,148.5,149.6,1.1,1,,ALS,PIL-080,HE25041594 - Finalized,18/02/2025,Core_HalfSplit,5.08,Isaac.Ortega,18/02/2025,,,,5.08
JES-25-107,675303,0,2.3,2.3,1,,ALS,PIL-081,HE25051550 - Finalized,06/02/2025,Core_HalfSplit,5.9,Yuvitza.Davila,06/02/2025,,,,5.89
JES-25-107,675304,2.3,4.3,2,1,,ALS,PIL-081,HE25051550 - Finalized,06/02/2025,Core_HalfSplit,7.29,Yuvitza.Davila,06/02/2025,,,,7.29
JES-25-107,675305,4.3,7,2.7,1,,ALS,PIL-081,HE25051550 - Finalized,06/02/2025,Core_HalfSplit,5.07,Yuvitza.Davila,06/02/2025,,,,5.05
JES-25-107,675306,7,8.45,1.45,1,,ALS,PIL-081,HE25051550 - Finalized,06/02/2025,Core_HalfSplit,2.435,Yuvitza.Davila,06/02/2025,,,,2.42
JES-25-107,675307,8.45,11.45,3,1,,ALS,PIL-081,HE25051550 - Finalized,06/02/2025,Core_HalfSplit,4.855,Yuvitza.Davila,06/02/2025,,,,4.85
JES-25-107,675308,11.45,12.5,1.05,1,,ALS,PIL-081,HE25051550 - Finalized,06/02/2025,Core_HalfSplit,3.4,Yuvitza.Davila,06/02/2025,,,,3.39
JES-25-107,675309,12.5,13.85,1.35,1,,ALS,PIL-081,HE25051550 - Finalized,06/02/2025,Core_HalfSplit,3.365,Yuvitza.Davila,06/02/2025,,,,3.35
JES-25-107,675310,13.85,15,1.15,1,,ALS,PIL-081,HE25051550 - Finalized,06/02/2025,Core_HalfSplit,3.08,Yuvitza.Davila,06/02/2025,,,,3.06
JES-25-107,675311,15,16.45,1.45,1,,ALS,PIL-081,HE25051550 - Finalized,06/02/2025,Core_HalfSplit,3.53,Yuvitza.Davila,06/02/2025,,,,3.51
JES-25-107,675312,16.45,17.5,1.05,1,,ALS,PIL-081,HE25051550 - Finalized,06/02/2025,Core_HalfSplit,3.245,Yuvitza.Davila,06/02/2025,,,,3.22
JES-25-107,675313,17.5,19.6,2.1,1,,ALS,PIL-081,HE25051550 - Finalized,06/02/2025,Core_HalfSplit,7.015,Yuvitza.Davila,06/02/2025,,,,7
JES-25-107,675314,19.6,21.7,2.1,1,,ALS,PIL-081,HE25051550 - Finalized,06/02/2025,Core_HalfSplit,6.325,Yuvitza.Davila,06/02/2025,,,,6.31
JES-25-107,675315,21.7,23.75,2.05,1,,ALS,PIL-081,HE25051550 - Finalized,06/02/2025,Core_HalfSplit,6.33,Yuvitza.Davila,06/02/2025,,,,6.31
JES-25-107,675316,23.75,24.55,0.8,1,,ALS,PIL-081,HE25051550 - Finalized,06/02/2025,Core_HalfSplit,3.335,Yuvitza.Davila,06/02/2025,,,,3.31
JES-25-107,675317,24.55,25.3,0.75,1,,ALS,PIL-081,HE25051550 - Finalized,06/02/2025,Core_HalfSplit,2.96,Yuvitza.Davila,06/02/2025,,,,2.94
JES-25-107,675318,25.3,26.7,1.4,1,,ALS,PIL-081,HE25051550 - Finalized,06/02/2025,Core_HalfSplit,4.46,Yuvitza.Davila,06/02/2025,,,,4.45
JES-25-107,675319,26.7,28,1.3,1,,ALS,PIL-081,HE25051550 - Finalized,06/02/2025,Core_HalfSplit,4.33,Yuvitza.Davila,06/02/2025,,,,4.31
JES-25-107,675320,28,29.7,1.7,1,,ALS,PIL-081,HE25051550 - Finalized,06/02/2025,Core_HalfSplit,5.335,Yuvitza.Davila,06/02/2025,,,,5.32
JES-25-107,675321,29.7,31,1.3,1,,ALS,PIL-081,HE25051550 - Finalized,06/02/2025,Core_HalfSplit,3.845,Yuvitza.Davila,06/02/2025,,,,3.83
JES-25-107,675323,31,32.75,1.75,1,,ALS,PIL-081,HE25051550 - Finalized,06/02/2025,Core_HalfSplit,4.115,Yuvitza.Davila,06/02/2025,,,,4.1
JES-25-107,675324,32.75,34.45,1.7,1,,ALS,PIL-081,HE25051550 - Finalized,06/02/2025,Core_HalfSplit,5.98,Yuvitza.Davila,06/02/2025,,,,5.96
JES-25-107,675325,34.45,35.6,1.15,1,,ALS,PIL-081,HE25051550 - Finalized,06/02/2025,Core_HalfSplit,3.27,Yuvitza.Davila,06/02/2025,,,,3.26
JES-25-107,675326,35.6,37.8,2.2,1,,ALS,PIL-081,HE25051550 - Finalized,06/02/2025,Core_HalfSplit,6.73,Yuvitza.Davila,06/02/2025,,,,6.71
JES-25-107,675327,37.8,38.7,0.9,1,,ALS,PIL-081,HE25051550 - Finalized,06/02/2025,Core_HalfSplit,4.245,Yuvitza.Davila,06/02/2025,,,,4.22
JES-25-107,675328,38.7,40.2,1.5,1,,ALS,PIL-081,HE25051550 - Finalized,06/02/2025,Core_HalfSplit,5.345,Yuvitza.Davila,06/02/2025,,,,5.31
JES-25-107,675329,40.2,41.45,1.25,1,,ALS,PIL-081,HE25051550 - Finalized,06/02/2025,Core_HalfSplit,4.11,Yuvitza.Davila,06/02/2025,,,,4.1
JES-25-107,675330,41.45,42.95,1.5,1,,ALS,PIL-081,HE25051550 - Finalized,10/02/2025,Core_HalfSplit,6.56,Yuvitza.Davila,10/02/2025,,,,6.55
JES-25-107,675331,42.95,44.45,1.5,1,,ALS,PIL-081,HE25051550 - Finalized,10/02/2025,Core_HalfSplit,6.065,Yuvitza.Davila,10/02/2025,,,,6.05
JES-25-107,675332,44.45,45.95,1.5,1,,ALS,PIL-081,HE25051550 - Finalized,10/02/2025,Core_HalfSplit,6.11,Yuvitza.Davila,10/02/2025,,,,6.1
JES-25-107,675333,45.95,47.45,1.5,1,,ALS,PIL-081,HE25051550 - Finalized,10/02/2025,Core_HalfSplit,6.21,Yuvitza.Davila,10/02/2025,,,,6.19
JES-25-107,675334,47.45,48.95,1.5,1,,ALS,PIL-081,HE25051550 - Finalized,10/02/2025,Core_HalfSplit,6.285,Yuvitza.Davila,10/02/2025,,,,6.25
JES-25-107,675335,48.95,50.25,1.3,1,,ALS,PIL-081,HE25051550 - Finalized,10/02/2025,Core_HalfSplit,4.975,Yuvitza.Davila,10/02/2025,,,,4.95
JES-25-107,675336,50.25,51.55,1.3,1,,ALS,PIL-081,HE25051550 - Finalized,10/02/2025,Core_HalfSplit,5.1,Yuvitza.Davila,10/02/2025,,,,5.08
JES-25-107,675337,51.55,53.05,1.5,1,,ALS,PIL-081,HE25051550 - Finalized,10/02/2025,Core_HalfSplit,6.73,Yuvitza.Davila,10/02/2025,,,,6.71
JES-25-107,675338,53.05,54.25,1.2,1,,ALS,PIL-081,HE25051550 - Finalized,10/02/2025,Core_HalfSplit,6.2,Yuvitza.Davila,10/02/2025,,,,6.17
JES-25-107,675339,54.25,55.4,1.15,1,,ALS,PIL-081,HE25051550 - Finalized,10/02/2025,Core_HalfSplit,4.835,Yuvitza.Davila,10/02/2025,,,,4.81
JES-25-107,675340,55.4,56.3,0.9,1,,ALS,PIL-081,HE25051550 - Finalized,10/02/2025,Core_QuarterSplit,2.115,Yuvitza.Davila,10/02/2025,,,,2.09
JES-25-107,675341,56.3,57.7,1.4,1,,ALS,PIL-081,HE25051550 - Finalized,10/02/2025,Core_HalfSplit,6.02,Yuvitza.Davila,10/02/2025,,,,6
JES-25-107,675342,57.7,58.75,1.05,1,,ALS,PIL-081,HE25051550 - Finalized,10/02/2025,Core_HalfSplit,4.19,Yuvitza.Davila,10/02/2025,,,,4.13
JES-25-107,675343,58.75,59.9,1.15,1,,ALS,PIL-081,HE25051550 - Finalized,10/02/2025,Core_HalfSplit,4.875,Yuvitza.Davila,10/02/2025,,,,4.86
JES-25-107,675345,59.9,61.1,1.2,1,,ALS,PIL-081,HE25051550 - Finalized,11/02/2025,Core_HalfSplit,5.68,Yuvitza.Davila,11/02/2025,,,,5.66
JES-25-107,675346,61.1,62.6,1.5,1,,ALS,PIL-081,HE25051550 - Finalized,11/02/2025,Core_QuarterSplit,2.915,Yuvitza.Davila,11/02/2025,,,,2.89
JES-25-107,675347,62.6,64.1,1.5,1,,ALS,PIL-081,HE25051550 - Finalized,11/02/2025,Core_HalfSplit,6.96,Yuvitza.Davila,11/02/2025,,,,6.93
JES-25-107,675348,64.1,65.3,1.2,1,,ALS,PIL-081,HE25051550 - Finalized,11/02/2025,Core_HalfSplit,4.175,Yuvitza.Davila,11/02/2025,,,,4.15
JES-25-107,675349,65.3,66.45,1.15,1,,ALS,PIL-081,HE25051550 - Finalized,11/02/2025,Core_HalfSplit,4.53,Yuvitza.Davila,11/02/2025,,,,4.51
JES-25-107,675352,66.45,67.95,1.5,1,,ALS,PIL-081,HE25051550 - Finalized,11/02/2025,Core_HalfSplit,7.02,Yuvitza.Davila,11/02/2025,,,,7
JES-25-107,675353,67.95,69.45,1.5,1,,ALS,PIL-081,HE25051550 - Finalized,11/02/2025,Core_HalfSplit,6.905,Yuvitza.Davila,11/02/2025,,,,6.87
JES-25-107,675354,69.45,71.05,1.6,1,,ALS,PIL-081,HE25051550 - Finalized,11/02/2025,Core_HalfSplit,5.915,Yuvitza.Davila,11/02/2025,,,,5.87
JES-25-107,675355,71.05,72.55,1.5,1,,ALS,PIL-081,HE25051550 - Finalized,11/02/2025,Core_HalfSplit,6.18,Yuvitza.Davila,11/02/2025,,,,6.16
JES-25-107,675356,72.55,73.4,0.85,1,,ALS,PIL-081,HE25051550 - Finalized,11/02/2025,Core_HalfSplit,3.97,Yuvitza.Davila,11/02/2025,,,,3.97
JES-25-107,675357,73.4,74.35,0.95,1,,ALS,PIL-081,HE25051550 - Finalized,11/02/2025,Core_HalfSplit,3.695,Yuvitza.Davila,11/02/2025,,,,3.67
JES-25-107,675358,74.35,75.3,0.95,1,,ALS,PIL-081,HE25051550 - Finalized,11/02/2025,Core_HalfSplit,3.605,Yuvitza.Davila,11/02/2025,,,,3.58
JES-25-107,675359,75.3,76.8,1.5,1,,ALS,PIL-081,HE25051550 - Finalized,11/02/2025,Core_HalfSplit,5.735,Yuvitza.Davila,11/02/2025,,,,5.71
JES-25-107,675360,76.8,78.2,1.4,1,,ALS,PIL-081,HE25051550 - Finalized,11/02/2025,Core_HalfSplit,5.75,Yuvitza.Davila,11/02/2025,,,,5.71
JES-25-107,675361,78.2,79.7,1.5,1,,ALS,PIL-081,HE25051550 - Finalized,11/02/2025,Core_HalfSplit,5.86,Yuvitza.Davila,11/02/2025,,,,5.85
JES-25-107,675362,79.7,81.2,1.5,1,,ALS,PIL-081,HE25051550 - Finalized,11/02/2025,Core_HalfSplit,4.665,Yuvitza.Davila,11/02/2025,,,,4.65
JES-25-107,675363,81.2,82.7,1.5,1,,ALS,PIL-081,HE25051550 - Finalized,11/02/2025,Core_HalfSplit,3.645,Yuvitza.Davila,11/02/2025,,,,3.63
JES-25-107,675364,82.7,84.25,1.55,1,,ALS,PIL-081,HE25051550 - Finalized,11/02/2025,Core_HalfSplit,6.23,Yuvitza.Davila,11/02/2025,,,,6.22
JES-25-107,675365,84.25,85.25,1,1,,ALS,PIL-081,HE25051550 - Finalized,11/02/2025,Core_HalfSplit,3.425,Yuvitza.Davila,11/02/2025,,,,3.41
JES-25-107,675366,85.25,86.3,1.05,1,,ALS,PIL-081,HE25051550 - Finalized,11/02/2025,Core_HalfSplit,4.785,Yuvitza.Davila,11/02/2025,,,,4.77
JES-25-107,675367,86.3,87.8,1.5,1,,ALS,PIL-081,HE25051550 - Finalized,11/02/2025,Core_HalfSplit,5.99,Yuvitza.Davila,11/02/2025,,,,5.97
JES-25-107,675368,87.8,88.55,0.75,1,,ALS,PIL-081,HE25051550 - Finalized,11/02/2025,Core_HalfSplit,2.555,Yuvitza.Davila,11/02/2025,,,,2.54
JES-25-107,675369,88.55,90.05,1.5,1,,ALS,PIL-081,HE25051550 - Finalized,11/02/2025,Core_HalfSplit,4.74,Yuvitza.Davila,11/02/2025,,,,4.72
JES-25-107,675370,90.05,91.55,1.5,1,,ALS,PIL-081,HE25051550 - Finalized,11/02/2025,Core_HalfSplit,4.225,Yuvitza.Davila,11/02/2025,,,,4.2
JES-25-107,675371,91.55,92.7,1.15,1,,ALS,PIL-081,HE25051550 - Finalized,11/02/2025,Core_HalfSplit,3.495,Yuvitza.Davila,11/02/2025,,,,3.48
JES-25-107,675372,92.7,93.85,1.15,1,,ALS,PIL-081,HE25051550 - Finalized,11/02/2025,Core_HalfSplit,3.26,Yuvitza.Davila,11/02/2025,,,,3.26
JES-25-107,675373,93.85,95,1.15,1,,ALS,PIL-081,HE25051550 - Finalized,11/02/2025,Core_HalfSplit,4.45,Yuvitza.Davila,11/02/2025,,,,4.44
JES-25-107,675374,95,96,1,1,,ALS,PIL-081,HE25051550 - Finalized,11/02/2025,Core_HalfSplit,3.075,Yuvitza.Davila,11/02/2025,,,,3.07
JES-25-107,675375,96,97.8,1.8,1,,ALS,PIL-081,HE25051550 - Finalized,11/02/2025,Core_HalfSplit,7.365,Yuvitza.Davila,11/02/2025,,,,7.34
JES-25-107,675377,97.8,99.3,1.5,1,,ALS,PIL-081,HE25051550 - Finalized,11/02/2025,Core_HalfSplit,6.245,Yuvitza.Davila,11/02/2025,,,,6.28
JES-25-107,675378,99.3,100.4,1.1,1,,ALS,PIL-081,HE25051550 - Finalized,11/02/2025,Core_HalfSplit,4.435,Yuvitza.Davila,11/02/2025,,,,4.41
JES-25-107,675379,100.4,101.5,1.1,1,,ALS,PIL-081,HE25051550 - Finalized,11/02/2025,Core_HalfSplit,4.795,Yuvitza.Davila,11/02/2025,,,,4.76
JES-25-107,675380,101.5,102.75,1.25,1,,ALS,PIL-081,HE25051550 - Finalized,11/02/2025,Core_HalfSplit,3.595,Yuvitza.Davila,11/02/2025,,,,3.59
JES-25-107,675381,102.75,103.8,1.05,1,,ALS,PIL-081,HE25051550 - Finalized,11/02/2025,Core_HalfSplit,3.67,Yuvitza.Davila,11/02/2025,,,,3.66
JES-25-107,675382,103.8,104.85,1.05,1,,ALS,PIL-081,HE25051550 - Finalized,11/02/2025,Core_HalfSplit,3.78,Yuvitza.Davila,11/02/2025,,,,3.76
JES-25-107,675383,104.85,105.75,0.9,1,,ALS,PIL-081,HE25051550 - Finalized,11/02/2025,Core_HalfSplit,3.665,Yuvitza.Davila,11/02/2025,,,,3.65
JES-25-107,675384,105.75,106.65,0.9,1,,ALS,PIL-081,HE25051550 - Finalized,11/02/2025,Core_HalfSplit,4.77,Yuvitza.Davila,11/02/2025,,,,4.75
JES-25-107,675385,106.65,108.2,1.55,1,,ALS,PIL-081,HE25051550 - Finalized,11/02/2025,Core_HalfSplit,6.39,Yuvitza.Davila,11/02/2025,,,,6.37
JES-25-107,675387,108.2,109.75,1.55,1,,ALS,PIL-081,HE25051550 - Finalized,11/02/2025,Core_HalfSplit,6,Yuvitza.Davila,11/02/2025,,,,5.97
JES-25-107,675388,109.75,111.3,1.55,1,,ALS,PIL-081,HE25051550 - Finalized,11/02/2025,Core_HalfSplit,5.785,Yuvitza.Davila,11/02/2025,,,,5.75
JES-25-107,675389,111.3,112.85,1.55,1,,ALS,PIL-081,HE25051550 - Finalized,11/02/2025,Core_HalfSplit,5.82,Yuvitza.Davila,11/02/2025,,,,5.8
JES-25-107,675390,112.85,114.15,1.3,1,,ALS,PIL-081,HE25051550 - Finalized,11/02/2025,Core_HalfSplit,4.815,Yuvitza.Davila,11/02/2025,,,,4.79
JES-25-107,675391,114.15,115.4,1.25,1,,ALS,PIL-081,HE25051550 - Finalized,11/02/2025,Core_HalfSplit,4.915,Yuvitza.Davila,11/02/2025,,,,4.9
JES-25-107,675392,115.4,116.7,1.3,1,,ALS,PIL-081,HE25051550 - Finalized,11/02/2025,Core_HalfSplit,4.58,Yuvitza.Davila,11/02/2025,,,,4.56
JES-25-107,675393,116.7,118,1.3,1,,ALS,PIL-081,HE25051550 - Finalized,11/02/2025,Core_HalfSplit,5.64,Yuvitza.Davila,11/02/2025,,,,5.61
JES-25-107,675394,118,119.3,1.3,1,,ALS,PIL-081,HE25051550 - Finalized,11/02/2025,Core_HalfSplit,4.71,Yuvitza.Davila,11/02/2025,,,,4.68
JES-25-108,675399,0,2,2,1,,ALS,PIL-082,HE25057351 - Finalized,18/02/2025,Core_QuarterSplit,2.49,Isaac.Ortega,18/02/2025,,,,2.49
JES-25-108,675400,2,2.95,0.95,1,,ALS,PIL-082,HE25057351 - Finalized,18/02/2025,Core_HalfSplit,2.39,Isaac.Ortega,18/02/2025,,,,2.39
JES-25-108,675401,2.95,4.45,1.5,1,,ALS,PIL-082,HE25057351 - Finalized,18/02/2025,Core_HalfSplit,2.085,Isaac.Ortega,18/02/2025,,,,2.08
JES-25-108,675402,4.45,5.95,1.5,1,,ALS,PIL-082,HE25057351 - Finalized,18/02/2025,Core_HalfSplit,2.945,Isaac.Ortega,18/02/2025,,,,2.94
JES-25-108,675403,5.95,6.8,0.85,1,,ALS,PIL-082,HE25057351 - Finalized,18/02/2025,Core_HalfSplit,3.425,Isaac.Ortega,18/02/2025,,,,3.42
JES-25-108,675404,6.8,8.3,1.5,1,,ALS,PIL-082,HE25057351 - Finalized,18/02/2025,Core_HalfSplit,2.69,Isaac.Ortega,18/02/2025,,,,2.69
JES-25-108,675405,8.3,9.8,1.5,1,,ALS,PIL-082,HE25057351 - Finalized,18/02/2025,Core_HalfSplit,1.455,Isaac.Ortega,18/02/2025,,,,1.46
JES-25-108,675406,9.8,11.3,1.5,1,,ALS,PIL-082,HE25057351 - Finalized,18/02/2025,Core_HalfSplit,2.55,Isaac.Ortega,18/02/2025,,,,2.55
JES-25-108,675407,11.3,11.9,0.6,1,,ALS,PIL-082,HE25057351 - Finalized,18/02/2025,Core_HalfSplit,1.57,Isaac.Ortega,18/02/2025,,,,1.57
JES-25-108,675408,11.9,12.95,1.05,1,,ALS,PIL-082,HE25057351 - Finalized,18/02/2025,Core_HalfSplit,1.545,Isaac.Ortega,18/02/2025,,,,1.55
JES-25-108,675409,12.95,13.6,0.65,1,,ALS,PIL-082,HE25057351 - Finalized,18/02/2025,Core_HalfSplit,2.155,Isaac.Ortega,18/02/2025,,,,2.15
JES-25-108,675410,13.6,14.6,1,1,,ALS,PIL-082,HE25057351 - Finalized,18/02/2025,Core_HalfSplit,2.865,Isaac.Ortega,18/02/2025,,,,2.87
JES-25-108,675411,14.6,16.1,1.5,1,,ALS,PIL-082,HE25057351 - Finalized,18/02/2025,Core_HalfSplit,4.88,Isaac.Ortega,18/02/2025,,,,4.87
JES-25-108,675412,16.1,17.5,1.4,1,,ALS,PIL-082,HE25057351 - Finalized,18/02/2025,Core_HalfSplit,4.9,Isaac.Ortega,18/02/2025,,,,4.89
JES-25-108,675413,17.5,18.7,1.2,1,,ALS,PIL-082,HE25057351 - Finalized,18/02/2025,Core_HalfSplit,4.005,Isaac.Ortega,18/02/2025,,,,4
JES-25-108,675414,18.7,19.4,0.7,1,,ALS,PIL-082,HE25057351 - Finalized,18/02/2025,Core_HalfSplit,3.115,Isaac.Ortega,18/02/2025,,,,3.11
JES-25-108,675415,19.4,20.4,1,1,,ALS,PIL-082,HE25057351 - Finalized,18/02/2025,Core_HalfSplit,2.31,Isaac.Ortega,18/02/2025,,,,2.3
JES-25-108,675416,20.4,21.75,1.35,1,,ALS,PIL-082,HE25057351 - Finalized,18/02/2025,Core_HalfSplit,4.78,Isaac.Ortega,18/02/2025,,,,4.77
JES-25-108,675417,21.75,23.1,1.35,1,,ALS,PIL-082,HE25057351 - Finalized,18/02/2025,Core_HalfSplit,5.345,Isaac.Ortega,18/02/2025,,,,5.32
JES-25-108,675418,23.1,24.1,1,1,,ALS,PIL-082,HE25057351 - Finalized,18/02/2025,Core_HalfSplit,3.585,Isaac.Ortega,18/02/2025,,,,3.58
JES-25-108,675419,24.1,25.45,1.35,1,,ALS,PIL-082,HE25057351 - Finalized,18/02/2025,Core_HalfSplit,4.24,Isaac.Ortega,18/02/2025,,,,4.24
JES-25-108,675421,25.45,26.9,1.45,1,,ALS,PIL-082,HE25057351 - Finalized,18/02/2025,Core_HalfSplit,4.64,Isaac.Ortega,18/02/2025,,,,4.64
JES-25-108,675422,26.9,27.9,1,1,,ALS,PIL-082,HE25057351 - Finalized,18/02/2025,Core_HalfSplit,2.59,Isaac.Ortega,18/02/2025,,,,2.59
JES-25-108,675423,27.9,29.4,1.5,1,,ALS,PIL-082,HE25057351 - Finalized,18/02/2025,Core_HalfSplit,5.365,Isaac.Ortega,18/02/2025,,,,5.35
JES-25-108,675424,29.4,30.9,1.5,1,,ALS,PIL-082,HE25057351 - Finalized,18/02/2025,Core_HalfSplit,5.345,Isaac.Ortega,18/02/2025,,,,5.33
JES-25-108,675425,30.9,32.3,1.4,1,,ALS,PIL-082,HE25057351 - Finalized,18/02/2025,Core_HalfSplit,5.355,Isaac.Ortega,18/02/2025,,,,5.34
JES-25-108,675426,32.3,32.95,0.65,1,,ALS,PIL-082,HE25057351 - Finalized,18/02/2025,Core_HalfSplit,2.355,Isaac.Ortega,18/02/2025,,,,2.35
JES-25-108,675427,32.95,33.5,0.55,1,,ALS,PIL-082,HE25057351 - Finalized,18/02/2025,Core_HalfSplit,1.77,Isaac.Ortega,18/02/2025,,,,1.77
JES-25-108,675428,33.5,34.65,1.15,1,,ALS,PIL-082,HE25057351 - Finalized,18/02/2025,Core_HalfSplit,4.29,Isaac.Ortega,18/02/2025,,,,4.28
JES-25-108,675429,34.65,35.4,0.75,1,,ALS,PIL-082,HE25057351 - Finalized,18/02/2025,Core_HalfSplit,2.675,Isaac.Ortega,18/02/2025,,,,2.67
JES-25-108,675430,35.4,36.9,1.5,1,,ALS,PIL-082,HE25057351 - Finalized,18/02/2025,Core_HalfSplit,5.965,Isaac.Ortega,18/02/2025,,,,5.94
JES-25-108,675431,36.9,38.5,1.6,1,,ALS,PIL-082,HE25057351 - Finalized,18/02/2025,Core_HalfSplit,5.96,Isaac.Ortega,18/02/2025,,,,5.94
JES-25-108,675432,38.5,39.4,0.9,1,,ALS,PIL-082,HE25057351 - Finalized,18/02/2025,Core_HalfSplit,2.49,Isaac.Ortega,18/02/2025,,,,2.48
JES-25-108,675433,39.4,40.3,0.9,1,,ALS,PIL-082,HE25057351 - Finalized,18/02/2025,Core_HalfSplit,2.8,Isaac.Ortega,18/02/2025,,,,2.8
JES-25-108,675434,40.3,41.8,1.5,1,,ALS,PIL-082,HE25057351 - Finalized,18/02/2025,Core_HalfSplit,7.13,Isaac.Ortega,18/02/2025,,,,7.09
JES-25-108,675435,41.8,43.3,1.5,1,,ALS,PIL-082,HE25057351 - Finalized,18/02/2025,Core_HalfSplit,5.7,Isaac.Ortega,18/02/2025,,,,5.68
JES-25-108,675437,43.3,44.8,1.5,1,,ALS,PIL-082,HE25057351 - Finalized,18/02/2025,Core_HalfSplit,5.905,Isaac.Ortega,18/02/2025,,,,5.9
JES-25-108,675438,44.8,46.4,1.6,1,,ALS,PIL-082,HE25057351 - Finalized,18/02/2025,Core_HalfSplit,5.425,Isaac.Ortega,18/02/2025,,,,5.42
JES-25-108,675439,46.4,47.3,0.9,1,,ALS,PIL-082,HE25057351 - Finalized,18/02/2025,Core_HalfSplit,3.215,Isaac.Ortega,18/02/2025,,,,3.22
JES-25-108,675440,47.3,48.5,1.2,1,,ALS,PIL-082,HE25057351 - Finalized,18/02/2025,Core_HalfSplit,3.865,Isaac.Ortega,18/02/2025,,,,3.87
JES-25-108,675441,48.5,49.7,1.2,1,,ALS,PIL-082,HE25057351 - Finalized,18/02/2025,Core_HalfSplit,2.945,Isaac.Ortega,18/02/2025,,,,2.95
JES-25-108,675442,49.7,50.5,0.8,1,,ALS,PIL-082,HE25057351 - Finalized,18/02/2025,Core_HalfSplit,1.955,Isaac.Ortega,18/02/2025,,,,1.96
JES-25-108,675443,50.5,51.9,1.4,1,,ALS,PIL-082,HE25057351 - Finalized,18/02/2025,Core_HalfSplit,3.06,Isaac.Ortega,18/02/2025,,,,3.06
JES-25-108,675444,51.9,53.5,1.6,1,,ALS,PIL-082,HE25057351 - Finalized,18/02/2025,Core_HalfSplit,4.16,Isaac.Ortega,18/02/2025,,,,4.16
JES-25-108,675445,53.5,55.3,1.8,1,,ALS,PIL-082,HE25057351 - Finalized,18/02/2025,Core_HalfSplit,5.51,Isaac.Ortega,18/02/2025,,,,5.51
JES-25-108,675446,55.3,56.5,1.2,1,,ALS,PIL-082,HE25057351 - Finalized,18/02/2025,Core_HalfSplit,4.645,Isaac.Ortega,18/02/2025,,,,4.65
JES-25-108,675447,56.5,57,0.5,1,,ALS,PIL-082,HE25057351 - Finalized,18/02/2025,Core_HalfSplit,1.59,Isaac.Ortega,18/02/2025,,,,1.59
JES-25-108,675450,57,58.8,1.8,1,,ALS,PIL-082,HE25057351 - Finalized,18/02/2025,Core_HalfSplit,5.535,Isaac.Ortega,18/02/2025,,,,5.53
JES-25-108,675451,58.8,60.8,2,1,,ALS,PIL-082,HE25057351 - Finalized,18/02/2025,Core_HalfSplit,3.89,Isaac.Ortega,18/02/2025,,,,3.89
JES-25-108,675452,60.8,62,1.2,1,,ALS,PIL-082,HE25057351 - Finalized,18/02/2025,Core_HalfSplit,3.92,Isaac.Ortega,18/02/2025,,,,3.92
JES-25-108,675453,62,62.95,0.95,1,,ALS,PIL-082,HE25057351 - Finalized,18/02/2025,Core_HalfSplit,3.765,Isaac.Ortega,18/02/2025,,,,3.76
JES-25-108,675454,62.95,63.5,0.55,1,,ALS,PIL-082,HE25057351 - Finalized,18/02/2025,Core_HalfSplit,1.8,Isaac.Ortega,18/02/2025,,,,1.79
JES-25-108,675455,63.5,64.9,1.4,1,,ALS,PIL-082,HE25057351 - Finalized,18/02/2025,Core_HalfSplit,3.535,Isaac.Ortega,18/02/2025,,,,3.53
JES-25-108,675456,64.9,66.35,1.45,1,,ALS,PIL-082,HE25057351 - Finalized,18/02/2025,Core_HalfSplit,5.44,Isaac.Ortega,18/02/2025,,,,5.43
JES-25-108,675457,66.35,67.45,1.1,1,,ALS,PIL-082,HE25057351 - Finalized,18/02/2025,Core_HalfSplit,4.48,Isaac.Ortega,18/02/2025,,,,4.48
JES-25-108,675458,67.45,68.5,1.05,1,,ALS,PIL-082,HE25057351 - Finalized,18/02/2025,Core_HalfSplit,3.7,Isaac.Ortega,18/02/2025,,,,3.69
JES-25-108,675460,68.5,70,1.5,1,,ALS,PIL-082,HE25057351 - Finalized,18/02/2025,Core_HalfSplit,3.905,Isaac.Ortega,18/02/2025,,,,3.9
JES-25-108,675461,70,71.55,1.55,1,,ALS,PIL-082,HE25057351 - Finalized,18/02/2025,Core_HalfSplit,4.1,Isaac.Ortega,18/02/2025,,,,4.1
JES-25-108,675462,71.55,73.1,1.55,1,,ALS,PIL-082,HE25057351 - Finalized,18/02/2025,Core_HalfSplit,4.705,Isaac.Ortega,18/02/2025,,,,4.71
JES-25-108,675463,73.1,74.35,1.25,1,,ALS,PIL-082,HE25057351 - Finalized,18/02/2025,Core_HalfSplit,5.08,Isaac.Ortega,18/02/2025,,,,5.07
JES-25-108,675464,74.35,75.6,1.25,1,,ALS,PIL-082,HE25057351 - Finalized,18/02/2025,Core_HalfSplit,5.13,Isaac.Ortega,18/02/2025,,,,5.13
JES-25-108,675465,75.6,76.85,1.25,1,,ALS,PIL-082,HE25057351 - Finalized,18/02/2025,Core_HalfSplit,4.735,Isaac.Ortega,18/02/2025,,,,4.73
JES-25-108,675466,76.85,78.5,1.65,1,,ALS,PIL-082,HE25057351 - Finalized,18/02/2025,Core_HalfSplit,4.365,Isaac.Ortega,18/02/2025,,,,4.37
JES-25-108,675467,78.5,80,1.5,1,,ALS,PIL-082,HE25057351 - Finalized,18/02/2025,Core_HalfSplit,5.725,Isaac.Ortega,18/02/2025,,,,5.73
JES-25-108,675468,80,81.75,1.75,1,,ALS,PIL-082,HE25057351 - Finalized,18/02/2025,Core_HalfSplit,7.32,Isaac.Ortega,18/02/2025,,,,7.3
JES-25-108,675469,81.75,83.5,1.75,1,,ALS,PIL-082,HE25057351 - Finalized,18/02/2025,Core_HalfSplit,6.035,Isaac.Ortega,18/02/2025,,,,6.03
JES-25-108,675470,83.5,85,1.5,1,,ALS,PIL-082,HE25057351 - Finalized,18/02/2025,Core_HalfSplit,5.765,Isaac.Ortega,18/02/2025,,,,5.77
JES-25-108,675471,85,86.5,1.5,1,,ALS,PIL-082,HE25057351 - Finalized,18/02/2025,Core_HalfSplit,6.715,Isaac.Ortega,18/02/2025,,,,6.71
JES-25-108,675472,86.5,88.15,1.65,1,,ALS,PIL-082,HE25057351 - Finalized,18/02/2025,Core_HalfSplit,6.55,Isaac.Ortega,18/02/2025,,,,6.54
JES-25-108,675473,88.15,89.6,1.45,1,,ALS,PIL-082,HE25057351 - Finalized,18/02/2025,Core_HalfSplit,5.21,Isaac.Ortega,18/02/2025,,,,5.2
JES-25-108,675474,89.6,91.1,1.5,1,,ALS,PIL-082,HE25057351 - Finalized,18/02/2025,Core_HalfSplit,5.505,Isaac.Ortega,18/02/2025,,,,5.51
JES-25-108,675475,91.1,92.5,1.4,1,,ALS,PIL-082,HE25057351 - Finalized,18/02/2025,Core_QuarterSplit,2.75,Isaac.Ortega,18/02/2025,,,,2.75
JES-25-108,675476,92.5,94,1.5,1,,ALS,PIL-082,HE25057351 - Finalized,18/02/2025,Core_HalfSplit,6.18,Isaac.Ortega,18/02/2025,,,,6.16
JES-25-108,675477,94,95.5,1.5,1,,ALS,PIL-082,HE25057351 - Finalized,18/02/2025,Core_HalfSplit,5.95,Isaac.Ortega,18/02/2025,,,,5.93
JES-25-109,675481,0,1.7,1.7,1,,ALS,PIL-083,HE25057352 - Finalized,23/02/2025,Core_HalfSplit,3.71,Yuvitza.Davila,23/02/2025,,,,3.72
JES-25-109,675482,1.7,3.35,1.65,1,,ALS,PIL-083,HE25057352 - Finalized,23/02/2025,Core_HalfSplit,2.97,Yuvitza.Davila,23/02/2025,,,,2.98
JES-25-109,675483,3.35,5.3,1.95,1,,ALS,PIL-083,HE25057352 - Finalized,23/02/2025,Core_HalfSplit,3.66,Yuvitza.Davila,23/02/2025,,,,3.67
JES-25-109,675484,5.3,7.05,1.75,1,,ALS,PIL-083,HE25057352 - Finalized,23/02/2025,Core_HalfSplit,2.415,Yuvitza.Davila,23/02/2025,,,,2.42
JES-25-109,675485,7.05,9.8,2.75,1,,ALS,PIL-083,HE25057352 - Finalized,23/02/2025,Core_HalfSplit,3.96,Yuvitza.Davila,23/02/2025,,,,3.96
JES-25-109,675486,9.8,12.1,2.3,1,,ALS,PIL-083,HE25057352 - Finalized,23/02/2025,Core_HalfSplit,4.18,Yuvitza.Davila,23/02/2025,,,,4.18
JES-25-109,675487,12.1,13.8,1.7,1,,ALS,PIL-083,HE25057352 - Finalized,23/02/2025,Core_QuarterSplit,1.69,Yuvitza.Davila,23/02/2025,,,,1.7
JES-25-109,675489,13.8,15.3,1.5,1,,ALS,PIL-083,HE25057352 - Finalized,23/02/2025,Core_HalfSplit,4.36,Yuvitza.Davila,23/02/2025,,,,4.36
JES-25-109,675490,15.3,16.8,1.5,1,,ALS,PIL-083,HE25057352 - Finalized,23/02/2025,Core_HalfSplit,4.04,Yuvitza.Davila,23/02/2025,,,,4.04
JES-25-109,675491,16.8,18.3,1.5,1,,ALS,PIL-083,HE25057352 - Finalized,23/02/2025,Core_HalfSplit,4.1,Yuvitza.Davila,23/02/2025,,,,4.11
JES-25-109,675492,18.3,19.8,1.5,1,,ALS,PIL-083,HE25057352 - Finalized,23/02/2025,Core_HalfSplit,3.725,Yuvitza.Davila,23/02/2025,,,,3.73
JES-25-109,675493,19.8,21.3,1.5,1,,ALS,PIL-083,HE25057352 - Finalized,23/02/2025,Core_HalfSplit,3.975,Yuvitza.Davila,23/02/2025,,,,3.98
JES-25-109,675494,21.3,22.8,1.5,1,,ALS,PIL-083,HE25057352 - Finalized,23/02/2025,Core_HalfSplit,5.5,Yuvitza.Davila,23/02/2025,,,,5.5
JES-25-109,675495,22.8,24.55,1.75,1,,ALS,PIL-083,HE25057352 - Finalized,23/02/2025,Core_HalfSplit,5.875,Yuvitza.Davila,23/02/2025,,,,5.88
JES-25-109,675496,24.55,25.4,0.85,1,,ALS,PIL-083,HE25057352 - Finalized,23/02/2025,Core_HalfSplit,2.91,Yuvitza.Davila,23/02/2025,,,,2.93
JES-25-109,675497,25.4,26.5,1.1,1,,ALS,PIL-083,HE25057352 - Finalized,23/02/2025,Core_HalfSplit,3.29,Yuvitza.Davila,23/02/2025,,,,3.34
JES-25-109,675498,26.5,27.75,1.25,1,,ALS,PIL-083,HE25057352 - Finalized,23/02/2025,Core_HalfSplit,2.785,Yuvitza.Davila,23/02/2025,,,,2.79
JES-25-109,675499,27.75,30.15,2.4,1,,ALS,PIL-083,HE25057352 - Finalized,23/02/2025,Core_HalfSplit,6.04,Yuvitza.Davila,23/02/2025,,,,6.05
JES-25-109,675500,30.15,31.6,1.45,1,,ALS,PIL-083,HE25057352 - Finalized,23/02/2025,Core_HalfSplit,5.06,Yuvitza.Davila,23/02/2025,,,,5.07
JES-25-109,675501,31.6,33.45,1.85,1,,ALS,PIL-083,HE25057352 - Finalized,23/02/2025,Core_HalfSplit,6.45,Yuvitza.Davila,23/02/2025,,,,6.46
JES-25-109,675502,33.45,35.3,1.85,1,,ALS,PIL-083,HE25057352 - Finalized,23/02/2025,Core_HalfSplit,5.98,Yuvitza.Davila,23/02/2025,,,,5.99
JES-25-109,675503,35.3,36.85,1.55,1,,ALS,PIL-083,HE25057352 - Finalized,23/02/2025,Core_HalfSplit,5.07,Yuvitza.Davila,23/02/2025,,,,5.07
JES-25-109,675504,36.85,39,2.15,1,,ALS,PIL-082,HE25057352 - Finalized,23/02/2025,Core_HalfSplit,6.355,Yuvitza.Davila,23/02/2025,,,,6.36
JES-25-109,675505,39,40.7,1.7,1,,ALS,PIL-083,HE25057352 - Finalized,23/02/2025,Core_HalfSplit,4.82,Yuvitza.Davila,23/02/2025,,,,4.82
JES-25-109,675506,40.7,41.9,1.2,1,,ALS,PIL-083,HE25057352 - Finalized,23/02/2025,Core_HalfSplit,3.03,Yuvitza.Davila,23/02/2025,,,,3.03
JES-25-109,675508,41.9,43.1,1.2,1,,ALS,PIL-083,HE25057352 - Finalized,23/02/2025,Core_HalfSplit,3.405,Yuvitza.Davila,23/02/2025,,,,3.4
JES-25-109,675509,43.1,44.3,1.2,1,,ALS,PIL-083,HE25057352 - Finalized,23/02/2025,Core_HalfSplit,2.605,Yuvitza.Davila,23/02/2025,,,,2.61
JES-25-109,675510,44.3,45.8,1.5,1,,ALS,PIL-083,HE25057352 - Finalized,23/02/2025,Core_HalfSplit,4.04,Yuvitza.Davila,23/02/2025,,,,4.05
JES-25-109,675511,45.8,47.3,1.5,1,,ALS,PIL-083,HE25057352 - Finalized,23/02/2025,Core_HalfSplit,5.05,Yuvitza.Davila,23/02/2025,,,,5.06
JES-25-109,675512,47.3,48.8,1.5,1,,ALS,PIL-083,HE25057352 - Finalized,23/02/2025,Core_HalfSplit,4.41,Yuvitza.Davila,23/02/2025,,,,4.41
JES-25-109,675513,48.8,50.3,1.5,1,,ALS,PIL-083,HE25057352 - Finalized,23/02/2025,Core_HalfSplit,5.735,Yuvitza.Davila,23/02/2025,,,,5.74
JES-25-109,675514,50.3,51.65,1.35,1,,ALS,PIL-083,HE25057352 - Finalized,23/02/2025,Core_HalfSplit,4.725,Yuvitza.Davila,23/02/2025,,,,4.73
JES-25-109,675515,51.65,53,1.35,1,,ALS,PIL-083,HE25057352 - Finalized,23/02/2025,Core_HalfSplit,5.275,Yuvitza.Davila,23/02/2025,,,,5.28
JES-25-109,675516,53,54.5,1.5,1,,ALS,PIL-083,HE25057352 - Finalized,23/02/2025,Core_HalfSplit,5.07,Yuvitza.Davila,23/02/2025,,,,5.07
JES-25-109,675517,54.5,56,1.5,1,,ALS,PIL-083,HE25057352 - Finalized,23/02/2025,Core_HalfSplit,5.915,Yuvitza.Davila,23/02/2025,,,,5.92
JES-25-109,675518,56,57.75,1.75,1,,ALS,PIL-083,HE25057352 - Finalized,23/02/2025,Core_HalfSplit,5.045,Yuvitza.Davila,23/02/2025,,,,5.05
JES-25-109,675519,57.75,58.6,0.85,1,,ALS,PIL-083,HE25057352 - Finalized,23/02/2025,Core_QuarterSplit,2.235,Yuvitza.Davila,23/02/2025,,,,2.26
JES-25-109,675521,58.6,60.1,1.5,1,,ALS,PIL-083,HE25057352 - Finalized,23/02/2025,Core_HalfSplit,5.85,Yuvitza.Davila,23/02/2025,,,,5.85
JES-25-109,675522,60.1,61.6,1.5,1,,ALS,PIL-083,HE25057352 - Finalized,23/02/2025,Core_HalfSplit,6.57,Yuvitza.Davila,23/02/2025,,,,6.58
JES-25-109,675523,61.6,63.1,1.5,1,,ALS,PIL-083,HE25057352 - Finalized,23/02/2025,Core_HalfSplit,5.52,Yuvitza.Davila,23/02/2025,,,,5.53
JES-25-109,675524,63.1,64.6,1.5,1,,ALS,PIL-083,HE25057352 - Finalized,23/02/2025,Core_HalfSplit,5.74,Yuvitza.Davila,23/02/2025,,,,5.75
JES-25-109,675525,64.6,66.1,1.5,1,,ALS,PIL-083,HE25057352 - Finalized,23/02/2025,Core_HalfSplit,5.27,Yuvitza.Davila,23/02/2025,,,,5.27
JES-25-109,675526,66.1,67.6,1.5,1,,ALS,PIL-083,HE25057352 - Finalized,23/02/2025,Core_HalfSplit,5.575,Yuvitza.Davila,23/02/2025,,,,5.59
JES-25-109,675527,67.6,69.1,1.5,1,,ALS,PIL-083,HE25057352 - Finalized,23/02/2025,Core_HalfSplit,6.105,Yuvitza.Davila,23/02/2025,,,,6.1
JES-25-109,675528,69.1,70.6,1.5,1,,ALS,PIL-083,HE25057352 - Finalized,23/02/2025,Core_HalfSplit,6.3,Yuvitza.Davila,23/02/2025,,,,6.29
JES-25-109,675529,70.6,72.2,1.6,1,,ALS,PIL-083,HE25057352 - Finalized,23/02/2025,Core_HalfSplit,5.97,Yuvitza.Davila,23/02/2025,,,,6.01
JES-25-109,675530,72.2,73.8,1.6,1,,ALS,PIL-083,HE25057352 - Finalized,23/02/2025,Core_HalfSplit,6.55,Yuvitza.Davila,23/02/2025,,,,6.59
JES-25-109,675531,73.8,75.3,1.5,1,,ALS,PIL-083,HE25057352 - Finalized,23/02/2025,Core_HalfSplit,6.15,Yuvitza.Davila,23/02/2025,,,,6.2
JES-25-109,675532,75.3,76.8,1.5,1,,ALS,PIL-083,HE25057352 - Finalized,23/02/2025,Core_HalfSplit,6.375,Yuvitza.Davila,23/02/2025,,,,6.4
JES-25-109,675534,76.8,78.4,1.6,1,,ALS,PIL-083,HE25057352 - Finalized,23/02/2025,Core_HalfSplit,6.52,Yuvitza.Davila,23/02/2025,,,,6.55
JES-25-109,675535,78.4,79.3,0.9,1,,ALS,PIL-083,HE25057352 - Finalized,23/02/2025,Core_HalfSplit,4.455,Yuvitza.Davila,23/02/2025,,,,4.48
JES-25-109,675536,79.3,80.5,1.2,1,,ALS,PIL-083,HE25057352 - Finalized,23/02/2025,Core_HalfSplit,5.655,Yuvitza.Davila,23/02/2025,,,,5.69
JES-25-109,675537,80.5,82,1.5,1,,ALS,PIL-083,HE25057352 - Finalized,23/02/2025,Core_HalfSplit,5.58,Yuvitza.Davila,23/02/2025,,,,5.62
JES-25-109,675538,82,83.5,1.5,1,,ALS,PIL-083,HE25057352 - Finalized,23/02/2025,Core_HalfSplit,4.19,Yuvitza.Davila,23/02/2025,,,,4.21
JES-25-109,675539,83.5,85,1.5,1,,ALS,PIL-083,HE25057352 - Finalized,23/02/2025,Core_HalfSplit,5.385,Yuvitza.Davila,23/02/2025,,,,5.42
JES-25-109,675540,85,85.8,0.8,1,,ALS,PIL-083,HE25057352 - Finalized,23/02/2025,Core_HalfSplit,2.9,Yuvitza.Davila,23/02/2025,,,,3
JES-25-109,675541,85.8,87,1.2,1,,ALS,PIL-083,HE25057352 - Finalized,23/02/2025,Core_HalfSplit,5.805,Yuvitza.Davila,23/02/2025,,,,5.85
JES-25-109,675542,87,88,1,1,,ALS,PIL-083,HE25057352 - Finalized,23/02/2025,Core_HalfSplit,4.405,Yuvitza.Davila,23/02/2025,,,,4.43
JES-25-109,675543,88,89.5,1.5,1,,ALS,PIL-083,HE25057352 - Finalized,23/02/2025,Core_HalfSplit,6.49,Yuvitza.Davila,23/02/2025,,,,6.51
JES-25-109,675544,89.5,90.1,0.6,1,,ALS,PIL-083,HE25057352 - Finalized,23/02/2025,Core_HalfSplit,6.895,Yuvitza.Davila,23/02/2025,,,,6.9
JES-25-109,675545,90.1,91.6,1.5,1,,ALS,PIL-083,HE25057352 - Finalized,23/02/2025,Core_HalfSplit,4.26,Yuvitza.Davila,23/02/2025,,,,4.46
JES-25-109,675546,91.6,93.1,1.5,1,,ALS,PIL-083,HE25057352 - Finalized,23/02/2025,Core_HalfSplit,1.73,Yuvitza.Davila,23/02/2025,,,,1.72
JES-25-109,675547,93.1,93.8,0.7,1,,ALS,PIL-083,HE25057352 - Finalized,23/02/2025,Core_HalfSplit,2.495,Yuvitza.Davila,23/02/2025,,,,2.49
JES-25-109,675548,93.8,95.3,1.5,1,,ALS,PIL-083,HE25057352 - Finalized,23/02/2025,Core_HalfSplit,5.02,Yuvitza.Davila,23/02/2025,,,,5.01
JES-25-109,675549,95.3,96.2,0.9,1,,ALS,PIL-083,HE25057352 - Finalized,23/02/2025,Core_HalfSplit,4.2,Yuvitza.Davila,23/02/2025,,,,4.2
JES-25-109,675550,96.2,97.7,1.5,1,,ALS,PIL-083,HE25057352 - Finalized,23/02/2025,Core_HalfSplit,6.075,Yuvitza.Davila,23/02/2025,,,,6.06
JES-25-109,675552,97.7,98.3,0.6,1,,ALS,PIL-083,HE25057352 - Finalized,23/02/2025,Core_HalfSplit,2.165,Yuvitza.Davila,23/02/2025,,,,2.17
JES-25-109,675553,98.3,99.8,1.5,1,,ALS,PIL-083,HE25057352 - Finalized,23/02/2025,Core_HalfSplit,6.005,Yuvitza.Davila,23/02/2025,,,,6.01
JES-25-109,675554,99.8,101.3,1.5,1,,ALS,PIL-083,HE25057352 - Finalized,23/02/2025,Core_HalfSplit,6.18,Yuvitza.Davila,23/02/2025,,,,6.17
JES-25-109,675555,101.3,102.8,1.5,1,,ALS,PIL-083,HE25057352 - Finalized,23/02/2025,Core_HalfSplit,6.425,Yuvitza.Davila,23/02/2025,,,,6.42
JES-25-109,675556,102.8,104.3,1.5,1,,ALS,PIL-083,HE25057352 - Finalized,23/02/2025,Core_HalfSplit,5.24,Yuvitza.Davila,23/02/2025,,,,5.24
JES-25-109,675557,104.3,105.8,1.5,1,,ALS,PIL-083,HE25057352 - Finalized,23/02/2025,Core_HalfSplit,5.15,Yuvitza.Davila,23/02/2025,,,,5.14
JES-25-109,675558,105.8,107.3,1.5,1,,ALS,PIL-083,HE25057352 - Finalized,23/02/2025,Core_HalfSplit,7.26,Yuvitza.Davila,23/02/2025,,,,7.25
JES-25-109,675559,107.3,108.5,1.2,1,,ALS,PIL-083,HE25057352 - Finalized,23/02/2025,Core_HalfSplit,4.265,Yuvitza.Davila,23/02/2025,,,,4.27
JES-25-109,675560,108.5,110.1,1.6,1,,ALS,PIL-083,HE25057352 - Finalized,23/02/2025,Core_HalfSplit,3.42,Yuvitza.Davila,23/02/2025,,,,3.42
JES-25-109,675561,110.1,110.9,0.8,1,,ALS,PIL-083,HE25057352 - Finalized,23/02/2025,Core_HalfSplit,2.975,Yuvitza.Davila,23/02/2025,,,,2.97
JES-25-109,675562,110.9,111.7,0.8,1,,ALS,PIL-083,HE25057352 - Finalized,23/02/2025,Core_HalfSplit,2.87,Yuvitza.Davila,23/02/2025,,,,2.86
JES-25-109,675563,111.7,113.2,1.5,1,,ALS,PIL-083,HE25057352 - Finalized,23/02/2025,Core_HalfSplit,5.935,Yuvitza.Davila,23/02/2025,,,,5.93
JES-25-109,675565,113.2,114.7,1.5,1,,ALS,PIL-083,HE25057352 - Finalized,23/02/2025,Core_HalfSplit,4.69,Yuvitza.Davila,23/02/2025,,,,4.69
JES-25-109,675566,114.7,116.2,1.5,1,,ALS,PIL-083,HE25057352 - Finalized,23/02/2025,Core_HalfSplit,5.25,Yuvitza.Davila,23/02/2025,,,,5.24
JES-25-109,675567,116.2,117.4,1.2,1,,ALS,PIL-083,HE25057352 - Finalized,23/02/2025,Core_HalfSplit,3.46,Yuvitza.Davila,23/02/2025,,,,3.46
JES-25-109,675568,117.4,118,0.6,1,,ALS,PIL-083,HE25057352 - Finalized,23/02/2025,Core_HalfSplit,1.62,Yuvitza.Davila,23/02/2025,,,,1.61
JES-25-110,675572,0,1.6,1.6,1,,ALS,PIL-084,HE25066205 - Finalized,08/03/2025,Core_HalfSplit,3.795,Isaac.Ortega,24/02/2025,,,,3.8
JES-25-110,675573,1.6,2.45,0.85,1,,ALS,PIL-084,HE25066205 - Finalized,08/03/2025,Core_HalfSplit,3.06,Isaac.Ortega,24/02/2025,,,,3.07
JES-25-110,675574,2.45,3.95,1.5,1,,ALS,PIL-084,HE25066205 - Finalized,08/03/2025,Core_HalfSplit,4.305,Isaac.Ortega,24/02/2025,,,,4.33
JES-25-110,675575,3.95,5.45,1.5,1,,ALS,PIL-084,HE25066205 - Finalized,08/03/2025,Core_HalfSplit,4.16,Isaac.Ortega,24/02/2025,,,,4.17
JES-25-110,675576,5.45,6.95,1.5,1,,ALS,PIL-084,HE25066205 - Finalized,08/03/2025,Core_HalfSplit,5.48,Isaac.Ortega,24/02/2025,,,,5.5
JES-25-110,675577,6.95,8,1.05,1,,ALS,PIL-084,HE25066205 - Finalized,08/03/2025,Core_HalfSplit,3.39,Isaac.Ortega,24/02/2025,,,,3.39
JES-25-110,675578,8,9,1,1,,ALS,PIL-084,HE25066205 - Finalized,08/03/2025,Core_HalfSplit,3.725,Isaac.Ortega,24/02/2025,,,,3.74
JES-25-110,675579,9,12.55,3.55,1,Muesta real de 1.5 m,ALS,PIL-084,HE25066205 - Finalized,08/03/2025,Core_HalfSplit,4.855,Isaac.Ortega,24/02/2025,,,,4.89
JES-25-110,675580,12.55,14,1.45,1,,ALS,PIL-084,HE25066205 - Finalized,08/03/2025,Core_HalfSplit,2.2,Isaac.Ortega,24/02/2025,,,,2.21
JES-25-110,675581,14,15.35,1.35,1,,ALS,PIL-084,HE25066205 - Finalized,08/03/2025,Core_HalfSplit,4.94,Isaac.Ortega,24/02/2025,,,,4.96
JES-25-110,675583,15.35,17.3,1.95,1,,ALS,PIL-084,HE25066205 - Finalized,08/03/2025,Core_HalfSplit,4.05,Isaac.Ortega,24/02/2025,,,,4.07
JES-25-110,675584,17.3,18.2,0.9,1,Muestra real de 1.20 m,ALS,PIL-084,HE25066205 - Finalized,08/03/2025,Core_HalfSplit,3.4,Isaac.Ortega,24/02/2025,,,,3.41
JES-25-110,675585,18.2,20.1,1.9,1,Muestra real de 1.35 m,ALS,PIL-084,HE25066205 - Finalized,08/03/2025,Core_HalfSplit,4.4,Isaac.Ortega,24/02/2025,,,,4.41
JES-25-110,675586,20.1,22.55,2.45,1,,ALS,PIL-084,HE25066205 - Finalized,08/03/2025,Core_HalfSplit,5.22,Isaac.Ortega,24/02/2025,,,,5.24
JES-25-110,675587,22.55,23.3,0.75,1,,ALS,PIL-084,HE25066205 - Finalized,08/03/2025,Core_HalfSplit,2.435,Isaac.Ortega,24/02/2025,,,,2.43
JES-25-110,675588,23.3,24.2,0.9,1,Muestra real de 1.2 m,ALS,PIL-084,HE25066205 - Finalized,08/03/2025,Core_HalfSplit,3.29,Isaac.Ortega,24/02/2025,,,,3.28
JES-25-110,675589,24.2,26.3,2.1,1,,ALS,PIL-084,HE25066205 - Finalized,08/03/2025,Core_HalfSplit,2.665,Isaac.Ortega,24/02/2025,,,,2.65
JES-25-110,675590,26.3,27.2,0.9,1,,ALS,PIL-084,HE25066205 - Finalized,08/03/2025,Core_HalfSplit,3.04,Isaac.Ortega,24/02/2025,,,,3.04
JES-25-110,675591,27.2,28.95,1.75,1,,ALS,PIL-084,HE25066205 - Finalized,08/03/2025,Core_HalfSplit,3.615,Isaac.Ortega,24/02/2025,,,,3.62
JES-25-110,675592,28.95,30,1.05,1,,ALS,PIL-084,HE25066205 - Finalized,08/03/2025,Core_HalfSplit,3.845,Isaac.Ortega,24/02/2025,,,,3.86
JES-25-110,675593,30,31.5,1.5,1,,ALS,PIL-084,HE25066205 - Finalized,08/03/2025,Core_HalfSplit,6.16,Isaac.Ortega,24/02/2025,,,,6.19
JES-25-110,675594,31.5,32.3,0.8,1,,ALS,PIL-084,HE25066205 - Finalized,08/03/2025,Core_HalfSplit,3.71,Isaac.Ortega,24/02/2025,,,,3.71
JES-25-110,675595,32.3,33.8,1.5,1,,ALS,PIL-084,HE25066205 - Finalized,08/03/2025,Core_HalfSplit,5.385,Isaac.Ortega,24/02/2025,,,,5.4
JES-25-110,675596,33.8,34.95,1.15,1,,ALS,PIL-084,HE25066205 - Finalized,08/03/2025,Core_HalfSplit,4.825,Isaac.Ortega,24/02/2025,,,,4.85
JES-25-110,675597,34.95,35.8,0.85,1,,ALS,PIL-084,HE25066205 - Finalized,08/03/2025,Core_HalfSplit,3.025,Isaac.Ortega,24/02/2025,,,,3.04
JES-25-110,675598,35.8,37.2,1.4,1,Muestra Duplicada 675680,ALS,PIL-084,HE25066205 - Finalized,08/03/2025,Core_QuarterSplit,2.815,Isaac.Ortega,24/02/2025,,,,2.83
JES-25-110,675599,37.2,38.6,1.4,1,,ALS,PIL-084,HE25066205 - Finalized,08/03/2025,Core_HalfSplit,5.96,Isaac.Ortega,24/02/2025,,,,5.97
JES-25-110,675600,38.6,39.25,0.65,1,,ALS,PIL-084,HE25066205 - Finalized,08/03/2025,Core_HalfSplit,2.525,Isaac.Ortega,24/02/2025,,,,2.53
JES-25-110,675601,39.25,40.5,1.25,1,,ALS,PIL-084,HE25066205 - Finalized,08/03/2025,Core_HalfSplit,4.835,Isaac.Ortega,24/02/2025,,,,4.86
JES-25-110,675602,40.5,41.1,0.6,1,,ALS,PIL-084,HE25066205 - Finalized,08/03/2025,Core_HalfSplit,2.635,Isaac.Ortega,24/02/2025,,,,2.64
JES-25-110,675603,41.1,42.2,1.1,1,,ALS,PIL-084,HE25066205 - Finalized,08/03/2025,Core_HalfSplit,4.925,Isaac.Ortega,24/02/2025,,,,4.94
JES-25-110,675604,42.2,43.6,1.4,1,,ALS,PIL-084,HE25066205 - Finalized,08/03/2025,Core_HalfSplit,4.51,Isaac.Ortega,24/02/2025,,,,4.52
JES-25-110,675605,43.6,45.1,1.5,1,,ALS,PIL-084,HE25066205 - Finalized,08/03/2025,Core_HalfSplit,6.325,Isaac.Ortega,24/02/2025,,,,6.35
JES-25-110,675606,45.1,46.6,1.5,1,,ALS,PIL-084,HE25066205 - Finalized,08/03/2025,Core_HalfSplit,7.095,Isaac.Ortega,24/02/2025,,,,7.11
JES-25-110,675607,46.6,48.1,1.5,1,,ALS,PIL-084,HE25066205 - Finalized,08/03/2025,Core_HalfSplit,6.05,Isaac.Ortega,25/02/2025,,,,6.06
JES-25-110,675608,48.1,48.9,0.8,1,,ALS,PIL-084,HE25066205 - Finalized,08/03/2025,Core_HalfSplit,3.87,Isaac.Ortega,25/02/2025,,,,3.86
JES-25-110,675609,48.9,50.1,1.2,1,,ALS,PIL-084,HE25066205 - Finalized,08/03/2025,Core_HalfSplit,4.715,Isaac.Ortega,25/02/2025,,,,4.72
JES-25-110,675611,50.1,51.6,1.5,1,,ALS,PIL-084,HE25066205 - Finalized,08/03/2025,Core_HalfSplit,5.81,Isaac.Ortega,25/02/2025,,,,5.83
JES-25-110,675612,51.6,53.1,1.5,1,,ALS,PIL-084,HE25066205 - Finalized,08/03/2025,Core_HalfSplit,7.425,Isaac.Ortega,25/02/2025,,,,7.45
JES-25-110,675613,53.1,54.6,1.5,1,,ALS,PIL-084,HE25066205 - Finalized,08/03/2025,Core_HalfSplit,4.035,Isaac.Ortega,25/02/2025,,,,4.06
JES-25-110,675614,54.6,56.1,1.5,1,,ALS,PIL-084,HE25066205 - Finalized,08/03/2025,Core_HalfSplit,7.105,Isaac.Ortega,25/02/2025,,,,7.13
JES-25-110,675615,56.1,57.6,1.5,1,,ALS,PIL-084,HE25066205 - Finalized,08/03/2025,Core_HalfSplit,6.705,Isaac.Ortega,25/02/2025,,,,6.72
JES-25-110,675616,57.6,59,1.4,1,,ALS,PIL-084,HE25066205 - Finalized,08/03/2025,Core_HalfSplit,6.26,Isaac.Ortega,25/02/2025,,,,6.28
JES-25-110,675617,59,60.5,1.5,1,,ALS,PIL-084,HE25066205 - Finalized,08/03/2025,Core_HalfSplit,7.125,Isaac.Ortega,25/02/2025,,,,7.14
JES-25-110,675618,60.5,62,1.5,1,,ALS,PIL-084,HE25066205 - Finalized,08/03/2025,Core_HalfSplit,6.29,Isaac.Ortega,25/02/2025,,,,6.3
JES-25-110,675619,62,62.5,0.5,1,,ALS,PIL-084,HE25066205 - Finalized,08/03/2025,Core_HalfSplit,3.135,Isaac.Ortega,25/02/2025,,,,3.14
JES-25-110,675620,62.5,63.7,1.2,1,,ALS,PIL-084,HE25066205 - Finalized,08/03/2025,Core_HalfSplit,4.65,Isaac.Ortega,25/02/2025,,,,4.66
JES-25-110,675621,63.7,65.2,1.5,1,,ALS,PIL-084,HE25066205 - Finalized,08/03/2025,Core_HalfSplit,6.71,Isaac.Ortega,25/02/2025,,,,6.74
JES-25-110,675622,65.2,66.7,1.5,1,,ALS,PIL-084,HE25066205 - Finalized,08/03/2025,Core_HalfSplit,6.58,Isaac.Ortega,25/02/2025,,,,6.57
JES-25-110,675623,66.7,68,1.3,1,,ALS,PIL-084,HE25066205 - Finalized,08/03/2025,Core_HalfSplit,5.755,Isaac.Ortega,25/02/2025,,,,5.78
JES-25-110,675624,68,69.5,1.5,1,,ALS,PIL-084,HE25066205 - Finalized,08/03/2025,Core_HalfSplit,6.805,Isaac.Ortega,25/02/2025,,,,6.83
JES-25-110,675625,69.5,71,1.5,1,,ALS,PIL-084,HE25066205 - Finalized,08/03/2025,Core_HalfSplit,7.34,Isaac.Ortega,25/02/2025,,,,7.35
JES-25-110,675626,71,72.5,1.5,1,,ALS,PIL-084,HE25066205 - Finalized,08/03/2025,Core_HalfSplit,6.66,Isaac.Ortega,25/02/2025,,,,6.67
JES-25-110,675627,72.5,73.45,0.95,1,,ALS,PIL-084,HE25066205 - Finalized,08/03/2025,Core_HalfSplit,4.595,Isaac.Ortega,25/02/2025,,,,4.6
JES-25-110,675628,73.45,74.8,1.35,1,,ALS,PIL-084,HE25066205 - Finalized,08/03/2025,Core_HalfSplit,6.32,Isaac.Ortega,25/02/2025,,,,6.35
JES-25-110,675629,74.8,76.1,1.3,1,Muestra duplicada en 675681,ALS,PIL-084,HE25066205 - Finalized,08/03/2025,Core_QuarterSplit,2.755,Isaac.Ortega,25/02/2025,,,,2.76
JES-25-110,675630,76.1,77.4,1.3,1,,ALS,PIL-084,HE25066205 - Finalized,08/03/2025,Core_HalfSplit,6.735,Isaac.Ortega,25/02/2025,,,,6.76
JES-25-110,675631,77.4,77.9,0.5,1,,ALS,PIL-084,HE25066205 - Finalized,08/03/2025,Core_HalfSplit,1.945,Isaac.Ortega,25/02/2025,,,,1.95
JES-25-110,675632,77.9,79.1,1.2,1,,ALS,PIL-084,HE25066205 - Finalized,08/03/2025,Core_HalfSplit,6,Isaac.Ortega,25/02/2025,,,,6.02
JES-25-110,675633,79.1,80.3,1.2,1,,ALS,PIL-084,HE25066205 - Finalized,08/03/2025,Core_HalfSplit,5.71,Isaac.Ortega,25/02/2025,,,,5.72
JES-25-110,675635,80.3,81.2,0.9,1,,ALS,PIL-084,HE25066205 - Finalized,08/03/2025,Core_HalfSplit,4.155,Isaac.Ortega,25/02/2025,,,,4.17
JES-25-110,675636,81.2,82.05,0.85,1,,ALS,PIL-084,HE25066205 - Finalized,08/03/2025,Core_HalfSplit,4.05,Isaac.Ortega,25/02/2025,,,,4.04
JES-25-110,675637,82.05,83,0.95,1,,ALS,PIL-084,HE25066205 - Finalized,08/03/2025,Core_HalfSplit,3.815,Isaac.Ortega,25/02/2025,,,,3.84
JES-25-110,675638,83,84.3,1.3,1,,ALS,PIL-084,HE25066205 - Finalized,08/03/2025,Core_HalfSplit,6.105,Isaac.Ortega,25/02/2025,,,,6.12
JES-25-110,675639,84.3,85.6,1.3,1,,ALS,PIL-084,HE25066205 - Finalized,08/03/2025,Core_HalfSplit,5.46,Isaac.Ortega,25/02/2025,,,,5.47
JES-25-110,675640,85.6,86.15,0.55,1,,ALS,PIL-084,HE25066205 - Finalized,08/03/2025,Core_HalfSplit,2.805,Isaac.Ortega,25/02/2025,,,,2.8
JES-25-110,675641,86.15,87.65,1.5,1,,ALS,PIL-084,HE25066205 - Finalized,08/03/2025,Core_HalfSplit,7.275,Isaac.Ortega,25/02/2025,,,,7.32
JES-25-110,675642,87.65,88.7,1.05,1,,ALS,PIL-084,HE25066205 - Finalized,08/03/2025,Core_HalfSplit,5.165,Isaac.Ortega,25/02/2025,,,,5.18
JES-25-110,675643,88.7,89.7,1,1,,ALS,PIL-084,HE25066205 - Finalized,08/03/2025,Core_HalfSplit,4.265,Isaac.Ortega,25/02/2025,,,,4.28
JES-25-110,675644,89.7,91.2,1.5,1,,ALS,PIL-084,HE25066205 - Finalized,08/03/2025,Core_HalfSplit,7.33,Isaac.Ortega,25/02/2025,,,,7.36
JES-25-110,675645,91.2,92.7,1.5,1,,ALS,PIL-084,HE25066205 - Finalized,08/03/2025,Core_HalfSplit,7.175,Isaac.Ortega,25/02/2025,,,,7.19
JES-25-110,675646,92.7,94.2,1.5,1,,ALS,PIL-084,HE25066205 - Finalized,08/03/2025,Core_HalfSplit,6.71,Isaac.Ortega,25/02/2025,,,,6.72
JES-25-110,675647,94.2,95.7,1.5,1,,ALS,PIL-084,HE25066205 - Finalized,08/03/2025,Core_HalfSplit,6.24,Isaac.Ortega,25/02/2025,,,,6.29
JES-25-110,675648,95.7,97.2,1.5,1,Muestra duplicada en 675682,ALS,PIL-084,HE25066205 - Finalized,08/03/2025,Core_QuarterSplit,3.555,Isaac.Ortega,25/02/2025,,,,3.55
JES-25-110,675649,97.2,98.7,1.5,1,,ALS,PIL-084,HE25066205 - Finalized,08/03/2025,Core_HalfSplit,6.84,Isaac.Ortega,25/02/2025,,,,6.86
JES-25-110,675650,98.7,100.2,1.5,1,,ALS,PIL-084,HE25066205 - Finalized,08/03/2025,Core_HalfSplit,6.63,Isaac.Ortega,25/02/2025,,,,6.65
JES-25-110,675651,100.2,100.75,0.55,1,,ALS,PIL-084,HE25066205 - Finalized,08/03/2025,Core_HalfSplit,2.645,Isaac.Ortega,26/02/2025,,,,2.65
JES-25-110,675652,100.75,101.35,0.6,1,,ALS,PIL-084,HE25066205 - Finalized,08/03/2025,Core_HalfSplit,3.095,Isaac.Ortega,26/02/2025,,,,3.1
JES-25-110,675653,101.35,102.85,1.5,1,,ALS,PIL-084,HE25066205 - Finalized,08/03/2025,Core_HalfSplit,7.13,Isaac.Ortega,26/02/2025,,,,7.13
JES-25-110,675654,102.85,104.35,1.5,1,,ALS,PIL-084,HE25066205 - Finalized,08/03/2025,Core_HalfSplit,7.185,Isaac.Ortega,26/02/2025,,,,7.21
JES-25-110,675655,104.35,105.45,1.1,1,,ALS,PIL-084,HE25066205 - Finalized,08/03/2025,Core_HalfSplit,5.36,Isaac.Ortega,26/02/2025,,,,5.36
JES-25-110,675656,105.45,105.95,0.5,1,,ALS,PIL-084,HE25066205 - Finalized,08/03/2025,Core_HalfSplit,2.375,Isaac.Ortega,26/02/2025,,,,2.36
JES-25-110,675658,105.95,107.45,1.5,1,,ALS,PIL-084,HE25066205 - Finalized,08/03/2025,Core_HalfSplit,7.7,Isaac.Ortega,26/02/2025,,,,7.73
JES-25-110,675659,107.45,108.95,1.5,1,,ALS,PIL-084,HE25066205 - Finalized,08/03/2025,Core_HalfSplit,6.06,Isaac.Ortega,26/02/2025,,,,6.07
JES-25-110,675660,108.95,110.3,1.35,1,,ALS,PIL-084,HE25066205 - Finalized,08/03/2025,Core_HalfSplit,6.455,Isaac.Ortega,26/02/2025,,,,6.48
JES-25-110,675661,110.3,111.3,1,1,,ALS,PIL-084,HE25066205 - Finalized,08/03/2025,Core_HalfSplit,4.38,Isaac.Ortega,26/02/2025,,,,4.38
JES-25-110,675662,111.3,112.1,0.8,1,,ALS,PIL-084,HE25066205 - Finalized,08/03/2025,Core_HalfSplit,3.535,Isaac.Ortega,26/02/2025,,,,3.53
JES-25-110,675663,112.1,113.6,1.5,1,,ALS,PIL-084,HE25066205 - Finalized,08/03/2025,Core_HalfSplit,6.89,Isaac.Ortega,26/02/2025,,,,6.89
JES-25-110,675664,113.6,115.1,1.5,1,,ALS,PIL-084,HE25066205 - Finalized,08/03/2025,Core_HalfSplit,7.045,Isaac.Ortega,26/02/2025,,,,7.06
JES-25-110,675665,115.1,116.6,1.5,1,,ALS,PIL-084,HE25066205 - Finalized,08/03/2025,Core_HalfSplit,6.255,Isaac.Ortega,26/02/2025,,,,6.27
JES-25-110,675666,116.6,118.1,1.5,1,,ALS,PIL-084,HE25066205 - Finalized,08/03/2025,Core_HalfSplit,6.62,Isaac.Ortega,26/02/2025,,,,6.63
JES-25-110,675667,118.1,119.6,1.5,1,,ALS,PIL-084,HE25066205 - Finalized,08/03/2025,Core_HalfSplit,6.405,Isaac.Ortega,26/02/2025,,,,6.41
JES-25-110,675669,119.6,121.1,1.5,1,,ALS,PIL-084,HE25066205 - Finalized,08/03/2025,Core_HalfSplit,6.49,Isaac.Ortega,26/02/2025,,,,6.49
JES-25-110,675670,121.1,122.6,1.5,1,,ALS,PIL-084,HE25066205 - Finalized,08/03/2025,Core_HalfSplit,6.425,Isaac.Ortega,26/02/2025,,,,6.43
JES-25-110,675671,122.6,124.1,1.5,1,,ALS,PIL-084,HE25066205 - Finalized,08/03/2025,Core_HalfSplit,6.095,Isaac.Ortega,26/02/2025,,,,6.11
JES-25-110,675672,124.1,125.6,1.5,1,,ALS,PIL-084,HE25066205 - Finalized,08/03/2025,Core_HalfSplit,6.655,Isaac.Ortega,26/02/2025,,,,6.67
JES-25-110,675674,125.6,127.1,1.5,1,,ALS,PIL-084,HE25066205 - Finalized,08/03/2025,Core_HalfSplit,6.055,Isaac.Ortega,26/02/2025,,,,6.05
JES-25-110,675675,127.1,128.6,1.5,1,,ALS,PIL-084,HE25066205 - Finalized,08/03/2025,Core_HalfSplit,6.01,Isaac.Ortega,26/02/2025,,,,6.02
JES-25-110,675676,128.6,130.1,1.5,1,,ALS,PIL-084,HE25066205 - Finalized,08/03/2025,Core_HalfSplit,7.035,Isaac.Ortega,26/02/2025,,,,7.06
JES-25-110,675677,130.1,131.5,1.4,1,,ALS,PIL-084,HE25066205 - Finalized,08/03/2025,Core_HalfSplit,5.195,Isaac.Ortega,26/02/2025,,,,5.21
JES-25-110,675678,131.5,132.9,1.4,1,,ALS,PIL-084,HE25066205 - Finalized,08/03/2025,Core_HalfSplit,5.905,Isaac.Ortega,26/02/2025,,,,5.92
JES-25-110,675679,132.9,134.3,1.4,1,,ALS,PIL-084,HE25066205 - Finalized,08/03/2025,Core_HalfSplit,5.82,Isaac.Ortega,26/02/2025,,,,5.83
JES-25-111,675684,0,7.4,7.4,1,,ALS,PIL-085,HE25068040 - Finalized,06/03/2025,Core_HalfSplit,4.515,Yuvitza.Davila,06/03/2025,,,,4.52
JES-25-111,675685,7.4,9.35,1.95,1,,ALS,PIL-085,HE25068040 - Finalized,06/03/2025,Core_HalfSplit,2.59,Yuvitza.Davila,06/03/2025,,,,2.59
JES-25-111,675686,9.35,11.4,2.05,1,,ALS,PIL-085,HE25068040 - Finalized,06/03/2025,Core_HalfSplit,3.495,Yuvitza.Davila,06/03/2025,,,,3.49
JES-25-111,675687,11.4,12.9,1.5,1,,ALS,PIL-085,HE25068040 - Finalized,06/03/2025,Core_HalfSplit,3.92,Yuvitza.Davila,06/03/2025,,,,3.91
JES-25-111,675688,12.9,14.4,1.5,1,,ALS,PIL-085,HE25068040 - Finalized,06/03/2025,Core_HalfSplit,3.885,Yuvitza.Davila,06/03/2025,,,,3.89
JES-25-111,675689,14.4,15.85,1.45,1,,ALS,PIL-085,HE25068040 - Finalized,06/03/2025,Core_HalfSplit,4.845,Yuvitza.Davila,06/03/2025,,,,4.84
JES-25-111,675690,15.85,17.4,1.55,1,,ALS,PIL-085,HE25068040 - Finalized,06/03/2025,Core_HalfSplit,3.245,Yuvitza.Davila,06/03/2025,,,,3.25
JES-25-111,675691,17.4,18.9,1.5,1,,ALS,PIL-085,HE25068040 - Finalized,06/03/2025,Core_HalfSplit,3.44,Yuvitza.Davila,06/03/2025,,,,3.44
JES-25-111,675692,18.9,20.4,1.5,1,,ALS,PIL-085,HE25068040 - Finalized,06/03/2025,Core_HalfSplit,3.965,Yuvitza.Davila,06/03/2025,,,,3.96
JES-25-111,675693,20.4,21.9,1.5,1,,ALS,PIL-085,HE25068040 - Finalized,06/03/2025,Core_HalfSplit,4.05,Yuvitza.Davila,06/03/2025,,,,4.05
JES-25-111,675694,21.9,23.4,1.5,1,,ALS,PIL-085,HE25068040 - Finalized,06/03/2025,Core_HalfSplit,3.785,Yuvitza.Davila,06/03/2025,,,,3.8
JES-25-111,675695,23.4,24.25,0.85,1,,ALS,PIL-085,HE25068040 - Finalized,06/03/2025,Core_HalfSplit,4.935,Yuvitza.Davila,06/03/2025,,,,4.93
JES-25-111,675696,24.25,25.1,0.85,1,,ALS,PIL-085,HE25068040 - Finalized,06/03/2025,Core_HalfSplit,2.44,Yuvitza.Davila,06/03/2025,,,,2.44
JES-25-111,675697,25.1,26.6,1.5,1,,ALS,PIL-085,HE25068040 - Finalized,06/03/2025,Core_HalfSplit,3.905,Yuvitza.Davila,06/03/2025,,,,3.9
JES-25-111,675698,26.6,27.8,1.2,1,,ALS,PIL-085,HE25068040 - Finalized,06/03/2025,Core_HalfSplit,3.745,Yuvitza.Davila,06/03/2025,,,,3.75
JES-25-111,675699,27.8,28.45,0.65,1,,ALS,PIL-085,HE25068040 - Finalized,06/03/2025,Core_QuarterSplit,1.75,Yuvitza.Davila,06/03/2025,,,,1.74
JES-25-111,675700,28.45,29.8,1.35,1,,ALS,PIL-085,HE25068040 - Finalized,06/03/2025,Core_HalfSplit,4.425,Yuvitza.Davila,06/03/2025,,,,4.42
JES-25-111,675701,29.8,31.1,1.3,1,,ALS,PIL-085,HE25068040 - Finalized,06/03/2025,Core_HalfSplit,5.26,Yuvitza.Davila,06/03/2025,,,,5.26
JES-25-111,675702,31.1,32.6,1.5,1,,ALS,PIL-085,HE25068040 - Finalized,06/03/2025,Core_HalfSplit,5.53,Yuvitza.Davila,06/03/2025,,,,5.52
JES-25-111,675705,32.6,34.1,1.5,1,,ALS,PIL-085,HE25068040 - Finalized,06/03/2025,Core_HalfSplit,5.89,Yuvitza.Davila,06/03/2025,,,,5.88
JES-25-111,675706,34.1,35.6,1.5,1,,ALS,PIL-085,HE25068040 - Finalized,06/03/2025,Core_HalfSplit,6.605,Yuvitza.Davila,06/03/2025,,,,6.59
JES-25-111,675707,35.6,37.1,1.5,1,,ALS,PIL-085,HE25068040 - Finalized,06/03/2025,Core_HalfSplit,6.375,Yuvitza.Davila,06/03/2025,,,,6.35
JES-25-111,675708,37.1,38.5,1.4,1,,ALS,PIL-085,HE25068040 - Finalized,06/03/2025,Core_HalfSplit,5.61,Yuvitza.Davila,06/03/2025,,,,5.6
JES-25-111,675709,38.5,40,1.5,1,,ALS,PIL-085,HE25068040 - Finalized,06/03/2025,Core_HalfSplit,5.915,Yuvitza.Davila,06/03/2025,,,,5.89
JES-25-111,675710,40,41.5,1.5,1,,ALS,PIL-085,HE25068040 - Finalized,06/03/2025,Core_HalfSplit,5.98,Yuvitza.Davila,06/03/2025,,,,5.97
JES-25-111,675711,41.5,42.7,1.2,1,,ALS,PIL-085,HE25068040 - Finalized,06/03/2025,Core_QuarterSplit,1.96,Yuvitza.Davila,06/03/2025,,,,1.95
JES-25-111,675712,42.7,44.25,1.55,1,,ALS,PIL-085,HE25068040 - Finalized,06/03/2025,Core_HalfSplit,7.015,Yuvitza.Davila,06/03/2025,,,,7.01
JES-25-111,675713,44.25,45.75,1.5,1,,ALS,PIL-085,HE25068040 - Finalized,06/03/2025,Core_HalfSplit,4.89,Yuvitza.Davila,06/03/2025,,,,4.89
JES-25-111,675714,45.75,47.25,1.5,1,,ALS,PIL-085,HE25068040 - Finalized,06/03/2025,Core_HalfSplit,5.595,Yuvitza.Davila,06/03/2025,,,,5.59
JES-25-111,675716,47.25,48.75,1.5,1,,ALS,PIL-085,HE25068040 - Finalized,06/03/2025,Core_HalfSplit,5.32,Yuvitza.Davila,06/03/2025,,,,5.3
JES-25-111,675717,48.75,49.95,1.2,1,,ALS,PIL-085,HE25068040 - Finalized,06/03/2025,Core_HalfSplit,5.83,Yuvitza.Davila,06/03/2025,,,,5.82
JES-25-111,675718,49.95,50.85,0.9,1,,ALS,PIL-085,HE25068040 - Finalized,06/03/2025,Core_HalfSplit,3.8,Yuvitza.Davila,06/03/2025,,,,3.8
JES-25-111,675719,50.85,52.35,1.5,1,,ALS,PIL-085,HE25068040 - Finalized,06/03/2025,Core_HalfSplit,6.1,Yuvitza.Davila,06/03/2025,,,,6.08
JES-25-111,675720,52.35,53.85,1.5,1,,ALS,PIL-085,HE25068040 - Finalized,06/03/2025,Core_HalfSplit,5.7,Yuvitza.Davila,06/03/2025,,,,5.68
JES-25-111,675721,53.85,55.35,1.5,1,,ALS,PIL-085,HE25068040 - Finalized,06/03/2025,Core_HalfSplit,6.26,Yuvitza.Davila,06/03/2025,,,,6.24
JES-25-111,675722,55.35,56.85,1.5,1,,ALS,PIL-085,HE25068040 - Finalized,06/03/2025,Core_HalfSplit,6.29,Yuvitza.Davila,06/03/2025,,,,6.27
JES-25-111,675723,56.85,58.35,1.5,1,,ALS,PIL-085,HE25068040 - Finalized,06/03/2025,Core_HalfSplit,5.495,Yuvitza.Davila,06/03/2025,,,,5.47
JES-25-111,675724,58.35,59.85,1.5,1,,ALS,PIL-085,HE25068040 - Finalized,06/03/2025,Core_HalfSplit,5.865,Yuvitza.Davila,06/03/2025,,,,5.85
JES-25-111,675725,59.85,61.35,1.5,1,,ALS,PIL-085,HE25068040 - Finalized,06/03/2025,Core_HalfSplit,5.16,Yuvitza.Davila,06/03/2025,,,,5.15
JES-25-111,675726,61.35,62.85,1.5,1,,ALS,PIL-085,HE25068040 - Finalized,06/03/2025,Core_HalfSplit,6.025,Yuvitza.Davila,06/03/2025,,,,6.01
JES-25-111,675727,62.85,64.35,1.5,1,,ALS,PIL-085,HE25068040 - Finalized,06/03/2025,Core_HalfSplit,5.5,Yuvitza.Davila,06/03/2025,,,,5.49
JES-25-111,675728,64.35,65.85,1.5,1,,ALS,PIL-085,HE25068040 - Finalized,06/03/2025,Core_HalfSplit,5.465,Yuvitza.Davila,06/03/2025,,,,5.45
JES-25-111,675729,65.85,67.35,1.5,1,,ALS,PIL-085,HE25068040 - Finalized,06/03/2025,Core_HalfSplit,5.91,Yuvitza.Davila,06/03/2025,,,,5.9
JES-25-111,675730,67.35,68.85,1.5,1,,ALS,PIL-085,HE25068040 - Finalized,06/03/2025,Core_HalfSplit,5.9,Yuvitza.Davila,06/03/2025,,,,5.88
JES-25-111,675731,68.85,69.9,1.05,1,,ALS,PIL-085,HE25068040 - Finalized,06/03/2025,Core_HalfSplit,3.155,Yuvitza.Davila,06/03/2025,,,,3.14
JES-25-111,675732,69.9,70.9,1,1,,ALS,PIL-085,HE25068040 - Finalized,06/03/2025,Core_HalfSplit,3.68,Yuvitza.Davila,06/03/2025,,,,3.67
JES-25-111,675733,70.9,72.4,1.5,1,,ALS,PIL-085,HE25068040 - Finalized,06/03/2025,Core_HalfSplit,5.225,Yuvitza.Davila,06/03/2025,,,,5.25
JES-25-111,675734,72.4,73.4,1,1,,ALS,PIL-085,HE25068040 - Finalized,06/03/2025,Core_HalfSplit,5.46,Yuvitza.Davila,06/03/2025,,,,5.46
JES-25-111,675735,73.4,74.4,1,1,,ALS,PIL-085,HE25068040 - Finalized,06/03/2025,Core_HalfSplit,3.965,Yuvitza.Davila,06/03/2025,,,,3.96
JES-25-111,675736,74.4,75.9,1.5,1,,ALS,PIL-085,HE25068040 - Finalized,06/03/2025,Core_HalfSplit,6.005,Yuvitza.Davila,06/03/2025,,,,6
JES-25-111,675737,75.9,77.4,1.5,1,,ALS,PIL-085,HE25068040 - Finalized,06/03/2025,Core_HalfSplit,5.675,Yuvitza.Davila,06/03/2025,,,,5.67
JES-25-111,675738,77.4,78.4,1,1,,ALS,PIL-085,HE25068040 - Finalized,06/03/2025,Core_HalfSplit,4.87,Yuvitza.Davila,06/03/2025,,,,4.87
JES-25-111,675739,78.4,79.45,1.05,1,,ALS,PIL-085,HE25068040 - Finalized,06/03/2025,Core_HalfSplit,4.51,Yuvitza.Davila,06/03/2025,,,,4.5
JES-25-111,675740,79.45,80.25,0.8,1,,ALS,PIL-085,HE25068040 - Finalized,06/03/2025,Core_HalfSplit,3.38,Yuvitza.Davila,06/03/2025,,,,3.38
JES-25-111,675742,80.25,82.05,1.8,1,,ALS,PIL-085,HE25068040 - Finalized,06/03/2025,Core_HalfSplit,8.67,Yuvitza.Davila,06/03/2025,,,,8.67
JES-25-111,675743,82.05,83.85,1.8,1,,ALS,PIL-085,HE25068040 - Finalized,06/03/2025,Core_HalfSplit,5.085,Yuvitza.Davila,06/03/2025,,,,5.07
JES-25-111,675744,83.85,85.65,1.8,1,,ALS,PIL-085,HE25068040 - Finalized,06/03/2025,Core_HalfSplit,8.04,Yuvitza.Davila,06/03/2025,,,,8.039999999999999
JES-25-111,675745,85.65,87.35,1.7,1,,ALS,PIL-085,HE25068040 - Finalized,06/03/2025,Core_HalfSplit,6.63,Yuvitza.Davila,06/03/2025,,,,6.33
JES-25-111,675746,87.35,89.1,1.75,1,,ALS,PIL-085,HE25068040 - Finalized,06/03/2025,Core_HalfSplit,9.515,Yuvitza.Davila,06/03/2025,,,,9.52
JES-25-111,675747,89.1,90.85,1.75,1,,ALS,PIL-085,HE25068040 - Finalized,06/03/2025,Core_HalfSplit,7.215,Yuvitza.Davila,06/03/2025,,,,7.21
JES-25-111,675748,90.85,91.6,0.75,1,,ALS,PIL-085,HE25068040 - Finalized,06/03/2025,Core_HalfSplit,3.39,Yuvitza.Davila,06/03/2025,,,,3.39
JES-25-111,675749,91.6,93.1,1.5,1,,ALS,PIL-085,HE25068040 - Finalized,06/03/2025,Core_HalfSplit,7.085,Yuvitza.Davila,06/03/2025,,,,7.08
JES-25-111,675750,93.1,94.5,1.4,1,,ALS,PIL-085,HE25068040 - Finalized,06/03/2025,Core_HalfSplit,6.3,Yuvitza.Davila,06/03/2025,,,,6.29
JES-25-111,675751,94.5,95.9,1.4,1,,ALS,PIL-085,HE25068040 - Finalized,06/03/2025,Core_HalfSplit,6.125,Yuvitza.Davila,06/03/2025,,,,6.13
JES-25-111,675752,95.9,97.2,1.3,1,,ALS,PIL-085,HE25068040 - Finalized,06/03/2025,Core_HalfSplit,5.675,Yuvitza.Davila,06/03/2025,,,,5.67
JES-25-111,675753,97.2,98.5,1.3,1,,ALS,PIL-085,HE25068040 - Finalized,06/03/2025,Core_HalfSplit,6.4,Yuvitza.Davila,06/03/2025,,,,6.4
JES-25-111,675754,98.5,99.9,1.4,1,,ALS,PIL-085,HE25068040 - Finalized,06/03/2025,Core_HalfSplit,7.405,Yuvitza.Davila,06/03/2025,,,,7.4
JES-25-111,675755,99.9,101.4,1.5,1,,ALS,PIL-085,HE25068040 - Finalized,06/03/2025,Core_HalfSplit,6.945,Yuvitza.Davila,06/03/2025,,,,6.94
JES-25-112,675759,0,2.6,2.6,1,,ALS,PIL-086,HE25068041 - Finalized,06/03/2025,Core_HalfSplit,3.225,Isaac.Ortega,06/03/2025,,,,3.23
JES-25-112,675760,2.6,5.6,3,1,,ALS,PIL-086,HE25068041 - Finalized,06/03/2025,Core_HalfSplit,2.46,Isaac.Ortega,06/03/2025,,,,2.47
JES-25-112,675761,5.6,8.6,3,1,,ALS,PIL-086,HE25068041 - Finalized,06/03/2025,Core_HalfSplit,3.905,Isaac.Ortega,06/03/2025,,,,3.91
JES-25-112,675762,8.6,10.1,1.5,1,,ALS,PIL-086,HE25068041 - Finalized,06/03/2025,Core_HalfSplit,2.6,Isaac.Ortega,06/03/2025,,,,2.6
JES-25-112,675763,10.1,11.4,1.3,1,,ALS,PIL-086,HE25068041 - Finalized,06/03/2025,Core_HalfSplit,4.095,Isaac.Ortega,06/03/2025,,,,4.1
JES-25-112,675764,11.4,12.45,1.05,1,,ALS,PIL-086,HE25068041 - Finalized,06/03/2025,Core_HalfSplit,3.185,Isaac.Ortega,06/03/2025,,,,3.19
JES-25-112,675765,12.45,14.2,1.75,1,,ALS,PIL-086,HE25068041 - Finalized,06/03/2025,Core_HalfSplit,3.745,Isaac.Ortega,06/03/2025,,,,3.75
JES-25-112,675766,14.2,15.1,0.9,1,,ALS,PIL-086,HE25068041 - Finalized,06/03/2025,Core_HalfSplit,2.895,Isaac.Ortega,06/03/2025,,,,2.89
JES-25-112,675767,15.1,16.6,1.5,1,,ALS,PIL-086,HE25068041 - Finalized,06/03/2025,Core_HalfSplit,3.585,Isaac.Ortega,06/03/2025,,,,3.59
JES-25-112,675768,16.6,18.1,1.5,1,,ALS,PIL-086,HE25068041 - Finalized,06/03/2025,Core_HalfSplit,5.575,Isaac.Ortega,06/03/2025,,,,5.59
JES-25-112,675769,18.1,19.55,1.45,1,,ALS,PIL-086,HE25068041 - Finalized,06/03/2025,Core_HalfSplit,4.91,Isaac.Ortega,06/03/2025,,,,4.91
JES-25-112,675770,19.55,21.05,1.5,1,,ALS,PIL-086,HE25068041 - Finalized,06/03/2025,Core_HalfSplit,4.665,Isaac.Ortega,06/03/2025,,,,4.67
JES-25-112,675771,21.05,22.55,1.5,1,,ALS,PIL-086,HE25068041 - Finalized,06/03/2025,Core_HalfSplit,5.285,Isaac.Ortega,06/03/2025,,,,5.28
JES-25-112,675772,22.55,24,1.45,1,,ALS,PIL-086,HE25068041 - Finalized,06/03/2025,Core_HalfSplit,5.075,Isaac.Ortega,06/03/2025,,,,5.07
JES-25-112,675773,24,25.5,1.5,1,,ALS,PIL-086,HE25068041 - Finalized,06/03/2025,Core_HalfSplit,3.605,Isaac.Ortega,06/03/2025,,,,3.6
JES-25-112,675774,25.5,27,1.5,1,,ALS,PIL-086,HE25068041 - Finalized,06/03/2025,Core_HalfSplit,5.19,Isaac.Ortega,06/03/2025,,,,5.19
JES-25-112,675775,27,28.5,1.5,1,,ALS,PIL-086,HE25068041 - Finalized,06/03/2025,Core_HalfSplit,4.465,Isaac.Ortega,06/03/2025,,,,4.46
JES-25-112,675776,28.5,29.7,1.2,1,,ALS,PIL-086,HE25068041 - Finalized,06/03/2025,Core_HalfSplit,4.165,Isaac.Ortega,06/03/2025,,,,4.16
JES-25-112,675777,29.7,32.5,2.8,1,,ALS,PL-086,HE25068041 - Finalized,06/03/2025,Core_HalfSplit,1.975,Isaac.Ortega,06/03/2025,,,,1.98
JES-25-112,675778,32.5,34,1.5,1,,ALS,PIL-086,HE25068041 - Finalized,06/03/2025,Core_HalfSplit,5.515,Isaac.Ortega,06/03/2025,,,,5.51
JES-25-112,675779,34,35.5,1.5,1,,ALS,PIL-086,HE25068041 - Finalized,06/03/2025,Core_HalfSplit,5.195,Isaac.Ortega,06/03/2025,,,,5.2
JES-25-112,675780,35.5,37,1.5,1,,ALS,PIL-086,HE25068041 - Finalized,06/03/2025,Core_HalfSplit,5.72,Isaac.Ortega,06/03/2025,,,,5.72
JES-25-112,675781,37,38.5,1.5,1,,ALS,PIL-086,HE25068041 - Finalized,06/03/2025,Core_HalfSplit,4.91,Isaac.Ortega,06/03/2025,,,,4.91
JES-25-112,675782,38.5,39.5,1,1,,ALS,PIL-086,HE25068041 - Finalized,06/03/2025,Core_HalfSplit,4.27,Isaac.Ortega,06/03/2025,,,,4.27
JES-25-112,675784,39.5,41,1.5,1,,ALS,PIL-086,HE25068041 - Finalized,06/03/2025,Core_HalfSplit,4.055,Isaac.Ortega,06/03/2025,,,,4.05
JES-25-112,675785,41,42.5,1.5,1,,ALS,PIL-086,HE25068041 - Finalized,06/03/2025,Core_HalfSplit,4.575,Isaac.Ortega,06/03/2025,,,,4.56
JES-25-112,675786,42.5,44,1.5,1,,ALS,PIL-086,HE25068041 - Finalized,06/03/2025,Core_HalfSplit,7.45,Isaac.Ortega,06/03/2025,,,,7.45
JES-25-112,675787,44,45.5,1.5,1,,ALS,PIL-086,HE25068041 - Finalized,06/03/2025,Core_HalfSplit,5.085,Isaac.Ortega,06/03/2025,,,,5.08
JES-25-112,675788,45.5,47,1.5,1,,ALS,PIL-086,HE25068041 - Finalized,06/03/2025,Core_HalfSplit,6.78,Isaac.Ortega,06/03/2025,,,,6.78
JES-25-112,675789,47,48.5,1.5,1,,ALS,PIL-086,HE25068041 - Finalized,06/03/2025,Core_HalfSplit,5.455,Isaac.Ortega,06/03/2025,,,,5.46
JES-25-112,675790,48.5,50,1.5,1,,ALS,PIL-086,HE25068041 - Finalized,06/03/2025,Core_HalfSplit,6.855,Isaac.Ortega,06/03/2025,,,,6.85
JES-25-112,675791,50,51.5,1.5,1,,ALS,PIL-086,HE25068041 - Finalized,06/03/2025,Core_HalfSplit,5.76,Isaac.Ortega,06/03/2025,,,,5.75
JES-25-112,675792,51.5,53,1.5,1,,ALS,PIL-086,HE25068041 - Finalized,06/03/2025,Core_HalfSplit,6.095,Isaac.Ortega,06/03/2025,,,,6.08
JES-25-112,675793,53,54.5,1.5,1,,ALS,PIL-086,HE25068041 - Finalized,06/03/2025,Core_HalfSplit,6.345,Isaac.Ortega,06/03/2025,,,,6.33
JES-25-112,675794,54.5,56,1.5,1,,ALS,PIL-086,HE25068041 - Finalized,06/03/2025,Core_HalfSplit,6.12,Isaac.Ortega,06/03/2025,,,,6.12
JES-25-112,675795,56,57.45,1.45,1,,ALS,PIL-086,HE25068041 - Finalized,06/03/2025,Core_HalfSplit,4.315,Isaac.Ortega,06/03/2025,,,,6.23
JES-25-112,675796,57.45,58.55,1.1,1,,ALS,PIL-086,HE25068041 - Finalized,06/03/2025,Core_QuarterSplit,1.985,Isaac.Ortega,06/03/2025,,,,1.96
JES-25-112,675799,58.55,60.05,1.5,1,,ALS,PIL-086,HE25068041 - Finalized,06/03/2025,Core_HalfSplit,7.165,Isaac.Ortega,06/03/2025,,,,7.17
JES-25-112,675800,60.05,61.55,1.5,1,,ALS,PIL-086,HE25068041 - Finalized,06/03/2025,Core_HalfSplit,6.595,Isaac.Ortega,06/03/2025,,,,6.59
JES-25-112,675801,61.55,63.05,1.5,1,,ALS,PIL-086,HE25068041 - Finalized,06/03/2025,Core_HalfSplit,6.34,Isaac.Ortega,06/03/2025,,,,6.33
JES-25-112,675802,63.05,64.3,1.25,1,,ALS,PIL-086,HE25068041 - Finalized,06/03/2025,Core_HalfSplit,5.72,Isaac.Ortega,06/03/2025,,,,5.71
JES-25-112,675803,64.3,65.6,1.3,1,,ALS,PIL-086,HE25068041 - Finalized,06/03/2025,Core_HalfSplit,3.78,Isaac.Ortega,06/03/2025,,,,3.77
JES-25-112,675804,65.6,66.95,1.35,1,,ALS,PIL-086,HE25068041 - Finalized,06/03/2025,Core_QuarterSplit,2.96,Isaac.Ortega,06/03/2025,,,,2.95
JES-25-112,675806,66.95,68.45,1.5,1,,ALS,PIL-086,HE25068041 - Finalized,06/03/2025,Core_HalfSplit,6.305,Isaac.Ortega,06/03/2025,,,,6.29
JES-25-112,675807,68.45,69.95,1.5,1,,ALS,PIL-086,HE25068041 - Finalized,06/03/2025,Core_HalfSplit,6.2,Isaac.Ortega,06/03/2025,,,,6.18
JES-25-112,675808,69.95,71.45,1.5,1,,ALS,PIL-086,HE25068041 - Finalized,06/03/2025,Core_HalfSplit,6.77,Isaac.Ortega,06/03/2025,,,,6.77
JES-25-112,675809,71.45,72.95,1.5,1,,ALS,PIL-086,HE25068041 - Finalized,06/03/2025,Core_HalfSplit,5.715,Isaac.Ortega,06/03/2025,,,,5.7
JES-25-112,675810,72.95,74.45,1.5,1,,ALS,PIL-086,HE25068041 - Finalized,06/03/2025,Core_HalfSplit,6.455,Isaac.Ortega,06/03/2025,,,,6.45
JES-25-112,675811,74.45,75.95,1.5,1,,ALS,PIL-086,HE25068041 - Finalized,06/03/2025,Core_HalfSplit,6.12,Isaac.Ortega,06/03/2025,,,,5.11
JES-25-112,675812,75.95,77.6,1.65,1,,ALS,PIL-086,HE25068041 - Finalized,06/03/2025,Core_HalfSplit,8.48,Isaac.Ortega,06/03/2025,,,,8.47
JES-25-112,675813,77.6,78.3,0.7,1,,ALS,PIL-086,HE25068041 - Finalized,06/03/2025,Core_HalfSplit,2.68,Isaac.Ortega,06/03/2025,,,,2.67
JES-25-112,675815,78.3,79.75,1.45,1,,ALS,PIL-086,HE25068041 - Finalized,06/03/2025,Core_HalfSplit,7.025,Isaac.Ortega,06/03/2025,,,,6.9
JES-25-112,675816,79.75,81,1.25,1,,ALS,PIL-086,HE25068041 - Finalized,06/03/2025,Core_HalfSplit,5.35,Isaac.Ortega,06/03/2025,,,,5.34
JES-25-112,675817,81,82.25,1.25,1,,ALS,PIL-086,HE25068041 - Finalized,06/03/2025,Core_HalfSplit,4.49,Isaac.Ortega,06/03/2025,,,,4.48
JES-25-112,675818,82.25,83.1,0.85,1,,ALS,PIL-086,HE25068041 - Finalized,06/03/2025,Core_HalfSplit,3.9,Isaac.Ortega,06/03/2025,,,,3.9
JES-25-112,675820,83.1,84.6,1.5,1,,ALS,PIL-086,HE25068041 - Finalized,06/03/2025,Core_HalfSplit,6.505,Isaac.Ortega,06/03/2025,,,,6.49
JES-25-112,675821,84.6,86.1,1.5,1,,ALS,PIL-086,HE25068041 - Finalized,06/03/2025,Core_HalfSplit,6.69,Isaac.Ortega,06/03/2025,,,,6.58
JES-25-112,675822,86.1,87.6,1.5,1,,ALS,PIL-086,HE25068041 - Finalized,06/03/2025,Core_HalfSplit,5.94,Isaac.Ortega,06/03/2025,,,,5.94
JES-25-112,675823,87.6,89.1,1.5,1,,ALS,PIL-086,HE25068041 - Finalized,06/03/2025,Core_HalfSplit,5.365,Isaac.Ortega,06/03/2025,,,,5.36
JES-25-112,675824,89.1,90.6,1.5,1,,ALS,PIL-086,HE25068041 - Finalized,06/03/2025,Core_HalfSplit,6.515,Isaac.Ortega,06/03/2025,,,,6.5
JES-25-112,675825,90.6,92.1,1.5,1,,ALS,PIL-086,HE25068041 - Finalized,06/03/2025,Core_HalfSplit,7.925,Isaac.Ortega,06/03/2025,,,,7.92
JES-25-112,675826,92.1,93.1,1,1,,ALS,PIL-086,HE25068041 - Finalized,06/03/2025,Core_HalfSplit,3.54,Isaac.Ortega,06/03/2025,,,,3.53
JES-25-112,675827,93.1,94.35,1.25,1,,ALS,PIL-086,HE25068041 - Finalized,06/03/2025,Core_HalfSplit,5.3,Isaac.Ortega,06/03/2025,,,,5.29
JES-25-112,675828,94.35,95.6,1.25,1,,ALS,PIL-086,HE25068041 - Finalized,06/03/2025,Core_HalfSplit,5.825,Isaac.Ortega,06/03/2025,,,,5.83
JES-25-112,675829,95.6,96.85,1.25,1,,ALS,PIL-086,HE25068041 - Finalized,06/03/2025,Core_HalfSplit,2.3,Isaac.Ortega,06/03/2025,,,,2.3
JES-25-112,675831,96.85,98.35,1.5,1,,ALS,PIL-086,HE25068041 - Finalized,06/03/2025,Core_HalfSplit,2.795,Isaac.Ortega,06/03/2025,,,,2.79
JES-25-112,675832,98.35,99.85,1.5,1,,ALS,PIL-086,HE25068041 - Finalized,06/03/2025,Core_HalfSplit,3.48,Isaac.Ortega,06/03/2025,,,,3.48
JES-25-112,675833,99.85,101.35,1.5,1,,ALS,PIL-086,HE25068041 - Finalized,06/03/2025,Core_HalfSplit,3.295,Isaac.Ortega,06/03/2025,,,,3.28
JES-25-112,675834,101.35,102.85,1.5,1,,ALS,PIL-086,HE25068041 - Finalized,06/03/2025,Core_HalfSplit,3.345,Isaac.Ortega,06/03/2025,,,,3.32
JES-25-112,675835,102.85,104.35,1.5,1,,ALS,PIL-086,HE25068041 - Finalized,06/03/2025,Core_HalfSplit,3.47,Isaac.Ortega,06/03/2025,,,,3.45
JES-25-112,675836,104.35,105.85,1.5,1,,ALS,PIL-086,HE25068041 - Finalized,06/03/2025,Core_HalfSplit,3.335,Isaac.Ortega,06/03/2025,,,,3.33
JES-25-112,675837,105.85,107.35,1.5,1,,ALS,PIL-086,HE25068041 - Finalized,06/03/2025,Core_HalfSplit,3.09,Isaac.Ortega,06/03/2025,,,,3.09
JES-25-112,675838,107.35,108.85,1.5,1,,ALS,PIL-086,HE25068041 - Finalized,06/03/2025,Core_HalfSplit,2.93,Isaac.Ortega,06/03/2025,,,,2.93
JES-25-112,675839,108.85,110.35,1.5,1,,ALS,PIL-086,HE25068041 - Finalized,06/03/2025,Core_HalfSplit,3.565,Isaac.Ortega,06/03/2025,,,,3.55
JES-25-112,675840,110.35,111.85,1.5,1,,ALS,PIL-086,HE25068041 - Finalized,06/03/2025,Core_HalfSplit,3.325,Isaac.Ortega,06/03/2025,,,,3.32
JES-25-112,675841,111.85,113.35,1.5,1,,ALS,PIL-086,HE25068041 - Finalized,06/03/2025,Core_HalfSplit,3.295,Isaac.Ortega,06/03/2025,,,,3.27
JES-25-112,675842,113.35,114.85,1.5,1,,ALS,PIL-086,HE25068041 - Finalized,06/03/2025,Core_HalfSplit,3.565,Isaac.Ortega,06/03/2025,,,,3.56
JES-25-112,675843,114.85,116.35,1.5,1,,ALS,PIL-086,HE25068041 - Finalized,06/03/2025,Core_HalfSplit,3.435,Isaac.Ortega,06/03/2025,,,,3.44
JES-25-112,675844,116.35,117.85,1.5,1,,ALS,PIL-086,HE25068041 - Finalized,06/03/2025,Core_HalfSplit,3.38,Isaac.Ortega,06/03/2025,,,,3.38
JES-25-112,675845,117.85,119.35,1.5,1,,ALS,PIL-086,HE25068041 - Finalized,06/03/2025,Core_HalfSplit,3.945,Isaac.Ortega,06/03/2025,,,,3.94
JES-25-112,675846,119.35,120.85,1.5,1,,ALS,PIL-086,HE25068041 - Finalized,06/03/2025,Core_HalfSplit,3.58,Isaac.Ortega,06/03/2025,,,,3.58
JES-25-112,675847,120.85,122.35,1.5,1,,ALS,PIL-086,HE25068041 - Finalized,06/03/2025,Core_HalfSplit,3.19,Isaac.Ortega,06/03/2025,,,,3.18
JES-25-112,675848,122.35,123.85,1.5,1,,ALS,PIL-086,HE25068041 - Finalized,06/03/2025,Core_HalfSplit,3.435,Isaac.Ortega,06/03/2025,,,,3.43
JES-25-112,675849,123.85,125.6,1.75,1,,ALS,PIL-086,HE25068041 - Finalized,06/03/2025,Core_HalfSplit,3.045,Isaac.Ortega,06/03/2025,,,,3.04
JES-25-112,675850,125.6,127.1,1.5,1,,ALS,PIL-086,HE25068041 - Finalized,06/03/2025,Core_HalfSplit,3.51,Isaac.Ortega,06/03/2025,,,,3.51
JES-25-112,675851,127.1,128.6,1.5,1,,ALS,PIL-086,HE25068041 - Finalized,06/03/2025,Core_HalfSplit,3.99,Isaac.Ortega,06/03/2025,,,,3.98
JES-25-112,675852,128.6,130.1,1.5,1,,ALS,PIL-086,HE25068041 - Finalized,06/03/2025,Core_HalfSplit,3.99,Isaac.Ortega,06/03/2025,,,,3.99
JES-25-112,675853,130.1,131.7,1.6,1,,ALS,PIL-086,HE25068041 - Finalized,06/03/2025,Core_HalfSplit,3.355,Isaac.Ortega,06/03/2025,,,,3.36
JES-25-112,675854,131.7,133.3,1.6,1,,ALS,PIL-086,HE25068041 - Finalized,06/03/2025,Core_HalfSplit,4.325,Isaac.Ortega,06/03/2025,,,,4.32
JES-25-112,675855,133.3,134.9,1.6,1,,ALS,PIL-086,HE25068041 - Finalized,06/03/2025,Core_HalfSplit,3.375,Isaac.Ortega,06/03/2025,,,,3.37
JES-25-112,675856,134.9,136.4,1.5,1,,ALS,PIL-086,HE25068041 - Finalized,06/03/2025,Core_HalfSplit,3.53,Isaac.Ortega,06/03/2025,,,,3.53
JES-25-112,675857,136.4,136.9,0.5,1,,ALS,PIL-086,HE25068041 - Finalized,06/03/2025,Core_HalfSplit,1.16,Isaac.Ortega,06/03/2025,,,,1.16
JES-25-112,675858,136.9,137.6,0.7,1,,ALS,PIL-086,HE25068041 - Finalized,06/03/2025,Core_HalfSplit,1.4,Isaac.Ortega,06/03/2025,,,,1.4
JES-25-113,676002,0,1.525,1.53,1,,ALS,PIL-087,HE25108554 - Finalized,10/04/2025,Chips_QuarterSplit,3.705,Yuvitza.Davila,10/04/2025,,,,3.64
JES-25-113,676003,1.525,3.05,1.53,1,,ALS,PIL-087,HE25108554 - Finalized,10/04/2025,Chips_QuarterSplit,5.23,Yuvitza.Davila,10/04/2025,,,,5.23
JES-25-113,676004,3.05,4.575,1.53,1,,ALS,PIL-087,HE25108554 - Finalized,10/04/2025,Chips_QuarterSplit,7.475,Yuvitza.Davila,10/04/2025,,,,7.47
JES-25-113,676005,4.575,6.1,1.53,1,,ALS,PIL-087,HE25108554 - Finalized,10/04/2025,Chips_QuarterSplit,6.27,Yuvitza.Davila,10/04/2025,,,,6.27
JES-25-113,676006,6.1,7.625,1.53,1,,ALS,PIL-087,HE25108554 - Finalized,10/04/2025,Chips_QuarterSplit,5.665,Yuvitza.Davila,10/04/2025,,,,5.55
JES-25-113,676007,7.625,9.15,1.53,1,,ALS,PIL-087,HE25108554 - Finalized,10/04/2025,Chips_QuarterSplit,10.085,Yuvitza.Davila,10/04/2025,,,,9.87
JES-25-113,676008,9.15,10.675,1.53,1,,ALS,PIL-087,HE25108554 - Finalized,10/04/2025,Chips_QuarterSplit,7.045,Yuvitza.Davila,10/04/2025,,,,7
JES-25-113,676009,10.675,12.2,1.53,1,,ALS,PIL-087,HE25108554 - Finalized,10/04/2025,Chips_QuarterSplit,8.96,Yuvitza.Davila,10/04/2025,,,,8.97
JES-25-113,676010,12.2,13.725,1.53,1,,ALS,PIL-087,HE25108554 - Finalized,10/04/2025,Chips_QuarterSplit,9.61,Yuvitza.Davila,10/04/2025,,,,9.61
JES-25-113,676011,13.725,15.25,1.53,1,,ALS,PIL-087,HE25108554 - Finalized,10/04/2025,Chips_QuarterSplit,5.945,Yuvitza.Davila,10/04/2025,,,,5.94
JES-25-113,676012,15.25,16.775,1.53,1,,ALS,PIL-087,HE25108554 - Finalized,10/04/2025,Chips_QuarterSplit,9.965,Yuvitza.Davila,10/04/2025,,,,9.96
JES-25-113,676013,16.775,18.3,1.53,1,,ALS,PIL-087,HE25108554 - Finalized,10/04/2025,Chips_QuarterSplit,11.115,Yuvitza.Davila,10/04/2025,,,,11.12
JES-25-113,676014,18.3,19.825,1.53,1,,ALS,PIL-087,HE25108554 - Finalized,10/04/2025,Chips_QuarterSplit,9.47,Yuvitza.Davila,10/04/2025,,,,9.48
JES-25-113,676015,19.825,21.35,1.53,1,,ALS,PIL-087,HE25108554 - Finalized,10/04/2025,Chips_QuarterSplit,7.04,Yuvitza.Davila,10/04/2025,,,,7.04
JES-25-113,676017,21.35,22.875,1.53,1,,ALS,PIL-087,HE25108554 - Finalized,10/04/2025,Chips_QuarterSplit,8.96,Yuvitza.Davila,10/04/2025,,,,8.98
JES-25-113,676018,22.875,24.4,1.53,1,,ALS,PIL-087,HE25108554 - Finalized,10/04/2025,Chips_QuarterSplit,12.205,Yuvitza.Davila,10/04/2025,,,,12.22
JES-25-113,676019,24.4,25.925,1.53,1,,ALS,PIL-087,HE25108554 - Finalized,10/04/2025,Chips_QuarterSplit,13.055,Yuvitza.Davila,10/04/2025,,,,13.08
JES-25-113,676020,25.925,27.45,1.53,1,,ALS,PIL-087,HE25108554 - Finalized,10/04/2025,Chips_QuarterSplit,9.58,Yuvitza.Davila,10/04/2025,,,,9.59
JES-25-113,676021,27.45,28.975,1.53,1,,ALS,PIL-087,HE25108554 - Finalized,10/04/2025,Chips_QuarterSplit,9.82,Yuvitza.Davila,10/04/2025,,,,9.84
JES-25-113,676022,28.975,30.5,1.53,1,,ALS,PIL-087,HE25108554 - Finalized,10/04/2025,Chips_QuarterSplit,11.475,Yuvitza.Davila,10/04/2025,,,,11.49
JES-25-113,676023,30.5,32.025,1.53,1,,ALS,PIL-087,HE25108554 - Finalized,10/04/2025,Chips_QuarterSplit,9.355,Yuvitza.Davila,10/04/2025,,,,9.36
JES-25-113,676024,32.025,33.55,1.53,1,,ALS,PIL-087,HE25108554 - Finalized,10/04/2025,Chips_QuarterSplit,11.675,Yuvitza.Davila,10/04/2025,,,,11.67
JES-25-113,676025,33.55,35.075,1.53,1,,ALS,PIL-087,HE25108554 - Finalized,10/04/2025,Chips_QuarterSplit,11.74,Yuvitza.Davila,10/04/2025,,,,11.76
JES-25-113,676026,35.075,36.6,1.53,1,,ALS,PIL-087,HE25108554 - Finalized,10/04/2025,Chips_QuarterSplit,12.065,Yuvitza.Davila,10/04/2025,,,,12.08
JES-25-113,676027,36.6,38.125,1.53,1,,ALS,PIL-087,HE25108554 - Finalized,10/04/2025,Chips_QuarterSplit,11.445,Yuvitza.Davila,10/04/2025,,,,11.46
JES-25-113,676028,38.125,39.65,1.53,1,,ALS,PIL-087,HE25108554 - Finalized,10/04/2025,Chips_QuarterSplit,13.365,Yuvitza.Davila,10/04/2025,,,,13.38
JES-25-113,676029,39.65,41.175,1.53,1,,ALS,PIL-087,HE25108554 - Finalized,10/04/2025,Chips_QuarterSplit,9.7,Yuvitza.Davila,10/04/2025,,,,9.71
JES-25-113,676030,41.175,42.7,1.53,1,,ALS,PIL-087,HE25108554 - Finalized,10/04/2025,Chips_QuarterSplit,10.755,Yuvitza.Davila,10/04/2025,,,,10.77
JES-25-113,676031,42.7,44.225,1.53,1,,ALS,PIL-087,HE25108554 - Finalized,10/04/2025,Chips_QuarterSplit,11.875,Yuvitza.Davila,10/04/2025,,,,11.88
JES-25-113,676032,44.225,45.75,1.53,1,,ALS,PIL-087,HE25108554 - Finalized,10/04/2025,Chips_QuarterSplit,12.13,Yuvitza.Davila,10/04/2025,,,,12.14
JES-25-113,676033,45.75,47.275,1.53,1,,ALS,PIL-087,HE25108554 - Finalized,10/04/2025,Chips_QuarterSplit,11.84,Yuvitza.Davila,10/04/2025,,,,11.85
JES-25-113,676034,47.275,48.8,1.53,1,,ALS,PIL-087,HE25108554 - Finalized,10/04/2025,Chips_QuarterSplit,10.89,Yuvitza.Davila,10/04/2025,,,,10.91
JES-25-113,676035,48.8,50.325,1.53,1,,ALS,PIL-087,HE25108554 - Finalized,10/04/2025,Chips_QuarterSplit,10.44,Yuvitza.Davila,10/04/2025,,,,10.02
JES-25-113,676038,50.325,51.85,1.53,1,,ALS,PIL-087,HE25108554 - Finalized,10/04/2025,Chips_QuarterSplit,10.28,Yuvitza.Davila,10/04/2025,,,,9.52
JES-25-113,676039,51.85,53.375,1.53,1,,ALS,PIL-087,HE25108554 - Finalized,10/04/2025,Chips_QuarterSplit,10.38,Yuvitza.Davila,10/04/2025,,,,10.37
JES-25-113,676040,53.375,54.9,1.53,1,,ALS,PIL-087,HE25108554 - Finalized,10/04/2025,Chips_QuarterSplit,9.875,Yuvitza.Davila,10/04/2025,,,,9.88
JES-25-113,676041,54.9,56.425,1.53,1,,ALS,PIL-087,HE25108554 - Finalized,10/04/2025,Chips_QuarterSplit,9.405,Yuvitza.Davila,10/04/2025,,,,9.41
JES-25-113,676042,56.425,57.95,1.53,1,,ALS,PIL-087,HE25108554 - Finalized,10/04/2025,Chips_QuarterSplit,9.8,Yuvitza.Davila,10/04/2025,,,,9.8
JES-25-113,676043,57.95,59.475,1.53,1,,ALS,PIL-087,HE25108554 - Finalized,10/04/2025,Chips_QuarterSplit,10.126,Yuvitza.Davila,10/04/2025,,,,10.13
JES-25-113,676044,59.475,61,1.53,1,,ALS,PIL-087,HE25108554 - Finalized,10/04/2025,Chips_QuarterSplit,10.355,Yuvitza.Davila,10/04/2025,,,,10.36
JES-25-113,676045,61,62.525,1.53,1,,ALS,PIL-087,HE25108554 - Finalized,10/04/2025,Chips_QuarterSplit,10.42,Yuvitza.Davila,10/04/2025,,,,10.44
JES-25-113,676046,62.525,64.05,1.53,1,,ALS,PIL-087,HE25108554 - Finalized,10/04/2025,Chips_QuarterSplit,10.27,Yuvitza.Davila,10/04/2025,,,,10.27
JES-25-113,676047,64.05,65.575,1.53,1,,ALS,PIL-087,HE25108554 - Finalized,10/04/2025,Chips_QuarterSplit,10.92,Yuvitza.Davila,10/04/2025,,,,11.09
JES-25-113,676048,65.575,67.1,1.52,1,,ALS,PIL-087,HE25108554 - Finalized,10/04/2025,Chips_QuarterSplit,11.375,Yuvitza.Davila,10/04/2025,,,,11.39
JES-25-113,676049,67.1,68.625,1.53,1,,ALS,PIL-087,HE25108554 - Finalized,10/04/2025,Chips_QuarterSplit,10.445,Yuvitza.Davila,10/04/2025,,,,10.44
JES-25-113,676050,68.625,70.15,1.53,1,,ALS,PIL-087,HE25108554 - Finalized,10/04/2025,Chips_QuarterSplit,9.75,Yuvitza.Davila,10/04/2025,,,,9.75
JES-25-113,676051,70.15,71.675,1.52,1,,ALS,PIL-087,HE25108554 - Finalized,10/04/2025,Chips_QuarterSplit,12.215,Yuvitza.Davila,10/04/2025,,,,12.22
JES-25-113,676052,71.675,73.2,1.53,1,,ALS,PIL-087,HE25108554 - Finalized,10/04/2025,Chips_QuarterSplit,10.425,Yuvitza.Davila,10/04/2025,,,,10.44
JES-25-113,676053,73.2,74.725,1.52,1,,ALS,PIL-087,HE25108554 - Finalized,10/04/2025,Chips_QuarterSplit,9.195,Yuvitza.Davila,10/04/2025,,,,9.23
JES-25-113,676054,74.725,76.25,1.53,1,,ALS,PIL-087,HE25108554 - Finalized,10/04/2025,Chips_QuarterSplit,12.11,Yuvitza.Davila,10/04/2025,,,,12.14
JES-25-113,676056,76.25,77.775,1.53,1,,ALS,PIL-087,HE25108554 - Finalized,10/04/2025,Chips_QuarterSplit,10.995,Yuvitza.Davila,17/04/2025,,,,10.99
JES-25-113,676057,77.775,79.3,1.52,1,,ALS,PIL-087,HE25108554 - Finalized,10/04/2025,Chips_QuarterSplit,12.725,Yuvitza.Davila,17/04/2025,,,,13.09
JES-25-113,676058,79.3,80.825,1.53,1,,ALS,PIL-087,HE25108554 - Finalized,10/04/2025,Chips_QuarterSplit,10.265,Yuvitza.Davila,17/04/2025,,,,10.28
JES-25-113,676059,80.825,82.35,1.52,1,,ALS,PIL-087,HE25108554 - Finalized,10/04/2025,Chips_QuarterSplit,9.02,Yuvitza.Davila,17/04/2025,,,,8.8
JES-25-113,676060,82.35,83.875,1.53,1,,ALS,PIL-087,HE25108554 - Finalized,10/04/2025,Chips_QuarterSplit,9.89,Yuvitza.Davila,17/04/2025,,,,9.9
JES-25-113,676061,83.875,85.4,1.53,1,,ALS,PIL-087,HE25108554 - Finalized,10/04/2025,Chips_QuarterSplit,13.86,Yuvitza.Davila,17/04/2025,,,,13.87
JES-25-113,676062,85.4,86.925,1.52,1,,ALS,PIL-087,HE25108554 - Finalized,10/04/2025,Chips_QuarterSplit,11.65,Yuvitza.Davila,17/04/2025,,,,11.66
JES-25-113,676063,86.925,88.45,1.53,1,,ALS,PIL-087,HE25108554 - Finalized,10/04/2025,Chips_QuarterSplit,7.68,Yuvitza.Davila,17/04/2025,,,,7.67
JES-25-113,676064,88.45,89.975,1.52,1,,ALS,PIL-087,HE25108554 - Finalized,10/04/2025,Chips_QuarterSplit,10.255,Yuvitza.Davila,17/04/2025,,,,10.26
JES-25-113,676065,89.975,91.5,1.53,1,,ALS,PIL-087,HE25108554 - Finalized,10/04/2025,Chips_QuarterSplit,12.15,Yuvitza.Davila,17/04/2025,,,,12.17
JES-25-113,676066,91.5,93.025,1.53,1,,ALS,PIL-087,HE25108554 - Finalized,10/04/2025,Chips_QuarterSplit,11.065,Yuvitza.Davila,17/04/2025,,,,11.1
JES-25-113,676067,93.025,94.55,1.52,1,,ALS,PIL-087,HE25108554 - Finalized,10/04/2025,Chips_QuarterSplit,10.15,Yuvitza.Davila,17/04/2025,,,,10.19
JES-25-113,676068,94.55,96.075,1.53,1,,ALS,PIL-087,HE25108554 - Finalized,10/04/2025,Chips_QuarterSplit,8.505,Yuvitza.Davila,17/04/2025,,,,8.51
JES-25-113,676069,96.075,97.6,1.52,1,,ALS,PIL-087,HE25108554 - Finalized,10/04/2025,Chips_QuarterSplit,10.18,Yuvitza.Davila,17/04/2025,,,,9.2
JES-25-113,676070,97.6,99.125,1.53,1,,ALS,PIL-087,HE25108554 - Finalized,10/04/2025,Chips_QuarterSplit,10.615,Yuvitza.Davila,17/04/2025,,,,10.63
JES-25-113,676071,99.125,100.65,1.53,1,,ALS,PIL-087,HE25108554 - Finalized,10/04/2025,Chips_QuarterSplit,7.505,Yuvitza.Davila,17/04/2025,,,,7.5
JES-25-113,676073,100.65,102.175,1.52,1,,ALS,PIL-087,HE25108554 - Finalized,10/04/2025,Chips_QuarterSplit,7.76,Yuvitza.Davila,17/04/2025,,,,7.76
JES-25-113,676074,102.175,103.7,1.53,1,,ALS,PIL-087,HE25108554 - Finalized,10/04/2025,Chips_QuarterSplit,10.625,Yuvitza.Davila,17/04/2025,,,,10.65
JES-25-113,676075,103.7,105.225,1.52,1,,ALS,PIL-087,HE25108554 - Finalized,10/04/2025,Chips_QuarterSplit,6.935,Yuvitza.Davila,17/04/2025,,,,6.94
JES-25-113,676076,105.225,106.75,1.53,1,,ALS,PIL-087,HE25108554 - Finalized,10/04/2025,Chips_QuarterSplit,12.12,Yuvitza.Davila,17/04/2025,,,,12.13
JES-25-113,676077,106.75,108.275,1.53,1,,ALS,PIL-087,HE25108554 - Finalized,10/04/2025,Chips_QuarterSplit,10.43,Yuvitza.Davila,17/04/2025,,,,10.46
JES-25-113,676078,108.275,109.8,1.52,1,,ALS,PIL-087,HE25108554 - Finalized,10/04/2025,Chips_QuarterSplit,9.93,Yuvitza.Davila,17/04/2025,,,,9.94
JES-25-113,676079,109.8,111.325,1.53,1,,ALS,PIL-087,HE25108554 - Finalized,10/04/2025,Chips_QuarterSplit,12.93,Yuvitza.Davila,17/04/2025,,,,12.94
JES-25-113,676080,111.325,112.85,1.52,1,,ALS,PIL-087,HE25108554 - Finalized,10/04/2025,Chips_QuarterSplit,10.96,Yuvitza.Davila,17/04/2025,,,,10.97
JES-25-113,676081,112.85,114.375,1.53,1,,ALS,PIL-087,HE25108554 - Finalized,10/04/2025,Chips_QuarterSplit,11.28,Yuvitza.Davila,17/04/2025,,,,11.29
JES-25-113,676082,114.375,115.9,1.53,1,,ALS,PIL-087,HE25108554 - Finalized,10/04/2025,Chips_QuarterSplit,11.165,Yuvitza.Davila,17/04/2025,,,,11.17
JES-25-113,676083,115.9,117.425,1.52,1,,ALS,PIL-087,HE25108554 - Finalized,10/04/2025,Chips_QuarterSplit,8.08,Yuvitza.Davila,17/04/2025,,,,8.08
JES-25-113,676084,117.425,118.95,1.53,1,,ALS,PIL-087,HE25108554 - Finalized,10/04/2025,Chips_QuarterSplit,14.06,Yuvitza.Davila,17/04/2025,,,,14.08
JES-25-113,676085,118.95,120.475,1.52,1,,ALS,PIL-087,HE25108554 - Finalized,10/04/2025,Chips_QuarterSplit,13.42,Yuvitza.Davila,17/04/2025,,,,13.43
JES-25-113,676086,120.475,122,1.53,1,,ALS,PIL-087,HE25108554 - Finalized,10/04/2025,Chips_QuarterSplit,13.105,Yuvitza.Davila,17/04/2025,,,,13.1
JES-25-113,676087,122,123.525,1.53,1,,ALS,PIL-087,HE25108554 - Finalized,10/04/2025,Chips_QuarterSplit,7.375,Yuvitza.Davila,17/04/2025,,,,7.38
JES-25-113,676088,123.525,125.05,1.52,1,,ALS,PIL-087,HE25108554 - Finalized,10/04/2025,Chips_QuarterSplit,7.515,Yuvitza.Davila,17/04/2025,,,,7.52
JES-25-113,676089,125.05,126.575,1.53,1,,ALS,PIL-087,HE25108554 - Finalized,10/04/2025,Chips_QuarterSplit,7.74,Yuvitza.Davila,17/04/2025,,,,7.74
JES-25-113,676090,126.575,128.1,1.52,1,,ALS,PIL-087,HE25108554 - Finalized,10/04/2025,Chips_QuarterSplit,13.69,Yuvitza.Davila,17/04/2025,,,,13.71
JES-25-113,676091,128.1,129.625,1.53,1,,ALS,PIL-087,HE25108554 - Finalized,10/04/2025,Chips_QuarterSplit,7.725,Yuvitza.Davila,17/04/2025,,,,7.74
JES-25-113,676092,129.625,131.15,1.53,1,,ALS,PIL-087,HE25108554 - Finalized,10/04/2025,Chips_QuarterSplit,11.18,Yuvitza.Davila,17/04/2025,,,,10.39
JES-25-113,676093,131.15,132.675,1.53,1,,ALS,PIL-087,HE25108554 - Finalized,10/04/2025,Chips_QuarterSplit,2.81,Yuvitza.Davila,17/04/2025,,,,2.65
JES-25-113,676095,132.675,134.2,1.52,1,,ALS,PIL-087,HE25108554 - Finalized,10/04/2025,Chips_QuarterSplit,11.16,Yuvitza.Davila,17/04/2025,,,,10.3
JES-25-113,676096,134.2,135.725,1.53,1,,ALS,PIL-087,HE25108554 - Finalized,10/04/2025,Chips_QuarterSplit,8.905,Yuvitza.Davila,17/04/2025,,,,8.85
JES-25-113,676097,135.725,137.25,1.53,1,,ALS,PIL-087,HE25108554 - Finalized,10/04/2025,Chips_QuarterSplit,12.745,Yuvitza.Davila,17/04/2025,,,,11.75
JES-25-114,676102,0,1.525,1.53,1,,ALS,PIL-088,HE25108556 - Finalized,13/04/2025,Chips_QuarterSplit,1.445,Yuvitza.Davila,13/04/2025,,,,1.45
JES-25-114,676103,1.525,3.05,1.53,1,,ALS,PIL-088,HE25108556 - Finalized,13/04/2025,Chips_QuarterSplit,1.605,Yuvitza.Davila,13/04/2025,,,,1.6
JES-25-114,676104,3.05,4.575,1.53,1,,ALS,PIL-088,HE25108556 - Finalized,13/04/2025,Chips_QuarterSplit,5.415,Yuvitza.Davila,13/04/2025,,,,5.43
JES-25-114,676105,4.575,6.1,1.53,1,,ALS,PIL-088,HE25108556 - Finalized,13/04/2025,Chips_QuarterSplit,5.05,Yuvitza.Davila,13/04/2025,,,,5.06
JES-25-114,676106,6.1,7.625,1.53,1,,ALS,PIL-088,HE25108556 - Finalized,13/04/2025,Chips_QuarterSplit,5.23,Yuvitza.Davila,13/04/2025,,,,5.24
JES-25-114,676107,7.625,9.15,1.53,1,,ALS,PIL-088,HE25108556 - Finalized,13/04/2025,Chips_QuarterSplit,14.495,Yuvitza.Davila,13/04/2025,,,,14.53
JES-25-114,676108,9.15,10.675,1.53,1,,ALS,PIL-088,HE25108556 - Finalized,13/04/2025,Chips_QuarterSplit,11.77,Yuvitza.Davila,13/04/2025,,,,11.8
JES-25-114,676109,10.675,12.2,1.53,1,,ALS,PIL-088,HE25108556 - Finalized,13/04/2025,Chips_QuarterSplit,9.36,Yuvitza.Davila,13/04/2025,,,,9.4
JES-25-114,676110,12.2,13.725,1.53,1,,ALS,PIL-088,HE25108556 - Finalized,13/04/2025,Chips_QuarterSplit,14.97,Yuvitza.Davila,13/04/2025,,,,15.03
JES-25-114,676111,13.725,15.25,1.53,1,,ALS,PIL-088,HE25108556 - Finalized,13/04/2025,Chips_QuarterSplit,7.92,Yuvitza.Davila,13/04/2025,,,,7.95
JES-25-114,676112,15.25,16.775,1.53,1,,ALS,PIL-088,HE25108556 - Finalized,13/04/2025,Chips_QuarterSplit,10.83,Yuvitza.Davila,13/04/2025,,,,10.86
JES-25-114,676113,16.775,18.3,1.53,1,,ALS,PIL-088,HE25108556 - Finalized,13/04/2025,Chips_QuarterSplit,9.595,Yuvitza.Davila,13/04/2025,,,,9.62
JES-25-114,676114,18.3,19.825,1.53,1,,ALS,PIL-088,HE25108556 - Finalized,13/04/2025,Chips_QuarterSplit,10.03,Yuvitza.Davila,13/04/2025,,,,10.05
JES-25-114,676115,19.825,21.35,1.53,1,,ALS,PIL-088,HE25108556 - Finalized,13/04/2025,Chips_QuarterSplit,8.79,Yuvitza.Davila,13/04/2025,,,,8.83
JES-25-114,676117,21.35,22.875,1.53,1,,ALS,PIL-088,HE25108556 - Finalized,13/04/2025,Chips_QuarterSplit,8.21,Yuvitza.Davila,13/04/2025,,,,8.23
JES-25-114,676118,22.875,24.4,1.53,1,,ALS,PIL-088,HE25108556 - Finalized,13/04/2025,Chips_QuarterSplit,8.225,Yuvitza.Davila,13/04/2025,,,,8.26
JES-25-114,676119,24.4,25.925,1.53,1,,ALS,PIL-088,HE25108556 - Finalized,13/04/2025,Chips_QuarterSplit,7.407,Yuvitza.Davila,13/04/2025,,,,7.48
JES-25-114,676120,25.925,27.45,1.53,1,,ALS,PIL-088,HE25108556 - Finalized,13/04/2025,Chips_QuarterSplit,9.775,Yuvitza.Davila,13/04/2025,,,,9.82
JES-25-114,676121,27.45,28.975,1.53,1,,ALS,PIL-088,HE25108556 - Finalized,13/04/2025,Chips_QuarterSplit,7.15,Yuvitza.Davila,13/04/2025,,,,7.16
JES-25-114,676122,28.975,30.5,1.53,1,,ALS,PIL-088,HE25108556 - Finalized,13/04/2025,Chips_QuarterSplit,9.045,Yuvitza.Davila,13/04/2025,,,,9.07
JES-25-114,676123,30.5,32.025,1.53,1,,ALS,PIL-088,HE25108556 - Finalized,13/04/2025,Chips_QuarterSplit,9.4,Yuvitza.Davila,13/04/2025,,,,9.41
JES-25-114,676124,32.025,33.55,1.53,1,,ALS,PIL-088,HE25108556 - Finalized,13/04/2025,Chips_QuarterSplit,8.38,Yuvitza.Davila,13/04/2025,,,,8.4
JES-25-114,676125,33.55,35.075,1.53,1,,ALS,PIL-088,HE25108556 - Finalized,13/04/2025,Chips_QuarterSplit,8.67,Yuvitza.Davila,13/04/2025,,,,8.67
JES-25-114,676126,35.075,36.6,1.53,1,,ALS,PIL-088,HE25108556 - Finalized,13/04/2025,Chips_QuarterSplit,8.28,Yuvitza.Davila,13/04/2025,,,,8.31
JES-25-114,676127,36.6,38.125,1.53,1,,ALS,PIL-088,HE25108556 - Finalized,13/04/2025,Chips_QuarterSplit,8.325,Yuvitza.Davila,13/04/2025,,,,8.35
JES-25-114,676128,38.125,39.65,1.53,1,,ALS,PIL-088,HE25108556 - Finalized,13/04/2025,Chips_QuarterSplit,7.91,Yuvitza.Davila,13/04/2025,,,,7.92
JES-25-114,676129,39.65,41.175,1.53,1,,ALS,PIL-088,HE25108556 - Finalized,13/04/2025,Chips_QuarterSplit,8.575,Yuvitza.Davila,13/04/2025,,,,8.61
JES-25-114,676130,41.175,42.7,1.53,1,,ALS,PIL-088,HE25108556 - Finalized,13/04/2025,Chips_QuarterSplit,8.535,Yuvitza.Davila,13/04/2025,,,,8.55
JES-25-114,676131,42.7,44.225,1.53,1,,ALS,PIL-088,HE25108556 - Finalized,13/04/2025,Chips_QuarterSplit,10.3,Yuvitza.Davila,13/04/2025,,,,10.35
JES-25-114,676132,44.225,45.75,1.53,1,,ALS,PIL-088,HE25108556 - Finalized,13/04/2025,Chips_QuarterSplit,6.41,Yuvitza.Davila,13/04/2025,,,,6.44
JES-25-114,676133,45.75,47.275,1.53,1,,ALS,PIL-088,HE25108556 - Finalized,13/04/2025,Chips_QuarterSplit,7.305,Yuvitza.Davila,13/04/2025,,,,7.33
JES-25-114,676134,47.275,48.8,1.53,1,,ALS,PIL-088,HE25108556 - Finalized,13/04/2025,Chips_QuarterSplit,7.885,Yuvitza.Davila,13/04/2025,,,,7.91
JES-25-114,676135,48.8,50.325,1.53,1,,ALS,PIL-088,HE25108556 - Finalized,13/04/2025,Chips_QuarterSplit,9.61,Yuvitza.Davila,13/04/2025,,,,9.64
JES-25-114,676138,50.325,51.85,1.53,1,,ALS,PIL-088,HE25108556 - Finalized,13/04/2025,Chips_QuarterSplit,7.305,Yuvitza.Davila,13/04/2025,,,,7.33
JES-25-114,676139,51.85,53.375,1.53,1,,ALS,PIL-088,HE25108556 - Finalized,13/04/2025,Chips_QuarterSplit,8.705,Yuvitza.Davila,13/04/2025,,,,8.65
JES-25-114,676140,53.375,54.9,1.53,1,,ALS,PIL-088,HE25108556 - Finalized,13/04/2025,Chips_QuarterSplit,7.575,Yuvitza.Davila,13/04/2025,,,,7.6
JES-25-114,676141,54.9,56.425,1.53,1,,ALS,PIL-088,HE25108556 - Finalized,13/04/2025,Chips_QuarterSplit,8.92,Yuvitza.Davila,13/04/2025,,,,8.96
JES-25-114,676142,56.425,57.95,1.53,1,,ALS,PIL-088,HE25108556 - Finalized,13/04/2025,Chips_QuarterSplit,9.205,Yuvitza.Davila,13/04/2025,,,,9.24
JES-25-114,676143,57.95,59.475,1.53,1,,ALS,PIL-088,HE25108556 - Finalized,13/04/2025,Chips_QuarterSplit,8.075,Yuvitza.Davila,13/04/2025,,,,8.1
JES-25-114,676144,59.475,61,1.53,1,,ALS,PIL-088,HE25108556 - Finalized,13/04/2025,Chips_QuarterSplit,7.53,Yuvitza.Davila,13/04/2025,,,,7.57
JES-25-114,676145,61,62.525,1.53,1,,ALS,PIL-088,HE25108556 - Finalized,13/04/2025,Chips_QuarterSplit,7.15,Yuvitza.Davila,13/04/2025,,,,7.18
JES-25-114,676146,62.525,64.05,1.53,1,,ALS,PIL-088,HE25108556 - Finalized,13/04/2025,Chips_QuarterSplit,6.96,Yuvitza.Davila,13/04/2025,,,,7
JES-25-114,676147,64.05,65.575,1.53,1,,ALS,PIL-088,HE25108556 - Finalized,13/04/2025,Chips_QuarterSplit,7.21,Yuvitza.Davila,13/04/2025,,,,7.25
JES-25-114,676148,65.575,67.1,1.52,1,,ALS,PIL-088,HE25108556 - Finalized,13/04/2025,Chips_QuarterSplit,8.085,Yuvitza.Davila,13/04/2025,,,,8.11
JES-25-114,676149,67.1,68.625,1.53,1,,ALS,PIL-088,HE25108556 - Finalized,13/04/2025,Chips_QuarterSplit,8.985,Yuvitza.Davila,13/04/2025,,,,9.02
JES-25-114,676150,68.625,70.15,1.53,1,,ALS,PIL-088,HE25108556 - Finalized,13/04/2025,Chips_QuarterSplit,7.53,Yuvitza.Davila,13/04/2025,,,,7.57
JES-25-114,676151,70.15,71.675,1.52,1,,ALS,PIL-088,HE25108556 - Finalized,13/04/2025,Chips_QuarterSplit,7.95,Yuvitza.Davila,13/04/2025,,,,8
JES-25-114,676152,71.675,73.2,1.53,1,,ALS,PIL-088,HE25108556 - Finalized,13/04/2025,Chips_QuarterSplit,5.92,Yuvitza.Davila,13/04/2025,,,,5.96
JES-25-114,676153,73.2,74.725,1.52,1,,ALS,PIL-088,HE25108556 - Finalized,13/04/2025,Chips_QuarterSplit,8.425,Yuvitza.Davila,13/04/2025,,,,8.44
JES-25-114,676154,74.725,76.25,1.53,1,,ALS,PIL-088,HE25108556 - Finalized,13/04/2025,Chips_QuarterSplit,7.23,Yuvitza.Davila,13/04/2025,,,,7.27
JES-25-114,676156,76.25,77.775,1.53,1,,ALS,PIL-088,HE25108556 - Finalized,13/04/2025,Chips_QuarterSplit,8.87,Yuvitza.Davila,13/04/2025,,,,8.91
JES-25-114,676157,77.775,79.3,1.52,1,,ALS,PIL-088,HE25108556 - Finalized,13/04/2025,Chips_QuarterSplit,6.59,Yuvitza.Davila,13/04/2025,,,,6.63
JES-25-114,676158,79.3,80.825,1.53,1,,ALS,PIL-088,HE25108556 - Finalized,13/04/2025,Chips_QuarterSplit,6.865,Yuvitza.Davila,13/04/2025,,,,6.9
JES-25-114,676159,80.825,82.35,1.52,1,,ALS,PIL-088,HE25108556 - Finalized,13/04/2025,Chips_QuarterSplit,6.695,Yuvitza.Davila,13/04/2025,,,,6.73
JES-25-114,676160,82.35,83.875,1.53,1,,ALS,PIL-088,HE25108556 - Finalized,13/04/2025,Chips_QuarterSplit,7.925,Yuvitza.Davila,13/04/2025,,,,7.97
JES-25-114,676161,83.875,85.4,1.53,1,,ALS,PIL-088,HE25108556 - Finalized,13/04/2025,Chips_QuarterSplit,6.26,Yuvitza.Davila,13/04/2025,,,,6.3
JES-25-114,676162,85.4,86.925,1.52,1,,ALS,PIL-088,HE25108556 - Finalized,13/04/2025,Chips_QuarterSplit,8.965,Yuvitza.Davila,13/04/2025,,,,9.01
JES-25-114,676163,86.925,88.45,1.53,1,,ALS,PIL-088,HE25108556 - Finalized,13/04/2025,Chips_QuarterSplit,7.58,Yuvitza.Davila,13/04/2025,,,,7.62
JES-25-114,676164,88.45,89.975,1.52,1,,ALS,PIL-088,HE25108556 - Finalized,13/04/2025,Chips_QuarterSplit,8.88,Yuvitza.Davila,13/04/2025,,,,8.92
JES-25-114,676165,89.975,91.5,1.53,1,,ALS,PIL-088,HE25108556 - Finalized,13/04/2025,Chips_QuarterSplit,7.98,Yuvitza.Davila,13/04/2025,,,,8.01
JES-25-114,676166,91.5,93.025,1.53,1,,ALS,PIL-088,HE25108556 - Finalized,13/04/2025,Chips_QuarterSplit,10.885,Yuvitza.Davila,13/04/2025,,,,10.91
JES-25-114,676167,93.025,94.55,1.52,1,,ALS,PIL-088,HE25108556 - Finalized,13/04/2025,Chips_QuarterSplit,9.8,Yuvitza.Davila,13/04/2025,,,,9.82
JES-25-114,676168,94.55,96.075,1.53,1,,ALS,PIL-088,HE25108556 - Finalized,13/04/2025,Chips_QuarterSplit,9.02,Yuvitza.Davila,13/04/2025,,,,9.04
JES-25-114,676169,96.075,97.6,1.52,1,,ALS,PIL-088,HE25108556 - Finalized,13/04/2025,Chips_QuarterSplit,10.68,Yuvitza.Davila,13/04/2025,,,,10.7
JES-25-114,676170,97.6,99.125,1.53,1,,ALS,PIL-088,HE25108556 - Finalized,13/04/2025,Chips_QuarterSplit,6.88,Yuvitza.Davila,13/04/2025,,,,6.9
JES-25-114,676171,99.125,100.65,1.53,1,,ALS,PIL-088,HE25108556 - Finalized,13/04/2025,Chips_QuarterSplit,7.76,Yuvitza.Davila,13/04/2025,,,,7.77
JES-25-114,676173,100.65,102.175,1.52,1,,ALS,PIL-088,HE25108556 - Finalized,13/04/2025,Chips_QuarterSplit,7.45,Yuvitza.Davila,13/04/2025,,,,7.48
JES-25-114,676174,102.175,103.7,1.53,1,,ALS,PIL-088,HE25108556 - Finalized,13/04/2025,Chips_QuarterSplit,7.88,Yuvitza.Davila,13/04/2025,,,,7.9
JES-25-114,676175,103.7,105.225,1.52,1,,ALS,PIL-088,HE25108556 - Finalized,13/04/2025,Chips_QuarterSplit,8.25,Yuvitza.Davila,13/04/2025,,,,8.26
JES-25-114,676176,105.225,106.75,1.53,1,,ALS,PIL-088,HE25108556 - Finalized,13/04/2025,Chips_QuarterSplit,7.47,Yuvitza.Davila,13/04/2025,,,,7.47
JES-25-114,676177,106.75,108.275,1.53,1,,ALS,PIL-088,HE25108556 - Finalized,13/04/2025,Chips_QuarterSplit,5.405,Yuvitza.Davila,13/04/2025,,,,5.41
JES-25-114,676178,108.275,109.8,1.52,1,,ALS,PIL-088,HE25108556 - Finalized,13/04/2025,Chips_QuarterSplit,9.985,Yuvitza.Davila,13/04/2025,,,,10.01
JES-25-114,676179,109.8,111.325,1.53,1,,ALS,PIL-088,HE25108556 - Finalized,13/04/2025,Chips_QuarterSplit,6,Yuvitza.Davila,13/04/2025,,,,6.01
JES-25-114,676180,111.325,112.85,1.52,1,,ALS,PIL-088,HE25108556 - Finalized,13/04/2025,Chips_QuarterSplit,7.29,Yuvitza.Davila,13/04/2025,,,,7.29
JES-25-114,676181,112.85,114.375,1.53,1,,ALS,PIL-088,HE25108556 - Finalized,13/04/2025,Chips_QuarterSplit,7.22,Yuvitza.Davila,13/04/2025,,,,7.23
JES-25-114,676182,114.375,115.9,1.53,1,,ALS,PIL-088,HE25108556 - Finalized,13/04/2025,Chips_QuarterSplit,7.675,Yuvitza.Davila,13/04/2025,,,,7.68
JES-25-114,676183,115.9,117.425,1.52,1,,ALS,PIL-088,HE25108556 - Finalized,13/04/2025,Chips_QuarterSplit,10.96,Yuvitza.Davila,13/04/2025,,,,10.98
JES-25-114,676184,117.425,118.95,1.53,1,,ALS,PIL-088,HE25108556 - Finalized,13/04/2025,Chips_QuarterSplit,9.215,Yuvitza.Davila,13/04/2025,,,,9.24
JES-25-114,676185,118.95,120.475,1.52,1,,ALS,PIL-088,HE25108556 - Finalized,13/04/2025,Chips_QuarterSplit,7.665,Yuvitza.Davila,13/04/2025,,,,7.68
JES-25-114,676186,120.475,122,1.53,1,,ALS,PIL-088,HE25108556 - Finalized,13/04/2025,Chips_QuarterSplit,8.165,Yuvitza.Davila,13/04/2025,,,,8.17
JES-25-114,676187,122,123.525,1.53,1,,ALS,PIL-088,HE25108556 - Finalized,13/04/2025,Chips_QuarterSplit,9.98,Yuvitza.Davila,13/04/2025,,,,9.9
JES-25-114,676188,123.525,125.05,1.52,1,,ALS,PIL-088,HE25108556 - Finalized,13/04/2025,Chips_QuarterSplit,8.095,Yuvitza.Davila,13/04/2025,,,,8.11
JES-25-114,676189,125.05,126.575,1.53,1,,ALS,PIL-088,HE25108556 - Finalized,13/04/2025,Chips_QuarterSplit,8.12,Yuvitza.Davila,13/04/2025,,,,8.13
JES-25-114,676190,126.575,128.1,1.52,1,,ALS,PIL-088,HE25108556 - Finalized,13/04/2025,Chips_QuarterSplit,10.72,Yuvitza.Davila,13/04/2025,,,,10.68
JES-25-114,676191,128.1,129.625,1.53,1,,ALS,PIL-088,HE25108556 - Finalized,13/04/2025,Chips_QuarterSplit,10.79,Yuvitza.Davila,13/04/2025,,,,10.8
JES-25-114,676192,129.625,131.15,1.53,1,,ALS,PIL-088,HE25108556 - Finalized,13/04/2025,Chips_QuarterSplit,8.695,Yuvitza.Davila,13/04/2025,,,,8.72
JES-25-114,676193,131.15,132.675,1.53,1,,ALS,PIL-088,HE25108556 - Finalized,13/04/2025,Chips_QuarterSplit,6.97,Yuvitza.Davila,13/04/2025,,,,6.99
JES-25-114,676195,132.675,134.2,1.52,1,,ALS,PIL-088,HE25108556 - Finalized,13/04/2025,Chips_QuarterSplit,9.795,Yuvitza.Davila,13/04/2025,,,,9.83
JES-25-114,676196,134.2,135.725,1.53,1,,ALS,PIL-088,HE25108556 - Finalized,13/04/2025,Chips_QuarterSplit,6.485,Yuvitza.Davila,13/04/2025,,,,6.53
JES-25-114,676197,135.725,137.25,1.53,1,,ALS,PIL-088,HE25108556 - Finalized,13/04/2025,Chips_QuarterSplit,9.39,Yuvitza.Davila,13/04/2025,,,,9.43
JES-25-114,676198,137.25,138.775,1.53,1,,ALS,PIL-088,HE25108556 - Finalized,13/04/2025,Chips_QuarterSplit,10.25,Yuvitza.Davila,13/04/2025,,,,10.29
JES-25-114,676199,138.775,140.3,1.53,1,,ALS,PIL-088,HE25108556 - Finalized,13/04/2025,Chips_QuarterSplit,4.89,Yuvitza.Davila,13/04/2025,,,,4.9
JES-25-114,676200,140.3,141.825,1.52,1,,ALS,PIL-088,HE25108556 - Finalized,13/04/2025,Chips_QuarterSplit,5.02,Yuvitza.Davila,13/04/2025,,,,5.03
JES-25-114,676201,141.825,143.35,1.53,1,,ALS,PIL-088,HE25108556 - Finalized,13/04/2025,Chips_QuarterSplit,7.3,Yuvitza.Davila,13/04/2025,,,,7.32
JES-25-114,676202,143.35,144.875,1.53,1,,ALS,PIL-088,HE25108556 - Finalized,13/04/2025,Chips_QuarterSplit,5.095,Yuvitza.Davila,13/04/2025,,,,5.1
JES-25-114,676203,144.875,146.4,1.53,1,,ALS,PIL-088,HE25108556 - Finalized,13/04/2025,Chips_QuarterSplit,6.67,Yuvitza.Davila,13/04/2025,,,,6.69
JES-25-114,676204,146.4,147.925,1.53,1,,ALS,PIL-088,HE25108556 - Finalized,13/04/2025,Chips_QuarterSplit,5.425,Yuvitza.Davila,13/04/2025,,,,5.44
JES-25-114,676205,147.925,149.45,1.52,1,,ALS,PIL-088,HE25108556 - Finalized,13/04/2025,Chips_QuarterSplit,5.475,Yuvitza.Davila,13/04/2025,,,,5.48
JES-25-114,676206,149.45,150.975,1.53,1,,ALS,PIL-088,HE25108556 - Finalized,13/04/2025,Chips_QuarterSplit,8.06,Yuvitza.Davila,13/04/2025,,,,8.08
JES-25-114,676207,150.975,152.5,1.53,1,,ALS,PIL-088,HE25108556 - Finalized,13/04/2025,Chips_QuarterSplit,6.8,Yuvitza.Davila,13/04/2025,,,,6.82
JES-25-114,676208,152.5,154.025,1.53,1,,ALS,PIL-088,HE25108556 - Finalized,13/04/2025,Chips_QuarterSplit,8.055,Yuvitza.Davila,13/04/2025,,,,8.06
JES-25-114,676210,154.025,155.55,1.53,1,,ALS,PIL-088,HE25108556 - Finalized,13/04/2025,Chips_QuarterSplit,8.35,Yuvitza.Davila,13/04/2025,,,,8.37
JES-25-114,676211,155.55,157.075,1.52,1,,ALS,PIL-088,HE25108556 - Finalized,13/04/2025,Chips_QuarterSplit,8.2,Yuvitza.Davila,13/04/2025,,,,8.22
JES-25-114,676212,157.075,158.6,1.53,1,,ALS,PIL-088,HE25108556 - Finalized,13/04/2025,Chips_QuarterSplit,6.82,Yuvitza.Davila,13/04/2025,,,,6.84
JES-25-114,676213,158.6,160.125,1.53,1,,ALS,PIL-088,HE25108556 - Finalized,13/04/2025,Chips_QuarterSplit,6.165,Yuvitza.Davila,13/04/2025,,,,6.18
JES-25-114,676214,160.125,161.65,1.53,1,,ALS,PIL-088,HE25108556 - Finalized,13/04/2025,Chips_QuarterSplit,6.82,Yuvitza.Davila,13/04/2025,,,,6.78
JES-25-114,676215,161.65,163.175,1.53,1,,ALS,PIL-088,HE25108556 - Finalized,13/04/2025,Chips_QuarterSplit,7.48,Yuvitza.Davila,13/04/2025,,,,7.49
JES-25-114,676216,163.175,164.7,1.52,1,,ALS,PIL-088,HE25108556 - Finalized,13/04/2025,Chips_QuarterSplit,5.145,Yuvitza.Davila,13/04/2025,,,,5.15
JES-25-115,676221,0,1.525,1.53,1,,ALS,PIL-089,HE25108557 - Finalized,14/04/2025,Chips_QuarterSplit,2.07,Yuvitza.Davila,14/04/2025,,,,2.03
JES-25-115,676222,1.525,3.05,1.53,1,,ALS,PIL-089,HE25108557 - Finalized,14/04/2025,Chips_QuarterSplit,3.08,Yuvitza.Davila,14/04/2025,,,,3.05
JES-25-115,676223,3.05,4.575,1.53,1,,ALS,PIL-089,HE25108557 - Finalized,14/04/2025,Chips_QuarterSplit,1.645,Yuvitza.Davila,14/04/2025,,,,1.61
JES-25-115,676224,4.575,6.1,1.53,1,,ALS,PIL-089,HE25108557 - Finalized,14/04/2025,Chips_QuarterSplit,9.42,Yuvitza.Davila,14/04/2025,,,,9.4
JES-25-115,676225,6.1,7.625,1.53,1,,ALS,PIL-089,HE25108557 - Finalized,14/04/2025,Chips_QuarterSplit,8.14,Yuvitza.Davila,14/04/2025,,,,8.13
JES-25-115,676226,7.625,9.15,1.53,1,,ALS,PIL-089,HE25108557 - Finalized,14/04/2025,Chips_QuarterSplit,6.675,Yuvitza.Davila,14/04/2025,,,,6.65
JES-25-115,676227,9.15,10.675,1.53,1,,ALS,PIL-089,HE25108557 - Finalized,14/04/2025,Chips_QuarterSplit,8.44,Yuvitza.Davila,14/04/2025,,,,8.42
JES-25-115,676228,10.675,12.2,1.53,1,,ALS,PIL-089,HE25108557 - Finalized,14/04/2025,Chips_QuarterSplit,6.545,Yuvitza.Davila,14/04/2025,,,,6.52
JES-25-115,676229,12.2,13.725,1.53,1,,ALS,PIL-089,HE25108557 - Finalized,14/04/2025,Chips_QuarterSplit,6.165,Yuvitza.Davila,14/04/2025,,,,6.15
JES-25-115,676230,13.725,15.25,1.53,1,,ALS,PIL-089,HE25108557 - Finalized,14/04/2025,Chips_QuarterSplit,8.91,Yuvitza.Davila,14/04/2025,,,,8.89
JES-25-115,676231,15.25,16.775,1.53,1,,ALS,PIL-089,HE25108557 - Finalized,14/04/2025,Chips_QuarterSplit,7.545,Yuvitza.Davila,14/04/2025,,,,7.52
JES-25-115,676232,16.775,18.3,1.53,1,,ALS,PIL-089,HE25108557 - Finalized,14/04/2025,Chips_QuarterSplit,7.96,Yuvitza.Davila,14/04/2025,,,,7.93
JES-25-115,676233,18.3,19.825,1.53,1,,ALS,PIL-089,HE25108557 - Finalized,14/04/2025,Chips_QuarterSplit,7.39,Yuvitza.Davila,14/04/2025,,,,7.35
JES-25-115,676234,19.825,21.35,1.53,1,,ALS,PIL-089,HE25108557 - Finalized,14/04/2025,Chips_QuarterSplit,8.595,Yuvitza.Davila,14/04/2025,,,,8.58
JES-25-115,676236,21.35,22.875,1.53,1,,ALS,PIL-089,HE25108557 - Finalized,14/04/2025,Chips_QuarterSplit,8.27,Yuvitza.Davila,14/04/2025,,,,8.26
JES-25-115,676237,22.875,24.4,1.53,1,,ALS,PIL-089,HE25108557 - Finalized,14/04/2025,Chips_QuarterSplit,9.535,Yuvitza.Davila,14/04/2025,,,,9.52
JES-25-115,676238,24.4,25.925,1.53,1,,ALS,PIL-089,HE25108557 - Finalized,14/04/2025,Chips_QuarterSplit,7.965,Yuvitza.Davila,14/04/2025,,,,7.95
JES-25-115,676239,25.925,27.45,1.53,1,,ALS,PIL-089,HE25108557 - Finalized,14/04/2025,Chips_QuarterSplit,9.14,Yuvitza.Davila,14/04/2025,,,,9.12
JES-25-115,676240,27.45,28.975,1.53,1,,ALS,PIL-089,HE25108557 - Finalized,14/04/2025,Chips_QuarterSplit,8.755,Yuvitza.Davila,14/04/2025,,,,8.74
JES-25-115,676241,28.975,30.5,1.53,1,,ALS,PIL-089,HE25108557 - Finalized,14/04/2025,Chips_QuarterSplit,7.175,Yuvitza.Davila,14/04/2025,,,,7.2
JES-25-115,676242,30.5,32.025,1.53,1,,ALS,PIL-089,HE25108557 - Finalized,14/04/2025,Chips_QuarterSplit,8.7,Yuvitza.Davila,14/04/2025,,,,8.71
JES-25-115,676243,32.025,33.55,1.53,1,,ALS,PIL-089,HE25108557 - Finalized,14/04/2025,Chips_QuarterSplit,6.67,Yuvitza.Davila,14/04/2025,,,,6.67
JES-25-115,676244,33.55,35.075,1.53,1,,ALS,PIL-089,HE25108557 - Finalized,14/04/2025,Chips_QuarterSplit,8.83,Yuvitza.Davila,14/04/2025,,,,8.84
JES-25-115,676245,35.075,36.6,1.53,1,,ALS,PIL-089,HE25108557 - Finalized,14/04/2025,Chips_QuarterSplit,6.78,Yuvitza.Davila,14/04/2025,,,,6.79
JES-25-115,676246,36.6,38.125,1.53,1,,ALS,PIL-089,HE25108557 - Finalized,14/04/2025,Chips_QuarterSplit,8.785,Yuvitza.Davila,14/04/2025,,,,8.79
JES-25-115,676247,38.125,39.65,1.53,1,,ALS,PIL-089,HE25108557 - Finalized,14/04/2025,Chips_QuarterSplit,8.69,Yuvitza.Davila,14/04/2025,,,,8.72
JES-25-115,676248,39.65,41.175,1.53,1,,ALS,PIL-089,HE25108557 - Finalized,14/04/2025,Chips_QuarterSplit,7.8,Yuvitza.Davila,14/04/2025,,,,7.81
JES-25-115,676249,41.175,42.7,1.53,1,,ALS,PIL-089,HE25108557 - Finalized,14/04/2025,Chips_QuarterSplit,8.82,Yuvitza.Davila,14/04/2025,,,,8.83
JES-25-115,676250,42.7,44.225,1.53,1,,ALS,PIL-089,HE25108557 - Finalized,14/04/2025,Chips_QuarterSplit,6.635,Yuvitza.Davila,14/04/2025,,,,6.64
JES-25-115,676251,44.225,45.75,1.53,1,,ALS,PIL-089,HE25108557 - Finalized,14/04/2025,Chips_QuarterSplit,8.82,Yuvitza.Davila,14/04/2025,,,,8.83
JES-25-115,676252,45.75,47.275,1.53,1,,ALS,PIL-089,HE25108557 - Finalized,14/04/2025,Chips_QuarterSplit,6.075,Yuvitza.Davila,14/04/2025,,,,6.07
JES-25-115,676253,47.275,48.8,1.53,1,,ALS,PIL-089,HE25108557 - Finalized,14/04/2025,Chips_QuarterSplit,7.305,Yuvitza.Davila,14/04/2025,,,,7.3
JES-25-115,676254,48.8,50.325,1.53,1,,ALS,PIL-089,HE25108557 - Finalized,14/04/2025,Chips_QuarterSplit,7.085,Yuvitza.Davila,14/04/2025,,,,7.09
JES-25-115,676257,50.325,51.85,1.53,1,,ALS,PIL-089,HE25108557 - Finalized,14/04/2025,Chips_QuarterSplit,7.015,Yuvitza.Davila,14/04/2025,,,,7.02
JES-25-115,676258,51.85,53.375,1.53,1,,ALS,PIL-089,HE25108557 - Finalized,14/04/2025,Chips_QuarterSplit,8.135,Yuvitza.Davila,14/04/2025,,,,8.15
JES-25-115,676259,53.375,54.9,1.53,1,,ALS,PIL-089,HE25108557 - Finalized,14/04/2025,Chips_QuarterSplit,5.665,Yuvitza.Davila,14/04/2025,,,,5.67
JES-25-115,676260,54.9,56.425,1.53,1,,ALS,PIL-089,HE25108557 - Finalized,14/04/2025,Chips_QuarterSplit,6.765,Yuvitza.Davila,14/04/2025,,,,6.77
JES-25-115,676261,56.425,57.95,1.53,1,,ALS,PIL-089,HE25108557 - Finalized,14/04/2025,Chips_QuarterSplit,5.51,Yuvitza.Davila,14/04/2025,,,,5.51
JES-25-115,676262,57.95,59.475,1.53,1,,ALS,PIL-089,HE25108557 - Finalized,14/04/2025,Chips_QuarterSplit,5.825,Yuvitza.Davila,14/04/2025,,,,5.84
JES-25-115,676263,59.475,61,1.53,1,,ALS,PIL-089,HE25108557 - Finalized,14/04/2025,Chips_QuarterSplit,6.98,Yuvitza.Davila,14/04/2025,,,,7.01
JES-25-115,676264,61,62.525,1.53,1,,ALS,PIL-089,HE25108557 - Finalized,14/04/2025,Chips_QuarterSplit,5.83,Yuvitza.Davila,14/04/2025,,,,5.83
JES-25-115,676265,62.525,64.05,1.53,1,,ALS,PIL-089,HE25108557 - Finalized,14/04/2025,Chips_QuarterSplit,5.62,Yuvitza.Davila,14/04/2025,,,,5.63
JES-25-115,676266,64.05,65.575,1.53,1,,ALS,PIL-089,HE25108557 - Finalized,14/04/2025,Chips_QuarterSplit,6.155,Yuvitza.Davila,14/04/2025,,,,6.15
JES-25-115,676267,65.575,67.1,1.52,1,,ALS,PIL-089,HE25108557 - Finalized,14/04/2025,Chips_QuarterSplit,8,Yuvitza.Davila,14/04/2025,,,,8.01
JES-25-115,676268,67.1,68.625,1.53,1,,ALS,PIL-089,HE25108557 - Finalized,14/04/2025,Chips_QuarterSplit,6.69,Yuvitza.Davila,14/04/2025,,,,6.69
JES-25-115,676269,68.625,70.15,1.53,1,,ALS,PIL-089,HE25108557 - Finalized,14/04/2025,Chips_QuarterSplit,7.57,Yuvitza.Davila,14/04/2025,,,,7.58
JES-25-115,676270,70.15,71.675,1.52,1,,ALS,PIL-089,HE25108557 - Finalized,14/04/2025,Chips_QuarterSplit,7.63,Yuvitza.Davila,14/04/2025,,,,7.64
JES-25-115,676271,71.675,73.2,1.53,1,,ALS,PIL-089,HE25108557 - Finalized,14/04/2025,Chips_QuarterSplit,9.25,Yuvitza.Davila,14/04/2025,,,,9.28
JES-25-115,676272,73.2,74.725,1.52,1,,ALS,PIL-089,HE25108557 - Finalized,14/04/2025,Chips_QuarterSplit,8.7,Yuvitza.Davila,14/04/2025,,,,8.72
JES-25-115,676273,74.725,76.25,1.53,1,,ALS,PIL-089,HE25108557 - Finalized,14/04/2025,Chips_QuarterSplit,7.67,Yuvitza.Davila,14/04/2025,,,,7.68
JES-25-115,676275,76.25,77.775,1.53,1,,ALS,PIL-089,HE25108557 - Finalized,14/04/2025,Chips_QuarterSplit,7.595,Yuvitza.Davila,14/04/2025,,,,7.6
JES-25-115,676276,77.775,79.3,1.52,1,,ALS,PIL-089,HE25108557 - Finalized,14/04/2025,Chips_QuarterSplit,7.12,Yuvitza.Davila,14/04/2025,,,,7.15
JES-25-115,676277,79.3,80.825,1.53,1,,ALS,PIL-089,HE25108557 - Finalized,14/04/2025,Chips_QuarterSplit,6.255,Yuvitza.Davila,14/04/2025,,,,6.26
JES-25-115,676278,80.825,82.35,1.52,1,,ALS,PIL-089,HE25108557 - Finalized,14/04/2025,Chips_QuarterSplit,8.34,Yuvitza.Davila,14/04/2025,,,,8.36
JES-25-115,676279,82.35,83.875,1.53,1,,ALS,PIL-089,HE25108557 - Finalized,14/04/2025,Chips_QuarterSplit,6.515,Yuvitza.Davila,14/04/2025,,,,6.83
JES-25-115,676280,83.875,85.4,1.53,1,,ALS,PIL-089,HE25108557 - Finalized,14/04/2025,Chips_QuarterSplit,8.03,Yuvitza.Davila,14/04/2025,,,,8.05
JES-25-115,676281,85.4,86.925,1.52,1,,ALS,PIL-089,HE25108557 - Finalized,14/04/2025,Chips_QuarterSplit,6.515,Yuvitza.Davila,14/04/2025,,,,6.54
JES-25-115,676282,86.925,88.45,1.53,1,,ALS,PIL-089,HE25108557 - Finalized,14/04/2025,Chips_QuarterSplit,7.545,Yuvitza.Davila,14/04/2025,,,,7.57
JES-25-115,676283,88.45,89.975,1.52,1,,ALS,PIL-089,HE25108557 - Finalized,14/04/2025,Chips_QuarterSplit,6.56,Yuvitza.Davila,14/04/2025,,,,6.58
JES-25-115,676284,89.975,91.5,1.53,1,,ALS,PIL-089,HE25108557 - Finalized,14/04/2025,Chips_QuarterSplit,7.39,Yuvitza.Davila,14/04/2025,,,,7.42
JES-25-115,676285,91.5,93.025,1.53,1,,ALS,PIL-089,HE25108557 - Finalized,14/04/2025,Chips_QuarterSplit,8.33,Yuvitza.Davila,14/04/2025,,,,8.35
JES-25-115,676286,93.025,94.55,1.52,1,,ALS,PIL-089,HE25108557 - Finalized,14/04/2025,Chips_QuarterSplit,7.665,Yuvitza.Davila,14/04/2025,,,,7.69
JES-25-115,676287,94.55,96.075,1.53,1,,ALS,PIL-089,HE25108557 - Finalized,14/04/2025,Chips_QuarterSplit,7.35,Yuvitza.Davila,14/04/2025,,,,7.39
JES-25-115,676288,96.075,97.6,1.52,1,,ALS,PIL-089,HE25108557 - Finalized,14/04/2025,Chips_QuarterSplit,8.155,Yuvitza.Davila,14/04/2025,,,,8.19
JES-25-115,676289,97.6,99.125,1.53,1,,ALS,PIL-089,HE25108557 - Finalized,14/04/2025,Chips_QuarterSplit,6.485,Yuvitza.Davila,14/04/2025,,,,6.51
JES-25-115,676290,99.125,100.65,1.53,1,,ALS,PIL-089,HE25108557 - Finalized,14/04/2025,Chips_QuarterSplit,6.93,Yuvitza.Davila,14/04/2025,,,,6.96
JES-25-115,676292,100.65,102.175,1.52,1,,ALS,PIL-089,HE25108557 - Finalized,14/04/2025,Chips_QuarterSplit,8.89,Yuvitza.Davila,14/04/2025,,,,8.94
JES-25-115,676293,102.175,103.7,1.53,1,,ALS,PIL-089,HE25108557 - Finalized,14/04/2025,Chips_QuarterSplit,7.71,Yuvitza.Davila,14/04/2025,,,,7.74
JES-25-115,676294,103.7,105.225,1.52,1,,ALS,PIL-089,HE25108557 - Finalized,14/04/2025,Chips_QuarterSplit,6.475,Yuvitza.Davila,14/04/2025,,,,6.44
JES-25-115,676295,105.225,106.75,1.53,1,,ALS,PIL-089,HE25108557 - Finalized,14/04/2025,Chips_QuarterSplit,7.89,Yuvitza.Davila,14/04/2025,,,,7.99
JES-25-115,676296,106.75,108.275,1.53,1,,ALS,PIL-089,HE25108557 - Finalized,14/04/2025,Chips_QuarterSplit,6.725,Yuvitza.Davila,14/04/2025,,,,6.71
JES-25-115,676297,108.275,109.8,1.52,1,,ALS,PIL-089,HE25108557 - Finalized,14/04/2025,Chips_QuarterSplit,8.115,Yuvitza.Davila,14/04/2025,,,,8.13
JES-25-115,676298,109.8,111.325,1.53,1,,ALS,PIL-089,HE25108557 - Finalized,14/04/2025,Chips_QuarterSplit,7.825,Yuvitza.Davila,14/04/2025,,,,7.85
JES-25-115,676299,111.325,112.85,1.52,1,,ALS,PIL-089,HE25108557 - Finalized,14/04/2025,Chips_QuarterSplit,7.735,Yuvitza.Davila,14/04/2025,,,,7.74
JES-25-115,676300,112.85,114.375,1.53,1,,ALS,PIL-089,HE25108557 - Finalized,14/04/2025,Chips_QuarterSplit,8.95,Yuvitza.Davila,14/04/2025,,,,8.96
JES-25-115,676301,114.375,115.9,1.53,1,,ALS,PIL-089,HE25108557 - Finalized,14/04/2025,Chips_QuarterSplit,7.585,Yuvitza.Davila,14/04/2025,,,,7.6
JES-25-115,676302,115.9,117.425,1.52,1,,ALS,PIL-089,HE25108557 - Finalized,14/04/2025,Chips_QuarterSplit,6.705,Yuvitza.Davila,14/04/2025,,,,6.71
JES-25-115,676303,117.425,118.95,1.53,1,,ALS,PIL-089,HE25108557 - Finalized,14/04/2025,Chips_QuarterSplit,9.96,Yuvitza.Davila,14/04/2025,,,,9.98
JES-25-115,676304,118.95,120.475,1.52,1,,ALS,PIL-089,HE25108557 - Finalized,14/04/2025,Chips_QuarterSplit,9.1,Yuvitza.Davila,14/04/2025,,,,9.11
JES-25-115,676305,120.475,122,1.53,1,,ALS,PIL-089,HE25108557 - Finalized,14/04/2025,Chips_QuarterSplit,8.415,Yuvitza.Davila,14/04/2025,,,,8.43
JES-25-115,676306,122,123.525,1.53,1,,ALS,PIL-089,HE25108557 - Finalized,14/04/2025,Chips_QuarterSplit,9.18,Yuvitza.Davila,14/04/2025,,,,9.2
JES-25-115,676307,123.525,125.05,1.52,1,,ALS,PIL-089,HE25108557 - Finalized,14/04/2025,Chips_QuarterSplit,9.305,Yuvitza.Davila,14/04/2025,,,,9.32
JES-25-115,676308,125.05,126.575,1.53,1,,ALS,PIL-089,HE25108557 - Finalized,14/04/2025,Chips_QuarterSplit,8.165,Yuvitza.Davila,14/04/2025,,,,8.18
JES-25-115,676309,126.575,128.1,1.52,1,,ALS,PIL-089,HE25108557 - Finalized,14/04/2025,Chips_QuarterSplit,9.14,Yuvitza.Davila,14/04/2025,,,,9.15
JES-25-115,676310,128.1,129.625,1.53,1,,ALS,PIL-089,HE25108557 - Finalized,14/04/2025,Chips_QuarterSplit,6.905,Yuvitza.Davila,14/04/2025,,,,6.91
JES-25-115,676311,129.625,131.15,1.53,1,,ALS,PIL-089,HE25108557 - Finalized,14/04/2025,Chips_QuarterSplit,9.575,Yuvitza.Davila,14/04/2025,,,,9.58
JES-25-115,676312,131.15,132.675,1.53,1,,ALS,PIL-089,HE25108557 - Finalized,14/04/2025,Chips_QuarterSplit,7.875,Yuvitza.Davila,14/04/2025,,,,7.87
JES-25-115,676314,132.675,134.2,1.52,1,,ALS,PIL-089,HE25108557 - Finalized,14/04/2025,Chips_QuarterSplit,8.785,Yuvitza.Davila,14/04/2025,,,,8.79
JES-25-115,676315,134.2,135.725,1.53,1,,ALS,PIL-089,HE25108557 - Finalized,14/04/2025,Chips_QuarterSplit,8.77,Yuvitza.Davila,14/04/2025,,,,8.17
JES-25-115,676316,135.725,137.25,1.53,1,,ALS,PIL-089,HE25108557 - Finalized,14/04/2025,Chips_QuarterSplit,8.75,Yuvitza.Davila,14/04/2025,,,,8.76
JES-25-115,676317,137.25,138.775,1.53,1,,ALS,PIL-089,HE25108557 - Finalized,14/04/2025,Chips_QuarterSplit,8.04,Yuvitza.Davila,14/04/2025,,,,8.05
JES-25-115,676318,138.775,140.3,1.53,1,,ALS,PIL-089,HE25108557 - Finalized,14/04/2025,Chips_QuarterSplit,8.535,Yuvitza.Davila,14/04/2025,,,,8.55
JES-25-115,676319,140.3,141.825,1.52,1,,ALS,PIL-089,HE25108557 - Finalized,14/04/2025,Chips_QuarterSplit,7.83,Yuvitza.Davila,14/04/2025,,,,7.84
JES-25-115,676320,141.825,143.35,1.53,1,,ALS,PIL-089,HE25108557 - Finalized,14/04/2025,Chips_QuarterSplit,8.93,Yuvitza.Davila,14/04/2025,,,,8.96
JES-25-115,676321,143.35,144.875,1.53,1,,ALS,PIL-089,HE25108557 - Finalized,14/04/2025,Chips_QuarterSplit,9.805,Yuvitza.Davila,14/04/2025,,,,9.81
JES-25-115,676322,144.875,146.4,1.53,1,,ALS,PIL-089,HE25108557 - Finalized,14/04/2025,Chips_QuarterSplit,11.71,Yuvitza.Davila,14/04/2025,,,,11.72
JES-25-115,676323,146.4,147.925,1.53,1,,ALS,PIL-089,HE25108557 - Finalized,14/04/2025,Chips_QuarterSplit,8.855,Yuvitza.Davila,14/04/2025,,,,8.46
JES-25-115,676324,147.925,149.45,1.52,1,,ALS,PIL-089,HE25108557 - Finalized,14/04/2025,Chips_QuarterSplit,9.035,Yuvitza.Davila,14/04/2025,,,,9.05
JES-25-115,676325,149.45,150.975,1.53,1,,ALS,PIL-089,HE25108557 - Finalized,14/04/2025,Chips_QuarterSplit,10.455,Yuvitza.Davila,14/04/2025,,,,10.46
JES-25-116,676330,0,1.525,1.53,1,,ALS,PIL-090,HE25123306 - Finalized,17/04/2025,Chips_QuarterSplit,1.08,Yuvitza.Davila,17/04/2025,,,,1.08
JES-25-116,676331,1.525,3.05,1.53,1,,ALS,PIL-090,HE25123306 - Finalized,17/04/2025,Chips_QuarterSplit,2.475,Yuvitza.Davila,17/04/2025,,,,2.46
JES-25-116,676332,3.05,4.575,1.53,1,,ALS,PIL-090,HE25123306 - Finalized,17/04/2025,Chips_QuarterSplit,5.015,Yuvitza.Davila,17/04/2025,,,,5.02
JES-25-116,676333,4.575,6.1,1.53,1,,ALS,PIL-090,HE25123306 - Finalized,17/04/2025,Chips_QuarterSplit,9.555,Yuvitza.Davila,17/04/2025,,,,9.56
JES-25-116,676334,6.1,7.625,1.53,1,,ALS,PIL-090,HE25123306 - Finalized,17/04/2025,Chips_QuarterSplit,8.335,Yuvitza.Davila,17/04/2025,,,,8.34
JES-25-116,676335,7.625,9.15,1.53,1,,ALS,PIL-090,HE25123306 - Finalized,17/04/2025,Chips_QuarterSplit,10.295,Yuvitza.Davila,17/04/2025,,,,10.32
JES-25-116,676336,9.15,10.675,1.53,1,,ALS,PIL-090,HE25123306 - Finalized,17/04/2025,Chips_QuarterSplit,11.015,Yuvitza.Davila,17/04/2025,,,,11.02
JES-25-116,676337,10.675,12.2,1.53,1,,ALS,PIL-090,HE25123306 - Finalized,17/04/2025,Chips_QuarterSplit,10.935,Yuvitza.Davila,17/04/2025,,,,10.94
JES-25-116,676338,12.2,13.725,1.53,1,,ALS,PIL-090,HE25123306 - Finalized,17/04/2025,Chips_QuarterSplit,10.06,Yuvitza.Davila,17/04/2025,,,,10.08
JES-25-116,676339,13.725,15.25,1.53,1,,ALS,PIL-090,HE25123306 - Finalized,17/04/2025,Chips_QuarterSplit,11.555,Yuvitza.Davila,17/04/2025,,,,11.56
JES-25-116,676340,15.25,16.775,1.53,1,,ALS,PIL-090,HE25123306 - Finalized,17/04/2025,Chips_QuarterSplit,10.125,Yuvitza.Davila,17/04/2025,,,,10.12
JES-25-116,676341,16.775,18.3,1.53,1,,ALS,PIL-090,HE25123306 - Finalized,17/04/2025,Chips_QuarterSplit,9.81,Yuvitza.Davila,17/04/2025,,,,9.82
JES-25-116,676342,18.3,19.825,1.53,1,,ALS,PIL-090,HE25123306 - Finalized,17/04/2025,Chips_QuarterSplit,8.64,Yuvitza.Davila,17/04/2025,,,,8.64
JES-25-116,676343,19.825,21.35,1.53,1,,ALS,PIL-090,HE25123306 - Finalized,17/04/2025,Chips_QuarterSplit,8.06,Yuvitza.Davila,17/04/2025,,,,8.08
JES-25-116,676345,21.35,22.875,1.53,1,,ALS,PIL-090,HE25123306 - Finalized,17/04/2025,Chips_QuarterSplit,8.33,Yuvitza.Davila,17/04/2025,,,,8.34
JES-25-116,676346,22.875,24.4,1.53,1,,ALS,PIL-090,HE25123306 - Finalized,17/04/2025,Chips_QuarterSplit,9.32,Yuvitza.Davila,17/04/2025,,,,9.34
JES-25-116,676347,24.4,25.925,1.53,1,,ALS,PIL-090,HE25123306 - Finalized,17/04/2025,Chips_QuarterSplit,9.235,Yuvitza.Davila,17/04/2025,,,,9.26
JES-25-116,676348,25.925,27.45,1.53,1,,ALS,PIL-090,HE25123306 - Finalized,17/04/2025,Chips_QuarterSplit,9.05,Yuvitza.Davila,17/04/2025,,,,9.06
JES-25-116,676349,27.45,28.975,1.53,1,,ALS,PIL-090,HE25123306 - Finalized,17/04/2025,Chips_QuarterSplit,5.485,Yuvitza.Davila,17/04/2025,,,,5.5
JES-25-116,676350,28.975,30.5,1.53,1,,ALS,PIL-090,HE25123306 - Finalized,17/04/2025,Chips_QuarterSplit,8.985,Yuvitza.Davila,17/04/2025,,,,9
JES-25-116,676351,30.5,32.025,1.53,1,,ALS,PIL-090,HE25123306 - Finalized,17/04/2025,Chips_QuarterSplit,9.325,Yuvitza.Davila,17/04/2025,,,,9.32
JES-25-116,676352,32.025,33.55,1.53,1,,ALS,PIL-090,HE25123306 - Finalized,17/04/2025,Chips_QuarterSplit,10.86,Yuvitza.Davila,17/04/2025,,,,10.86
JES-25-116,676353,33.55,35.075,1.53,1,,ALS,PIL-090,HE25123306 - Finalized,17/04/2025,Chips_QuarterSplit,10.295,Yuvitza.Davila,17/04/2025,,,,10.3
JES-25-116,676354,35.075,36.6,1.53,1,,ALS,PIL-090,HE25123306 - Finalized,17/04/2025,Chips_QuarterSplit,10.695,Yuvitza.Davila,17/04/2025,,,,10.7
JES-25-116,676355,36.6,38.125,1.53,1,,ALS,PIL-090,HE25123306 - Finalized,17/04/2025,Chips_QuarterSplit,10,Yuvitza.Davila,17/04/2025,,,,10
JES-25-116,676356,38.125,39.65,1.53,1,,ALS,PIL-090,HE25123306 - Finalized,17/04/2025,Chips_QuarterSplit,10.9,Yuvitza.Davila,17/04/2025,,,,10.9
JES-25-116,676357,39.65,41.175,1.53,1,,ALS,PIL-090,HE25123306 - Finalized,17/04/2025,Chips_QuarterSplit,11.77,Yuvitza.Davila,17/04/2025,,,,11.8
JES-25-116,676358,41.175,42.7,1.53,1,,ALS,PIL-090,HE25123306 - Finalized,17/04/2025,Chips_QuarterSplit,7.95,Yuvitza.Davila,17/04/2025,,,,7.96
JES-25-116,676359,42.7,44.225,1.53,1,,ALS,PIL-090,HE25123306 - Finalized,17/04/2025,Chips_QuarterSplit,12.205,Yuvitza.Davila,17/04/2025,,,,12.2
JES-25-116,676360,44.225,45.75,1.53,1,,ALS,PIL-090,HE25123306 - Finalized,17/04/2025,Chips_QuarterSplit,10.035,Yuvitza.Davila,17/04/2025,,,,10.04
JES-25-116,676361,45.75,47.275,1.53,1,,ALS,PIL-090,HE25123306 - Finalized,17/04/2025,Chips_QuarterSplit,11.015,Yuvitza.Davila,17/04/2025,,,,11.02
JES-25-116,676362,47.275,48.8,1.53,1,,ALS,PIL-090,HE25123306 - Finalized,17/04/2025,Chips_QuarterSplit,8.595,Yuvitza.Davila,17/04/2025,,,,8.6
JES-25-116,676363,48.8,50.325,1.53,1,,ALS,PIL-090,HE25123306 - Finalized,17/04/2025,Chips_QuarterSplit,10.18,Yuvitza.Davila,17/04/2025,,,,10.18
JES-25-116,676366,50.325,51.85,1.53,1,,ALS,PIL-090,HE25123306 - Finalized,17/04/2025,Chips_QuarterSplit,12.21,Yuvitza.Davila,17/04/2025,,,,12.22
JES-25-116,676367,51.85,53.375,1.53,1,,ALS,PIL-090,HE25123306 - Finalized,17/04/2025,Chips_QuarterSplit,8.68,Yuvitza.Davila,17/04/2025,,,,8.68
JES-25-116,676368,53.375,54.9,1.53,1,,ALS,PIL-090,HE25123306 - Finalized,17/04/2025,Chips_QuarterSplit,10.595,Yuvitza.Davila,17/04/2025,,,,10.5
JES-25-116,676369,54.9,56.425,1.53,1,,ALS,PIL-090,HE25123306 - Finalized,17/04/2025,Chips_QuarterSplit,11.335,Yuvitza.Davila,17/04/2025,,,,11.36
JES-25-116,676370,56.425,57.95,1.53,1,,ALS,PIL-090,HE25123306 - Finalized,17/04/2025,Chips_QuarterSplit,9.295,Yuvitza.Davila,17/04/2025,,,,9.3
JES-25-116,676371,57.95,59.475,1.53,1,,ALS,PIL-090,HE25123306 - Finalized,17/04/2025,Chips_QuarterSplit,11.095,Yuvitza.Davila,17/04/2025,,,,11.1
JES-25-116,676372,59.475,61,1.53,1,,ALS,PIL-090,HE25123306 - Finalized,17/04/2025,Chips_QuarterSplit,10.215,Yuvitza.Davila,17/04/2025,,,,10.22
JES-25-116,676373,61,62.525,1.53,1,,ALS,PIL-090,HE25123306 - Finalized,17/04/2025,Chips_QuarterSplit,8.605,Yuvitza.Davila,17/04/2025,,,,8.62
JES-25-116,676374,62.525,64.05,1.53,1,,ALS,PIL-090,HE25123306 - Finalized,17/04/2025,Chips_QuarterSplit,8.015,Yuvitza.Davila,17/04/2025,,,,8.02
JES-25-116,676375,64.05,65.575,1.53,1,,ALS,PIL-090,HE25123306 - Finalized,17/04/2025,Chips_QuarterSplit,8.72,Yuvitza.Davila,17/04/2025,,,,8.74
JES-25-116,676376,65.575,67.1,1.52,1,,ALS,PIL-090,HE25123306 - Finalized,17/04/2025,Chips_QuarterSplit,12.19,Yuvitza.Davila,17/04/2025,,,,12.22
JES-25-116,676377,67.1,68.625,1.53,1,,ALS,PIL-090,HE25123306 - Finalized,17/04/2025,Chips_QuarterSplit,13.615,Yuvitza.Davila,17/04/2025,,,,13.62
JES-25-116,676378,68.625,70.15,1.53,1,,ALS,PIL-090,HE25123306 - Finalized,17/04/2025,Chips_QuarterSplit,9.33,Yuvitza.Davila,17/04/2025,,,,9.34
JES-25-116,676379,70.15,71.675,1.52,1,,ALS,PIL-090,HE25123306 - Finalized,17/04/2025,Chips_QuarterSplit,11.65,Yuvitza.Davila,17/04/2025,,,,11.68
JES-25-116,676380,71.675,73.2,1.53,1,,ALS,PIL-090,HE25123306 - Finalized,17/04/2025,Chips_QuarterSplit,10.735,Yuvitza.Davila,17/04/2025,,,,10.76
JES-25-116,676381,73.2,74.725,1.52,1,,ALS,PIL-090,HE25123306 - Finalized,17/04/2025,Chips_QuarterSplit,10.35,Yuvitza.Davila,17/04/2025,,,,10.36
JES-25-116,676382,74.725,76.25,1.53,1,,ALS,PIL-090,HE25123306 - Finalized,17/04/2025,Chips_QuarterSplit,10.065,Yuvitza.Davila,17/04/2025,,,,10.08
JES-25-116,676384,76.25,77.775,1.53,1,,ALS,PIL-090,HE25123306 - Finalized,17/04/2025,Chips_QuarterSplit,10.16,Yuvitza.Davila,17/04/2025,,,,10.18
JES-25-116,676385,77.775,79.3,1.52,1,,ALS,PIL-090,HE25123306 - Finalized,17/04/2025,Chips_QuarterSplit,8.935,Yuvitza.Davila,17/04/2025,,,,8.96
JES-25-116,676386,79.3,80.825,1.53,1,,ALS,PIL-090,HE25123306 - Finalized,17/04/2025,Chips_QuarterSplit,10.23,Yuvitza.Davila,17/04/2025,,,,10.28
JES-25-116,676387,80.825,82.35,1.52,1,,ALS,PIL-090,HE25123306 - Finalized,17/04/2025,Chips_QuarterSplit,10.07,Yuvitza.Davila,17/04/2025,,,,10.08
JES-25-116,676388,82.35,83.875,1.53,1,,ALS,PIL-090,HE25123306 - Finalized,17/04/2025,Chips_QuarterSplit,11.37,Yuvitza.Davila,17/04/2025,,,,11.38
JES-25-116,676389,83.875,85.4,1.53,1,,ALS,PIL-090,HE25123306 - Finalized,17/04/2025,Chips_QuarterSplit,10.32,Yuvitza.Davila,17/04/2025,,,,10.34
JES-25-116,676390,85.4,86.925,1.52,1,,ALS,PIL-090,HE25123306 - Finalized,17/04/2025,Chips_QuarterSplit,9.44,Yuvitza.Davila,17/04/2025,,,,9.44
JES-25-116,676391,86.925,88.45,1.53,1,,ALS,PIL-090,HE25123306 - Finalized,17/04/2025,Chips_QuarterSplit,10.015,Yuvitza.Davila,17/04/2025,,,,10.04
JES-25-116,676392,88.45,89.975,1.52,1,,ALS,PIL-090,HE25123306 - Finalized,17/04/2025,Chips_QuarterSplit,11.185,Yuvitza.Davila,17/04/2025,,,,10.94
JES-25-116,676393,89.975,91.5,1.53,1,,ALS,PIL-090,HE25123306 - Finalized,17/04/2025,Chips_QuarterSplit,10.335,Yuvitza.Davila,17/04/2025,,,,10.34
JES-25-116,676394,91.5,93.025,1.53,1,,ALS,PIL-090,HE25123306 - Finalized,17/04/2025,Chips_QuarterSplit,10.93,Yuvitza.Davila,17/04/2025,,,,10.96
JES-25-116,676395,93.025,94.55,1.52,1,,ALS,PIL-090,HE25123306 - Finalized,17/04/2025,Chips_QuarterSplit,10.98,Yuvitza.Davila,17/04/2025,,,,11
JES-25-116,676396,94.55,96.075,1.53,1,,ALS,PIL-090,HE25123306 - Finalized,17/04/2025,Chips_QuarterSplit,11.665,Yuvitza.Davila,17/04/2025,,,,11.66
JES-25-116,676397,96.075,97.6,1.52,1,,ALS,PIL-090,HE25123306 - Finalized,17/04/2025,Chips_QuarterSplit,9.86,Yuvitza.Davila,17/04/2025,,,,9.88
JES-25-116,676398,97.6,99.125,1.53,1,,ALS,PIL-090,HE25123306 - Finalized,17/04/2025,Chips_QuarterSplit,11.895,Yuvitza.Davila,17/04/2025,,,,11.9
JES-25-116,676399,99.125,100.65,1.53,1,,ALS,PIL-090,HE25123306 - Finalized,17/04/2025,Chips_QuarterSplit,10.435,Yuvitza.Davila,17/04/2025,,,,10.46
JES-25-116,676401,100.65,102.175,1.52,1,,ALS,PIL-090,HE25123306 - Finalized,17/04/2025,Chips_QuarterSplit,9.895,Yuvitza.Davila,17/04/2025,,,,9.9
JES-25-116,676402,102.175,103.7,1.53,1,,ALS,PIL-090,HE25123306 - Finalized,17/04/2025,Chips_QuarterSplit,9.85,Yuvitza.Davila,17/04/2025,,,,9.86
JES-25-116,676403,103.7,105.225,1.52,1,,ALS,PIL-090,HE25123306 - Finalized,17/04/2025,Chips_QuarterSplit,8.825,Yuvitza.Davila,17/04/2025,,,,8.84
JES-25-116,676404,105.225,106.75,1.53,1,,ALS,PIL-090,HE25123306 - Finalized,17/04/2025,Chips_QuarterSplit,11.825,Yuvitza.Davila,17/04/2025,,,,11.84
JES-25-116,676405,106.75,108.275,1.53,1,,ALS,PIL-090,HE25123306 - Finalized,17/04/2025,Chips_QuarterSplit,10.365,Yuvitza.Davila,17/04/2025,,,,10.38
JES-25-116,676406,108.275,109.8,1.52,1,,ALS,PIL-090,HE25123306 - Finalized,17/04/2025,Chips_QuarterSplit,9.655,Yuvitza.Davila,17/04/2025,,,,9.66
JES-25-116,676407,109.8,111.325,1.53,1,,ALS,PIL-090,HE25123306 - Finalized,17/04/2025,Chips_QuarterSplit,9.42,Yuvitza.Davila,17/04/2025,,,,9.44
JES-25-116,676408,111.325,112.85,1.52,1,,ALS,PIL-090,HE25123306 - Finalized,17/04/2025,Chips_QuarterSplit,10.445,Yuvitza.Davila,17/04/2025,,,,10.44
JES-25-116,676409,112.85,114.375,1.53,1,,ALS,PIL-090,HE25123306 - Finalized,17/04/2025,Chips_QuarterSplit,9.585,Yuvitza.Davila,17/04/2025,,,,9.6
JES-25-116,676410,114.375,115.9,1.53,1,,ALS,PIL-090,HE25123306 - Finalized,17/04/2025,Chips_QuarterSplit,11.23,Yuvitza.Davila,17/04/2025,,,,11.26
JES-25-116,676411,115.9,117.425,1.52,1,,ALS,PIL-090,HE25123306 - Finalized,17/04/2025,Chips_QuarterSplit,11.83,Yuvitza.Davila,17/04/2025,,,,10.84
JES-25-116,676412,117.425,118.95,1.53,1,,ALS,PIL-090,HE25123306 - Finalized,17/04/2025,Chips_QuarterSplit,10.59,Yuvitza.Davila,17/04/2025,,,,10.6
JES-25-116,676413,118.95,120.475,1.52,1,,ALS,PIL-090,HE25123306 - Finalized,17/04/2025,Chips_QuarterSplit,12.02,Yuvitza.Davila,17/04/2025,,,,12.04
JES-25-116,676414,120.475,122,1.53,1,,ALS,PIL-090,HE25123306 - Finalized,17/04/2025,Chips_QuarterSplit,10.975,Yuvitza.Davila,17/04/2025,,,,10.92
JES-25-116,676415,122,123.525,1.53,1,,ALS,PIL-090,HE25123306 - Finalized,17/04/2025,Chips_QuarterSplit,10.635,Yuvitza.Davila,17/04/2025,,,,10.64
JES-25-116,676416,123.525,125.05,1.52,1,,ALS,PIL-090,HE25123306 - Finalized,17/04/2025,Chips_QuarterSplit,12.29,Yuvitza.Davila,17/04/2025,,,,12.32
JES-25-116,676417,125.05,126.575,1.53,1,,ALS,PIL-090,HE25123306 - Finalized,17/04/2025,Chips_QuarterSplit,13.025,Yuvitza.Davila,17/04/2025,,,,13.04
JES-25-116,676418,126.575,128.1,1.52,1,,ALS,PIL-090,HE25123306 - Finalized,17/04/2025,Chips_QuarterSplit,9.765,Yuvitza.Davila,17/04/2025,,,,9.78
JES-25-116,676419,128.1,129.625,1.53,1,,ALS,PIL-090,HE25123306 - Finalized,17/04/2025,Chips_QuarterSplit,10.085,Yuvitza.Davila,17/04/2025,,,,10.08
JES-25-116,676420,129.625,131.15,1.53,1,,ALS,PIL-090,HE25123306 - Finalized,17/04/2025,Chips_QuarterSplit,10.545,Yuvitza.Davila,17/04/2025,,,,10.56
JES-25-116,676421,131.15,132.675,1.53,1,,ALS,PIL-090,HE25123306 - Finalized,17/04/2025,Chips_QuarterSplit,10.365,Yuvitza.Davila,17/04/2025,,,,10.36
JES-25-116,676423,132.675,134.2,1.52,1,,ALS,PIL-090,HE25123306 - Finalized,17/04/2025,Chips_QuarterSplit,10.74,Yuvitza.Davila,17/04/2025,,,,10.74
JES-25-116,676424,134.2,135.725,1.53,1,,ALS,PIL-090,HE25123306 - Finalized,17/04/2025,Chips_QuarterSplit,12.22,Yuvitza.Davila,17/04/2025,,,,12.22
JES-25-116,676425,135.725,137.25,1.53,1,,ALS,PIL-090,HE25123306 - Finalized,17/04/2025,Chips_QuarterSplit,10.785,Yuvitza.Davila,17/04/2025,,,,10.8
JES-25-116,676426,137.25,138.775,1.53,1,,ALS,PIL-090,HE25123306 - Finalized,17/04/2025,Chips_QuarterSplit,10.18,Yuvitza.Davila,17/04/2025,,,,10.18
JES-25-116,676427,138.775,140.3,1.53,1,,ALS,PIL-090,HE25123306 - Finalized,17/04/2025,Chips_QuarterSplit,10.49,Yuvitza.Davila,17/04/2025,,,,10.5
JES-25-116,676428,140.3,141.825,1.52,1,,ALS,PIL-090,HE25123306 - Finalized,17/04/2025,Chips_QuarterSplit,10.64,Yuvitza.Davila,17/04/2025,,,,10.64
JES-25-116,676429,141.825,143.35,1.53,1,,ALS,PIL-090,HE25123306 - Finalized,17/04/2025,Chips_QuarterSplit,10.955,Yuvitza.Davila,17/04/2025,,,,10.96
JES-25-116,676430,143.35,144.875,1.53,1,,ALS,PIL-090,HE25123306 - Finalized,17/04/2025,Chips_QuarterSplit,11.805,Yuvitza.Davila,17/04/2025,,,,11.82
JES-25-116,676431,144.875,146.4,1.53,1,,ALS,PIL-090,HE25123306 - Finalized,17/04/2025,Chips_QuarterSplit,10.665,Yuvitza.Davila,17/04/2025,,,,10.68
JES-25-116,676432,146.4,147.925,1.53,1,,ALS,PIL-090,HE25123306 - Finalized,17/04/2025,Chips_QuarterSplit,11.41,Yuvitza.Davila,17/04/2025,,,,11.42
JES-25-116,676433,147.925,149.45,1.52,1,,ALS,PIL-090,HE25123306 - Finalized,17/04/2025,Chips_QuarterSplit,9.44,Yuvitza.Davila,17/04/2025,,,,9.44
JES-25-116,676434,149.45,150.975,1.53,1,,ALS,PIL-090,HE25123306 - Finalized,17/04/2025,Chips_QuarterSplit,10.615,Yuvitza.Davila,17/04/2025,,,,10.64
JES-25-117,676439,0,1.525,1.53,1,,ALS,PIL-091,HE25123308 - Finalized,21/04/2025,Chips_QuarterSplit,1.046,Yuvitza.Davila,21/04/2025,,,,1.04
JES-25-117,676440,1.525,3.05,1.53,1,,ALS,PIL-091,HE25123308 - Finalized,21/04/2025,Chips_QuarterSplit,5.44,Yuvitza.Davila,21/04/2025,,,,5.48
JES-25-117,676441,3.05,4.575,1.53,1,,ALS,PIL-091,HE25123308 - Finalized,21/04/2025,Chips_QuarterSplit,2.665,Yuvitza.Davila,21/04/2025,,,,2.68
JES-25-117,676442,4.575,6.1,1.53,1,,ALS,PIL-091,HE25123308 - Finalized,21/04/2025,Chips_QuarterSplit,12.07,Yuvitza.Davila,21/04/2025,,,,12.14
JES-25-117,676443,6.1,7.625,1.53,1,,ALS,PIL-091,HE25123308 - Finalized,21/04/2025,Chips_QuarterSplit,13.325,Yuvitza.Davila,21/04/2025,,,,13.38
JES-25-117,676444,7.625,9.15,1.53,1,,ALS,PIL-091,HE25123308 - Finalized,21/04/2025,Chips_QuarterSplit,11.225,Yuvitza.Davila,21/04/2025,,,,11.32
JES-25-117,676445,9.15,10.675,1.53,1,,ALS,PIL-091,HE25123308 - Finalized,21/04/2025,Chips_QuarterSplit,13.64,Yuvitza.Davila,21/04/2025,,,,14.72
JES-25-117,676446,10.675,12.2,1.53,1,,ALS,PIL-091,HE25123308 - Finalized,21/04/2025,Chips_QuarterSplit,10.87,Yuvitza.Davila,21/04/2025,,,,10.92
JES-25-117,676447,12.2,13.725,1.53,1,,ALS,PIL-091,HE25123308 - Finalized,21/04/2025,Chips_QuarterSplit,11.265,Yuvitza.Davila,21/04/2025,,,,11.3
JES-25-117,676448,13.725,15.25,1.53,1,,ALS,PIL-091,HE25123308 - Finalized,21/04/2025,Chips_QuarterSplit,12.05,Yuvitza.Davila,21/04/2025,,,,12.06
JES-25-117,676449,15.25,16.775,1.53,1,,ALS,PIL-091,HE25123308 - Finalized,21/04/2025,Chips_QuarterSplit,9.55,Yuvitza.Davila,21/04/2025,,,,9.58
JES-25-117,676450,16.775,18.3,1.53,1,,ALS,PIL-091,HE25123308 - Finalized,21/04/2025,Chips_QuarterSplit,11.595,Yuvitza.Davila,21/04/2025,,,,11.64
JES-25-117,676451,18.3,19.825,1.53,1,,ALS,PIL-091,HE25123308 - Finalized,21/04/2025,Chips_QuarterSplit,11.005,Yuvitza.Davila,21/04/2025,,,,11.06
JES-25-117,676452,19.825,21.35,1.53,1,,ALS,PIL-091,HE25123308 - Finalized,21/04/2025,Chips_QuarterSplit,12.965,Yuvitza.Davila,21/04/2025,,,,13.04
JES-25-117,676454,21.35,22.875,1.53,1,,ALS,PIL-091,HE25123308 - Finalized,21/04/2025,Chips_QuarterSplit,12.31,Yuvitza.Davila,21/04/2025,,,,12.4
JES-25-117,676455,22.875,24.4,1.53,1,,ALS,PIL-091,HE25123308 - Finalized,21/04/2025,Chips_QuarterSplit,13.095,Yuvitza.Davila,21/04/2025,,,,13.18
JES-25-117,676456,24.4,25.925,1.53,1,,ALS,PIL-091,HE25123308 - Finalized,21/04/2025,Chips_QuarterSplit,11.315,Yuvitza.Davila,21/04/2025,,,,11.38
JES-25-117,676457,25.925,27.45,1.53,1,,ALS,PIL-091,HE25123308 - Finalized,21/04/2025,Chips_QuarterSplit,12.555,Yuvitza.Davila,21/04/2025,,,,12.62
JES-25-117,676458,27.45,28.975,1.53,1,,ALS,PIL-091,HE25123308 - Finalized,21/04/2025,Chips_QuarterSplit,12.05,Yuvitza.Davila,21/04/2025,,,,12.06
JES-25-117,676459,28.975,30.5,1.53,1,,ALS,PIL-091,HE25123308 - Finalized,21/04/2025,Chips_QuarterSplit,15.395,Yuvitza.Davila,21/04/2025,,,,15.5
JES-25-117,676460,30.5,32.025,1.53,1,,ALS,PIL-091,HE25123308 - Finalized,21/04/2025,Chips_QuarterSplit,12.225,Yuvitza.Davila,21/04/2025,,,,12.28
JES-25-117,676461,32.025,33.55,1.53,1,,ALS,PIL-091,HE25123308 - Finalized,21/04/2025,Chips_QuarterSplit,15.675,Yuvitza.Davila,21/04/2025,,,,15.74
JES-25-117,676462,33.55,35.075,1.53,1,,ALS,PIL-091,HE25123308 - Finalized,21/04/2025,Chips_QuarterSplit,12.425,Yuvitza.Davila,21/04/2025,,,,12.48
JES-25-117,676463,35.075,36.6,1.53,1,,ALS,PIL-091,HE25123308 - Finalized,21/04/2025,Chips_QuarterSplit,13.745,Yuvitza.Davila,21/04/2025,,,,13.82
JES-25-117,676464,36.6,38.125,1.53,1,,ALS,PIL-091,HE25123308 - Finalized,21/04/2025,Chips_QuarterSplit,11.36,Yuvitza.Davila,21/04/2025,,,,11.4
JES-25-117,676465,38.125,39.65,1.53,1,,ALS,PIL-091,HE25123308 - Finalized,21/04/2025,Chips_QuarterSplit,14.135,Yuvitza.Davila,21/04/2025,,,,14.24
JES-25-117,676466,39.65,41.175,1.53,1,,ALS,PIL-091,HE25123308 - Finalized,21/04/2025,Chips_QuarterSplit,7.31,Yuvitza.Davila,21/04/2025,,,,7.34
JES-25-117,676467,41.175,42.7,1.53,1,,ALS,PIL-091,HE25123308 - Finalized,21/04/2025,Chips_QuarterSplit,15.435,Yuvitza.Davila,21/04/2025,,,,14.52
JES-25-117,676468,42.7,44.225,1.53,1,,ALS,PIL-091,HE25123308 - Finalized,21/04/2025,Chips_QuarterSplit,11.145,Yuvitza.Davila,21/04/2025,,,,11.2
JES-25-117,676469,44.225,45.75,1.53,1,,ALS,PIL-091,HE25123308 - Finalized,21/04/2025,Chips_QuarterSplit,13.57,Yuvitza.Davila,21/04/2025,,,,13.64
JES-25-117,676470,45.75,47.275,1.53,1,,ALS,PIL-091,HE25123308 - Finalized,21/04/2025,Chips_QuarterSplit,11.095,Yuvitza.Davila,21/04/2025,,,,11.14
JES-25-117,676471,47.275,48.8,1.53,1,,ALS,PIL-091,HE25123308 - Finalized,21/04/2025,Chips_QuarterSplit,11.095,Yuvitza.Davila,21/04/2025,,,,11.16
JES-25-117,676472,48.8,50.325,1.53,1,,ALS,PIL-091,HE25123308 - Finalized,21/04/2025,Chips_QuarterSplit,10.515,Yuvitza.Davila,21/04/2025,,,,10.56
JES-25-117,676475,50.325,51.85,1.53,1,,ALS,PIL-091,HE25123308 - Finalized,21/04/2025,Chips_QuarterSplit,10.93,Yuvitza.Davila,21/04/2025,,,,11
JES-25-117,676476,51.85,53.375,1.53,1,,ALS,PIL-091,HE25123308 - Finalized,21/04/2025,Chips_QuarterSplit,9.815,Yuvitza.Davila,21/04/2025,,,,9.92
JES-25-117,676477,53.375,54.9,1.53,1,,ALS,PIL-091,HE25123308 - Finalized,21/04/2025,Chips_QuarterSplit,13.39,Yuvitza.Davila,21/04/2025,,,,13.48
JES-25-117,676478,54.9,56.425,1.53,1,,ALS,PIL-091,HE25123308 - Finalized,21/04/2025,Chips_QuarterSplit,10.105,Yuvitza.Davila,21/04/2025,,,,10.16
JES-25-117,676479,56.425,57.95,1.53,1,,ALS,PIL-091,HE25123308 - Finalized,21/04/2025,Chips_QuarterSplit,12.29,Yuvitza.Davila,21/04/2025,,,,12.36
JES-25-117,676480,57.95,59.475,1.53,1,,ALS,PIL-091,HE25123308 - Finalized,21/04/2025,Chips_QuarterSplit,10.575,Yuvitza.Davila,21/04/2025,,,,10.62
JES-25-117,676481,59.475,61,1.53,1,,ALS,PIL-091,HE25123308 - Finalized,21/04/2025,Chips_QuarterSplit,13.34,Yuvitza.Davila,21/04/2025,,,,13.92
JES-25-117,676482,61,62.525,1.53,1,,ALS,PIL-091,HE25123308 - Finalized,21/04/2025,Chips_QuarterSplit,9.99,Yuvitza.Davila,21/04/2025,,,,10.04
JES-25-117,676483,62.525,64.05,1.53,1,,ALS,PIL-091,HE25123308 - Finalized,21/04/2025,Chips_QuarterSplit,10.915,Yuvitza.Davila,21/04/2025,,,,10.96
JES-25-117,676484,64.05,65.575,1.53,1,,ALS,PIL-091,HE25123308 - Finalized,21/04/2025,Chips_QuarterSplit,10.42,Yuvitza.Davila,21/04/2025,,,,10.46
JES-25-117,676485,65.575,67.1,1.52,1,,ALS,PIL-091,HE25123308 - Finalized,21/04/2025,Chips_QuarterSplit,13.015,Yuvitza.Davila,21/04/2025,,,,13.08
JES-25-117,676486,67.1,68.625,1.53,1,,ALS,PIL-091,HE25123308 - Finalized,21/04/2025,Chips_QuarterSplit,11.18,Yuvitza.Davila,21/04/2025,,,,11.22
JES-25-117,676487,68.625,70.15,1.53,1,,ALS,PIL-091,HE25123308 - Finalized,21/04/2025,Chips_QuarterSplit,11.61,Yuvitza.Davila,21/04/2025,,,,11.66
JES-25-117,676488,70.15,71.675,1.52,1,,ALS,PIL-091,HE25123308 - Finalized,21/04/2025,Chips_QuarterSplit,11.115,Yuvitza.Davila,21/04/2025,,,,11.24
JES-25-117,676489,71.675,73.2,1.53,1,,ALS,PIL-091,HE25123308 - Finalized,21/04/2025,Chips_QuarterSplit,14.01,Yuvitza.Davila,21/04/2025,,,,14.14
JES-25-117,676490,73.2,74.725,1.52,1,,ALS,PIL-091,HE25123308 - Finalized,21/04/2025,Chips_QuarterSplit,11.31,Yuvitza.Davila,21/04/2025,,,,11.36
JES-25-117,676491,74.725,76.25,1.53,1,,ALS,PIL-091,HE25123308 - Finalized,21/04/2025,Chips_QuarterSplit,12.065,Yuvitza.Davila,21/04/2025,,,,12.12
JES-25-117,676493,76.25,77.775,1.53,1,,ALS,PIL-091,HE25123308 - Finalized,21/04/2025,Chips_QuarterSplit,11.42,Yuvitza.Davila,21/04/2025,,,,11.48
JES-25-117,676494,77.775,79.3,1.52,1,,ALS,PIL-091,HE25123308 - Finalized,21/04/2025,Chips_QuarterSplit,10.62,Yuvitza.Davila,21/04/2025,,,,10.66
JES-25-117,676495,79.3,80.825,1.53,1,,ALS,PIL-091,HE25123308 - Finalized,21/04/2025,Chips_QuarterSplit,14.185,Yuvitza.Davila,21/04/2025,,,,14.24
JES-25-117,676496,80.825,82.35,1.52,1,,ALS,PIL-091,HE25123308 - Finalized,21/04/2025,Chips_QuarterSplit,8.2,Yuvitza.Davila,21/04/2025,,,,8.32
JES-25-117,676497,82.35,83.875,1.53,1,,ALS,PIL-091,HE25123308 - Finalized,21/04/2025,Chips_QuarterSplit,10.77,Yuvitza.Davila,21/04/2025,,,,10.8
JES-25-117,676498,83.875,85.4,1.53,1,,ALS,PIL-091,HE25123308 - Finalized,21/04/2025,Chips_QuarterSplit,12.865,Yuvitza.Davila,21/04/2025,,,,12.9
JES-25-117,676499,85.4,86.925,1.52,1,,ALS,PIL-091,HE25123308 - Finalized,21/04/2025,Chips_QuarterSplit,9.98,Yuvitza.Davila,21/04/2025,,,,10.02
JES-25-117,676500,86.925,88.45,1.53,1,,ALS,PIL-091,HE25123308 - Finalized,21/04/2025,Chips_QuarterSplit,13.515,Yuvitza.Davila,21/04/2025,,,,13.56
JES-25-117,676501,88.45,89.975,1.52,1,,ALS,PIL-091,HE25123308 - Finalized,21/04/2025,Chips_QuarterSplit,11.225,Yuvitza.Davila,21/04/2025,,,,11.26
JES-25-117,676502,89.975,91.5,1.53,1,,ALS,PIL-091,HE25123308 - Finalized,21/04/2025,Chips_QuarterSplit,11.195,Yuvitza.Davila,21/04/2025,,,,11.24
JES-25-117,676503,91.5,93.025,1.53,1,,ALS,PIL-091,HE25123308 - Finalized,21/04/2025,Chips_QuarterSplit,10.415,Yuvitza.Davila,21/04/2025,,,,10.52
JES-25-117,676504,93.025,94.55,1.52,1,,ALS,PIL-091,HE25123308 - Finalized,21/04/2025,Chips_QuarterSplit,14.925,Yuvitza.Davila,21/04/2025,,,,14.9
JES-25-117,676505,94.55,96.075,1.53,1,,ALS,PIL-091,HE25123308 - Finalized,21/04/2025,Chips_QuarterSplit,13.125,Yuvitza.Davila,21/04/2025,,,,13.2
JES-25-117,676506,96.075,97.6,1.52,1,,ALS,PIL-091,HE25123308 - Finalized,21/04/2025,Chips_QuarterSplit,11.74,Yuvitza.Davila,21/04/2025,,,,11.78
JES-25-117,676507,97.6,99.125,1.53,1,,ALS,PIL-091,HE25123308 - Finalized,21/04/2025,Chips_QuarterSplit,11.785,Yuvitza.Davila,21/04/2025,,,,11.84
JES-25-117,676508,99.125,100.65,1.53,1,,ALS,PIL-091,HE25123308 - Finalized,21/04/2025,Chips_QuarterSplit,13.005,Yuvitza.Davila,21/04/2025,,,,13.06
JES-25-117,676510,100.65,102.175,1.52,1,,ALS,PIL-091,HE25123308 - Finalized,21/04/2025,Chips_QuarterSplit,12.72,Yuvitza.Davila,21/04/2025,,,,12.78
JES-25-117,676511,102.175,103.7,1.53,1,,ALS,PIL-091,HE25123308 - Finalized,21/04/2025,Chips_QuarterSplit,12.765,Yuvitza.Davila,21/04/2025,,,,12.22
JES-25-117,676512,103.7,105.225,1.52,1,,ALS,PIL-091,HE25123308 - Finalized,21/04/2025,Chips_QuarterSplit,10.47,Yuvitza.Davila,21/04/2025,,,,10.52
JES-25-117,676513,105.225,106.75,1.53,1,,ALS,PIL-091,HE25123308 - Finalized,21/04/2025,Chips_QuarterSplit,11.895,Yuvitza.Davila,21/04/2025,,,,11.96
JES-25-117,676514,106.75,108.275,1.53,1,,ALS,PIL-091,HE25123308 - Finalized,21/04/2025,Chips_QuarterSplit,11.45,Yuvitza.Davila,21/04/2025,,,,11.52
JES-25-117,676515,108.275,109.8,1.52,1,,ALS,PIL-091,HE25123308 - Finalized,21/04/2025,Chips_QuarterSplit,9.315,Yuvitza.Davila,21/04/2025,,,,9.34
JES-25-117,676516,109.8,111.325,1.53,1,,ALS,PIL-091,HE25123308 - Finalized,21/04/2025,Chips_QuarterSplit,10.04,Yuvitza.Davila,21/04/2025,,,,10.1
JES-25-117,676517,111.325,112.85,1.52,1,,ALS,PIL-091,HE25123308 - Finalized,21/04/2025,Chips_QuarterSplit,13.125,Yuvitza.Davila,21/04/2025,,,,13.22
JES-25-117,676518,112.85,114.375,1.53,1,,ALS,PIL-091,HE25123308 - Finalized,21/04/2025,Chips_QuarterSplit,9.77,Yuvitza.Davila,21/04/2025,,,,9.82
JES-25-117,676519,114.375,115.9,1.53,1,,ALS,PIL-091,HE25123308 - Finalized,21/04/2025,Chips_QuarterSplit,9.74,Yuvitza.Davila,21/04/2025,,,,9.82
JES-25-117,676520,115.9,117.425,1.52,1,,ALS,PIL-091,HE25123308 - Finalized,21/04/2025,Chips_QuarterSplit,12.285,Yuvitza.Davila,21/04/2025,,,,12.34
JES-25-117,676521,117.425,118.95,1.53,1,,ALS,PIL-091,HE25123308 - Finalized,21/04/2025,Chips_QuarterSplit,9.59,Yuvitza.Davila,21/04/2025,,,,9.64
JES-25-117,676522,118.95,120.475,1.52,1,,ALS,PIL-091,HE25123308 - Finalized,21/04/2025,Chips_QuarterSplit,10.32,Yuvitza.Davila,21/04/2025,,,,10.36
JES-25-117,676523,120.475,122,1.53,1,,ALS,PIL-091,HE25123308 - Finalized,21/04/2025,Chips_QuarterSplit,11,Yuvitza.Davila,21/04/2025,,,,11.06
JES-25-117,676524,122,123.525,1.53,1,,ALS,PIL-091,HE25123308 - Finalized,21/04/2025,Chips_QuarterSplit,11.75,Yuvitza.Davila,21/04/2025,,,,11.82
JES-25-117,676525,123.525,125.05,1.52,1,,ALS,PIL-091,HE25123308 - Finalized,21/04/2025,Chips_QuarterSplit,10.08,Yuvitza.Davila,21/04/2025,,,,10.18
JES-25-117,676526,125.05,126.575,1.53,1,,ALS,PIL-091,HE25123308 - Finalized,21/04/2025,Chips_QuarterSplit,8.26,Yuvitza.Davila,21/04/2025,,,,8.3
JES-25-117,676527,126.575,128.1,1.52,1,,ALS,PIL-091,HE25123308 - Finalized,21/04/2025,Chips_QuarterSplit,8.91,Yuvitza.Davila,21/04/2025,,,,8.96
JES-25-117,676528,128.1,129.625,1.53,1,,ALS,PIL-091,HE25123308 - Finalized,21/04/2025,Chips_QuarterSplit,10.545,Yuvitza.Davila,21/04/2025,,,,10.6
JES-25-117,676529,129.625,131.15,1.53,1,,ALS,PIL-091,HE25123308 - Finalized,21/04/2025,Chips_QuarterSplit,9.92,Yuvitza.Davila,21/04/2025,,,,9.98
JES-25-117,676530,131.15,132.675,1.53,1,,ALS,PIL-091,HE25123308 - Finalized,21/04/2025,Chips_QuarterSplit,8.99,Yuvitza.Davila,21/04/2025,,,,9.04
JES-25-117,676532,132.675,134.2,1.52,1,,ALS,PIL-091,HE25123308 - Finalized,21/04/2025,Chips_QuarterSplit,9.235,Yuvitza.Davila,21/04/2025,,,,9.28
JES-25-117,676533,134.2,135.725,1.53,1,,ALS,PIL-091,HE25123308 - Finalized,21/04/2025,Chips_QuarterSplit,9.8,Yuvitza.Davila,21/04/2025,,,,9.86
JES-25-117,676534,135.725,137.25,1.53,1,,ALS,PIL-091,HE25123308 - Finalized,21/04/2025,Chips_QuarterSplit,8.65,Yuvitza.Davila,21/04/2025,,,,8.7
JES-25-117,676535,137.25,138.775,1.53,1,,ALS,PIL-091,HE25123308 - Finalized,21/04/2025,Chips_QuarterSplit,11,Yuvitza.Davila,21/04/2025,,,,11.06
JES-25-117,676536,138.775,140.3,1.53,1,,ALS,PIL-091,HE25123308 - Finalized,21/04/2025,Chips_QuarterSplit,9.78,Yuvitza.Davila,21/04/2025,,,,9.82
JES-25-117,676537,140.3,141.825,1.52,1,,ALS,PIL-091,HE25123308 - Finalized,21/04/2025,Chips_QuarterSplit,7.345,Yuvitza.Davila,21/04/2025,,,,7.46
JES-25-117,676538,141.825,143.35,1.53,1,,ALS,PIL-091,HE25123308 - Finalized,21/04/2025,Chips_QuarterSplit,11.79,Yuvitza.Davila,21/04/2025,,,,11.86
JES-25-117,676539,143.35,144.875,1.53,1,,ALS,PIL-091,HE25123308 - Finalized,21/04/2025,Chips_QuarterSplit,11.005,Yuvitza.Davila,21/04/2025,,,,11.08
JES-25-117,676540,144.875,146.4,1.53,1,,ALS,PIL-091,HE25123308 - Finalized,21/04/2025,Chips_QuarterSplit,12.805,Yuvitza.Davila,21/04/2025,,,,12.88
JES-25-117,676541,146.4,147.925,1.53,1,,ALS,PIL-091,HE25123308 - Finalized,21/04/2025,Chips_QuarterSplit,12.27,Yuvitza.Davila,21/04/2025,,,,12.36
JES-25-117,676542,147.925,149.45,1.52,1,,ALS,PIL-091,HE25123308 - Finalized,21/04/2025,Chips_QuarterSplit,11.63,Yuvitza.Davila,21/04/2025,,,,11.7
JES-25-117,676543,149.45,150.975,1.53,1,,ALS,PIL-091,HE25123308 - Finalized,21/04/2025,Chips_QuarterSplit,10.155,Yuvitza.Davila,21/04/2025,,,,10.24
JES-25-117,676544,150.975,152.5,1.53,1,,ALS,PIL-091,HE25123308 - Finalized,21/04/2025,Chips_QuarterSplit,11.115,Yuvitza.Davila,21/04/2025,,,,11.22
JES-25-117,676545,152.5,154.025,1.53,1,,ALS,PIL-091,HE25123308 - Finalized,21/04/2025,Chips_QuarterSplit,9.32,Yuvitza.Davila,21/04/2025,,,,9.36
JES-25-117,676547,154.025,155.55,1.53,1,,ALS,PIL-091,HE25123308 - Finalized,21/04/2025,Chips_QuarterSplit,11.83,Yuvitza.Davila,21/04/2025,,,,11.9
JES-25-117,676548,155.55,157.075,1.52,1,,ALS,PIL-091,HE25123308 - Finalized,21/04/2025,Chips_QuarterSplit,8.245,Yuvitza.Davila,21/04/2025,,,,8.3
JES-25-117,676549,157.075,158.6,1.53,1,,ALS,PIL-091,HE25123308 - Finalized,21/04/2025,Chips_QuarterSplit,11.59,Yuvitza.Davila,21/04/2025,,,,11.66
JES-25-117,676550,158.6,160.125,1.53,1,,ALS,PIL-091,HE25123308 - Finalized,21/04/2025,Chips_QuarterSplit,10.4,Yuvitza.Davila,21/04/2025,,,,10.54
JES-25-118,676555,0,1.525,1.53,1,,ALS,PIL-092,HE25123309 - Finalized,27/04/2025,Chips_QuarterSplit,1.64,Yuvitza.Davila,27/04/2025,,,,1.66
JES-25-118,676556,1.525,3.05,1.53,1,,ALS,PIL-092,HE25123309 - Finalized,27/04/2025,Chips_QuarterSplit,6.485,Yuvitza.Davila,27/04/2025,,,,6.52
JES-25-118,676557,3.05,4.575,1.53,1,,ALS,PIL-092,HE25123309 - Finalized,27/04/2025,Chips_QuarterSplit,5.255,Yuvitza.Davila,27/04/2025,,,,5.18
JES-25-118,676558,4.575,6.1,1.53,1,,ALS,PIL-092,HE25123309 - Finalized,27/04/2025,Chips_QuarterSplit,13.085,Yuvitza.Davila,27/04/2025,,,,13.14
JES-25-118,676559,6.1,7.625,1.53,1,,ALS,PIL-092,HE25123309 - Finalized,27/04/2025,Chips_QuarterSplit,7.105,Yuvitza.Davila,27/04/2025,,,,7.74
JES-25-118,676560,7.625,9.15,1.53,1,,ALS,PIL-092,HE25123309 - Finalized,27/04/2025,Chips_QuarterSplit,11.48,Yuvitza.Davila,27/04/2025,,,,11.52
JES-25-118,676561,9.15,10.675,1.53,1,,ALS,PIL-092,HE25123309 - Finalized,27/04/2025,Chips_QuarterSplit,8.66,Yuvitza.Davila,27/04/2025,,,,8.7
JES-25-118,676562,10.675,12.2,1.53,1,,ALS,PIL-092,HE25123309 - Finalized,27/04/2025,Chips_QuarterSplit,9.365,Yuvitza.Davila,27/04/2025,,,,9.4
JES-25-118,676563,12.2,13.725,1.53,1,,ALS,PIL-092,HE25123309 - Finalized,27/04/2025,Chips_QuarterSplit,12.245,Yuvitza.Davila,27/04/2025,,,,12.26
JES-25-118,676564,13.725,15.25,1.53,1,,ALS,PIL-092,HE25123309 - Finalized,27/04/2025,Chips_QuarterSplit,7.95,Yuvitza.Davila,27/04/2025,,,,7.98
JES-25-118,676565,15.25,16.775,1.53,1,,ALS,PIL-092,HE25123309 - Finalized,27/04/2025,Chips_QuarterSplit,8.35,Yuvitza.Davila,27/04/2025,,,,8.4
JES-25-118,676566,16.775,18.3,1.53,1,,ALS,PIL-092,HE25123309 - Finalized,27/04/2025,Chips_QuarterSplit,6.16,Yuvitza.Davila,27/04/2025,,,,6.2
JES-25-118,676567,18.3,19.825,1.53,1,,ALS,PIL-092,HE25123309 - Finalized,27/04/2025,Chips_QuarterSplit,9.425,Yuvitza.Davila,27/04/2025,,,,9.46
JES-25-118,676568,19.825,21.35,1.53,1,,ALS,PIL-092,HE25123309 - Finalized,27/04/2025,Chips_QuarterSplit,7.8,Yuvitza.Davila,27/04/2025,,,,7.84
JES-25-118,676570,21.35,22.875,1.53,1,,ALS,PIL-092,HE25123309 - Finalized,27/04/2025,Chips_QuarterSplit,9.87,Yuvitza.Davila,27/04/2025,,,,9.82
JES-25-118,676571,22.875,24.4,1.53,1,,ALS,PIL-092,HE25123309 - Finalized,27/04/2025,Chips_QuarterSplit,9.335,Yuvitza.Davila,27/04/2025,,,,9.38
JES-25-118,676572,24.4,25.925,1.53,1,,ALS,PIL-092,HE25123309 - Finalized,27/04/2025,Chips_QuarterSplit,8.715,Yuvitza.Davila,27/04/2025,,,,8.74
JES-25-118,676573,25.925,27.45,1.53,1,,ALS,PIL-092,HE25123309 - Finalized,27/04/2025,Chips_QuarterSplit,8.66,Yuvitza.Davila,27/04/2025,,,,8.7
JES-25-118,676574,27.45,28.975,1.53,1,,ALS,PIL-092,HE25123309 - Finalized,27/04/2025,Chips_QuarterSplit,8.335,Yuvitza.Davila,27/04/2025,,,,8.38
JES-25-118,676575,28.975,30.5,1.53,1,,ALS,PIL-092,HE25123309 - Finalized,27/04/2025,Chips_QuarterSplit,8.94,Yuvitza.Davila,27/04/2025,,,,8.98
JES-25-118,676576,30.5,32.025,1.53,1,,ALS,PIL-092,HE25123309 - Finalized,27/04/2025,Chips_QuarterSplit,7.79,Yuvitza.Davila,27/04/2025,,,,7.84
JES-25-118,676577,32.025,33.55,1.53,1,,ALS,PIL-092,HE25123309 - Finalized,27/04/2025,Chips_QuarterSplit,8.075,Yuvitza.Davila,27/04/2025,,,,8.1
JES-25-118,676578,33.55,35.075,1.53,1,,ALS,PIL-092,HE25123309 - Finalized,27/04/2025,Chips_QuarterSplit,9.67,Yuvitza.Davila,27/04/2025,,,,9.66
JES-25-118,676579,35.075,36.6,1.53,1,,ALS,PIL-092,HE25123309 - Finalized,27/04/2025,Chips_QuarterSplit,7.645,Yuvitza.Davila,27/04/2025,,,,7.68
JES-25-118,676580,36.6,38.125,1.53,1,,ALS,PIL-092,HE25123309 - Finalized,27/04/2025,Chips_QuarterSplit,10.315,Yuvitza.Davila,27/04/2025,,,,10.34
JES-25-118,676581,38.125,39.65,1.53,1,,ALS,PIL-092,HE25123309 - Finalized,27/04/2025,Chips_QuarterSplit,6.9,Yuvitza.Davila,27/04/2025,,,,6.94
JES-25-118,676582,39.65,41.175,1.53,1,,ALS,PIL-092,HE25123309 - Finalized,27/04/2025,Chips_QuarterSplit,7.715,Yuvitza.Davila,27/04/2025,,,,7.76
JES-25-118,676583,41.175,42.7,1.53,1,,ALS,PIL-092,HE25123309 - Finalized,27/04/2025,Chips_QuarterSplit,7.285,Yuvitza.Davila,27/04/2025,,,,7.32
JES-25-118,676584,42.7,44.225,1.53,1,,ALS,PIL-092,HE25123309 - Finalized,27/04/2025,Chips_QuarterSplit,8.879,Yuvitza.Davila,27/04/2025,,,,8.9
JES-25-118,676585,44.225,45.75,1.53,1,,ALS,PIL-092,HE25123309 - Finalized,27/04/2025,Chips_QuarterSplit,8.205,Yuvitza.Davila,27/04/2025,,,,8.24
JES-25-118,676586,45.75,47.275,1.53,1,,ALS,PIL-092,HE25123309 - Finalized,27/04/2025,Chips_QuarterSplit,7.31,Yuvitza.Davila,27/04/2025,,,,7.34
JES-25-118,676587,47.275,48.8,1.53,1,,ALS,PIL-092,HE25123309 - Finalized,27/04/2025,Chips_QuarterSplit,8.51,Yuvitza.Davila,27/04/2025,,,,8.86
JES-25-118,676588,48.8,50.325,1.53,1,,ALS,PIL-092,HE25123309 - Finalized,27/04/2025,Chips_QuarterSplit,5.505,Yuvitza.Davila,27/04/2025,,,,5.54
JES-25-118,676591,50.325,51.85,1.53,1,,ALS,PIL-092,HE25123309 - Finalized,27/04/2025,Chips_QuarterSplit,6.885,Yuvitza.Davila,27/04/2025,,,,6.92
JES-25-118,676592,51.85,53.375,1.53,1,,ALS,PIL-092,HE25123309 - Finalized,27/04/2025,Chips_QuarterSplit,7.055,Yuvitza.Davila,27/04/2025,,,,7.1
JES-25-118,676593,53.375,54.9,1.53,1,,ALS,PIL-092,HE25123309 - Finalized,27/04/2025,Chips_QuarterSplit,4.895,Yuvitza.Davila,27/04/2025,,,,4.92
JES-25-118,676594,54.9,56.425,1.53,1,,ALS,PIL-092,HE25123309 - Finalized,27/04/2025,Chips_QuarterSplit,8.575,Yuvitza.Davila,27/04/2025,,,,8.62
JES-25-118,676595,56.425,57.95,1.53,1,,ALS,PIL-092,HE25123309 - Finalized,27/04/2025,Chips_QuarterSplit,9.61,Yuvitza.Davila,27/04/2025,,,,9.66
JES-25-118,676596,57.95,59.475,1.53,1,,ALS,PIL-092,HE25123309 - Finalized,27/04/2025,Chips_QuarterSplit,9.22,Yuvitza.Davila,27/04/2025,,,,9.28
JES-25-118,676597,59.475,61,1.53,1,,ALS,PIL-092,HE25123309 - Finalized,27/04/2025,Chips_QuarterSplit,8.14,Yuvitza.Davila,27/04/2025,,,,8.18
JES-25-118,676598,61,62.525,1.53,1,,ALS,PIL-092,HE25123309 - Finalized,27/04/2025,Chips_QuarterSplit,9.42,Yuvitza.Davila,27/04/2025,,,,9.46
JES-25-118,676599,62.525,64.05,1.53,1,,ALS,PIL-092,HE25123309 - Finalized,27/04/2025,Chips_QuarterSplit,8.84,Yuvitza.Davila,27/04/2025,,,,8.86
JES-25-118,676600,64.05,65.575,1.53,1,,ALS,PIL-092,HE25123309 - Finalized,27/04/2025,Chips_QuarterSplit,10.53,Yuvitza.Davila,27/04/2025,,,,10.56
JES-25-118,676601,65.575,67.1,1.52,1,,ALS,PIL-092,HE25123309 - Finalized,27/04/2025,Chips_QuarterSplit,9.74,Yuvitza.Davila,27/04/2025,,,,9.78
JES-25-118,676602,67.1,68.625,1.53,1,,ALS,PIL-092,HE25123309 - Finalized,27/04/2025,Chips_QuarterSplit,9.38,Yuvitza.Davila,27/04/2025,,,,9.42
JES-25-118,676603,68.625,70.15,1.53,1,,ALS,PIL-092,HE25123309 - Finalized,27/04/2025,Chips_QuarterSplit,9.015,Yuvitza.Davila,27/04/2025,,,,9.06
JES-25-118,676604,70.15,71.675,1.52,1,,ALS,PIL-092,HE25123309 - Finalized,27/04/2025,Chips_QuarterSplit,10.685,Yuvitza.Davila,27/04/2025,,,,10.72
JES-25-118,676605,71.675,73.2,1.53,1,,ALS,PIL-092,HE25123309 - Finalized,27/04/2025,Chips_QuarterSplit,10.28,Yuvitza.Davila,27/04/2025,,,,10.32
JES-25-118,676606,73.2,74.725,1.52,1,,ALS,PIL-092,HE25123309 - Finalized,27/04/2025,Chips_QuarterSplit,9.635,Yuvitza.Davila,27/04/2025,,,,9.68
JES-25-118,676607,74.725,76.25,1.53,1,,ALS,PIL-092,HE25123309 - Finalized,27/04/2025,Chips_QuarterSplit,8.545,Yuvitza.Davila,27/04/2025,,,,8.58
JES-25-118,676609,76.25,77.775,1.53,1,,ALS,PIL-092,HE25123309 - Finalized,27/04/2025,Chips_QuarterSplit,7.02,Yuvitza.Davila,27/04/2025,,,,7.04
JES-25-118,676610,77.775,79.3,1.52,1,,ALS,PIL-092,HE25123309 - Finalized,27/04/2025,Chips_QuarterSplit,7.53,Yuvitza.Davila,27/04/2025,,,,7.56
JES-25-118,676611,79.3,80.825,1.53,1,,ALS,PIL-092,HE25123309 - Finalized,27/04/2025,Chips_QuarterSplit,7.8,Yuvitza.Davila,27/04/2025,,,,7.84
JES-25-118,676612,80.825,82.35,1.52,1,,ALS,PIL-092,HE25123309 - Finalized,27/04/2025,Chips_QuarterSplit,9.7,Yuvitza.Davila,27/04/2025,,,,9.76
JES-25-118,676613,82.35,83.875,1.53,1,,ALS,PIL-092,HE25123309 - Finalized,27/04/2025,Chips_QuarterSplit,9.555,Yuvitza.Davila,27/04/2025,,,,9.58
JES-25-118,676614,83.875,85.4,1.53,1,,ALS,PIL-092,HE25123309 - Finalized,27/04/2025,Chips_QuarterSplit,7.24,Yuvitza.Davila,27/04/2025,,,,7.28
JES-25-118,676615,85.4,86.925,1.52,1,,ALS,PIL-092,HE25123309 - Finalized,27/04/2025,Chips_QuarterSplit,8.535,Yuvitza.Davila,27/04/2025,,,,8.58
JES-25-118,676616,86.925,88.45,1.53,1,,ALS,PIL-092,HE25123309 - Finalized,27/04/2025,Chips_QuarterSplit,6.04,Yuvitza.Davila,27/04/2025,,,,6.08
JES-25-118,676617,88.45,89.975,1.52,1,,ALS,PIL-092,HE25123309 - Finalized,27/04/2025,Chips_QuarterSplit,9.94,Yuvitza.Davila,27/04/2025,,,,9.98
JES-25-118,676618,89.975,91.5,1.53,1,,ALS,PIL-092,HE25123309 - Finalized,27/04/2025,Chips_QuarterSplit,9.62,Yuvitza.Davila,27/04/2025,,,,9.66
JES-25-118,676619,91.5,93.025,1.53,1,,ALS,PIL-092,HE25123309 - Finalized,27/04/2025,Chips_QuarterSplit,9.115,Yuvitza.Davila,27/04/2025,,,,9.2
JES-25-118,676620,93.025,94.55,1.52,1,,ALS,PIL-092,HE25123309 - Finalized,27/04/2025,Chips_QuarterSplit,11.135,Yuvitza.Davila,27/04/2025,,,,11.16
JES-25-118,676621,94.55,96.075,1.53,1,,ALS,PIL-092,HE25123309 - Finalized,27/04/2025,Chips_QuarterSplit,12.28,Yuvitza.Davila,27/04/2025,,,,12.34
JES-25-118,676622,96.075,97.6,1.52,1,,ALS,PIL-092,HE25123309 - Finalized,27/04/2025,Chips_QuarterSplit,10.275,Yuvitza.Davila,27/04/2025,,,,10.32
JES-25-118,676623,97.6,99.125,1.53,1,,ALS,PIL-092,HE25123309 - Finalized,27/04/2025,Chips_QuarterSplit,10.93,Yuvitza.Davila,27/04/2025,,,,10.98
JES-25-118,676624,99.125,100.65,1.53,1,,ALS,PIL-092,HE25123309 - Finalized,27/04/2025,Chips_QuarterSplit,13.935,Yuvitza.Davila,27/04/2025,,,,12.98
JES-25-118,676626,100.65,102.175,1.52,1,,ALS,PIL-092,HE25123309 - Finalized,27/04/2025,Chips_QuarterSplit,11.89,Yuvitza.Davila,27/04/2025,,,,11.94
JES-25-118,676627,102.175,103.7,1.53,1,,ALS,PIL-092,HE25123309 - Finalized,27/04/2025,Chips_QuarterSplit,10.495,Yuvitza.Davila,27/04/2025,,,,10.54
JES-25-118,676628,103.7,105.225,1.52,1,,ALS,PIL-092,HE25123309 - Finalized,27/04/2025,Chips_QuarterSplit,11.79,Yuvitza.Davila,27/04/2025,,,,11.84
JES-25-118,676629,105.225,106.75,1.53,1,,ALS,PIL-092,HE25123309 - Finalized,27/04/2025,Chips_QuarterSplit,8.675,Yuvitza.Davila,27/04/2025,,,,8.72
JES-25-118,676630,106.75,108.275,1.53,1,,ALS,PIL-092,HE25123309 - Finalized,27/04/2025,Chips_QuarterSplit,13.635,Yuvitza.Davila,27/04/2025,,,,13.68
JES-25-118,676631,108.275,109.8,1.52,1,,ALS,PIL-092,HE25123309 - Finalized,27/04/2025,Chips_QuarterSplit,10.34,Yuvitza.Davila,27/04/2025,,,,10.38
JES-25-118,676632,109.8,111.325,1.53,1,,ALS,PIL-092,HE25123309 - Finalized,27/04/2025,Chips_QuarterSplit,9.265,Yuvitza.Davila,27/04/2025,,,,9.3
JES-25-118,676633,111.325,112.85,1.52,1,,ALS,PIL-092,HE25123309 - Finalized,27/04/2025,Chips_QuarterSplit,9.675,Yuvitza.Davila,27/04/2025,,,,9.66
JES-25-118,676634,112.85,114.375,1.53,1,,ALS,PIL-092,HE25123309 - Finalized,27/04/2025,Chips_QuarterSplit,9.94,Yuvitza.Davila,27/04/2025,,,,10
JES-25-118,676635,114.375,115.9,1.53,1,,ALS,PIL-092,HE25123309 - Finalized,27/04/2025,Chips_QuarterSplit,4.25,Yuvitza.Davila,27/04/2025,,,,4.26
JES-25-118,676636,115.9,117.425,1.52,1,,ALS,PIL-092,HE25123309 - Finalized,27/04/2025,Chips_QuarterSplit,10.575,Yuvitza.Davila,27/04/2025,,,,10.62
JES-25-118,676637,117.425,118.95,1.53,1,,ALS,PIL-092,HE25123309 - Finalized,27/04/2025,Chips_QuarterSplit,9.985,Yuvitza.Davila,27/04/2025,,,,10.02
JES-25-118,676638,118.95,120.475,1.52,1,,ALS,PIL-092,HE25123309 - Finalized,27/04/2025,Chips_QuarterSplit,10.215,Yuvitza.Davila,27/04/2025,,,,10.32
JES-25-118,676639,120.475,122,1.53,1,,ALS,PIL-092,HE25123309 - Finalized,27/04/2025,Chips_QuarterSplit,10.99,Yuvitza.Davila,27/04/2025,,,,11.04
JES-25-118,676640,122,123.525,1.53,1,,ALS,PIL-092,HE25123309 - Finalized,27/04/2025,Chips_QuarterSplit,12.355,Yuvitza.Davila,27/04/2025,,,,12.42
JES-25-118,676641,123.525,125.05,1.52,1,,ALS,PIL-092,HE25123309 - Finalized,27/04/2025,Chips_QuarterSplit,11.16,Yuvitza.Davila,27/04/2025,,,,11.2
JES-25-118,676642,125.05,126.575,1.53,1,,ALS,PIL-092,HE25123309 - Finalized,27/04/2025,Chips_QuarterSplit,11.3,Yuvitza.Davila,27/04/2025,,,,11.34
JES-25-118,676643,126.575,128.1,1.52,1,,ALS,PIL-092,HE25123309 - Finalized,27/04/2025,Chips_QuarterSplit,13.715,Yuvitza.Davila,27/04/2025,,,,13.78
JES-25-118,676644,128.1,129.625,1.53,1,,ALS,PIL-092,HE25123309 - Finalized,27/04/2025,Chips_QuarterSplit,9.75,Yuvitza.Davila,27/04/2025,,,,9.78
JES-25-118,676645,129.625,131.15,1.53,1,,ALS,PIL-092,HE25123309 - Finalized,27/04/2025,Chips_QuarterSplit,11.795,Yuvitza.Davila,27/04/2025,,,,11.84
JES-25-118,676646,131.15,132.675,1.53,1,,ALS,PIL-092,HE25123309 - Finalized,27/04/2025,Chips_QuarterSplit,10.62,Yuvitza.Davila,27/04/2025,,,,10.66
JES-25-118,676648,132.675,134.2,1.52,1,,ALS,PIL-092,HE25123309 - Finalized,27/04/2025,Chips_QuarterSplit,11.945,Yuvitza.Davila,27/04/2025,,,,12
JES-25-118,676649,134.2,135.725,1.53,1,,ALS,PIL-092,HE25123309 - Finalized,27/04/2025,Chips_QuarterSplit,10.39,Yuvitza.Davila,27/04/2025,,,,10.42
JES-25-118,676650,135.725,137.25,1.53,1,,ALS,PIL-092,HE25123309 - Finalized,27/04/2025,Chips_QuarterSplit,11.65,Yuvitza.Davila,27/04/2025,,,,11.7
JES-25-118,676651,137.25,138.775,1.53,1,,ALS,PIL-092,HE25123309 - Finalized,27/04/2025,Chips_QuarterSplit,10.84,Yuvitza.Davila,27/04/2025,,,,10.94
JES-25-118,676652,138.775,140.3,1.53,1,,ALS,PIL-092,HE25123309 - Finalized,27/04/2025,Chips_QuarterSplit,10.62,Yuvitza.Davila,27/04/2025,,,,10.66
JES-25-118,676653,140.3,141.825,1.52,1,,ALS,PIL-092,HE25123309 - Finalized,27/04/2025,Chips_QuarterSplit,13.185,Yuvitza.Davila,27/04/2025,,,,13.24
JES-25-118,676654,141.825,143.35,1.53,1,,ALS,PIL-092,HE25123309 - Finalized,27/04/2025,Chips_QuarterSplit,10.37,Yuvitza.Davila,27/04/2025,,,,10.42
JES-25-118,676655,143.35,144.875,1.53,1,,ALS,PIL-092,HE25123309 - Finalized,27/04/2025,Chips_QuarterSplit,12.68,Yuvitza.Davila,27/04/2025,,,,12.72
JES-25-118,676656,144.875,146.4,1.53,1,,ALS,PIL-092,HE25123309 - Finalized,27/04/2025,Chips_QuarterSplit,11.175,Yuvitza.Davila,27/04/2025,,,,11.22
JES-25-118,676657,146.4,147.925,1.53,1,,ALS,PIL-092,HE25123309 - Finalized,27/04/2025,Chips_QuarterSplit,11.795,Yuvitza.Davila,27/04/2025,,,,11.84
JES-25-118,676658,147.925,149.45,1.52,1,,ALS,PIL-092,HE25123309 - Finalized,27/04/2025,Chips_QuarterSplit,11.36,Yuvitza.Davila,27/04/2025,,,,11.4
JES-25-118,676659,149.45,150.975,1.53,1,,ALS,PIL-092,HE25123309 - Finalized,27/04/2025,Chips_QuarterSplit,13.01,Yuvitza.Davila,27/04/2025,,,,13.06
JES-25-119,676664,0,1.525,1.53,1,,ALS,PIL-093,HE25131227 - Finalized,30/04/2025,Chips_QuarterSplit,1.03,Yuvitza.Davila,30/04/2025,,,,1.04
JES-25-119,676665,1.525,3.05,1.53,1,,ALS,PIL-093,HE25131227 - Finalized,30/04/2025,Chips_QuarterSplit,4.795,Yuvitza.Davila,30/04/2025,,,,4.82
JES-25-119,676666,3.05,4.575,1.53,1,,ALS,PIL-093,HE25131227 - Finalized,30/04/2025,Chips_QuarterSplit,3.182,Yuvitza.Davila,30/04/2025,,,,3.18
JES-25-119,676667,4.575,6.1,1.53,1,,ALS,PIL-093,HE25131227 - Finalized,30/04/2025,Chips_QuarterSplit,6.095,Yuvitza.Davila,30/04/2025,,,,6.12
JES-25-119,676668,6.1,7.625,1.53,1,,ALS,PIL-093,HE25131227 - Finalized,30/04/2025,Chips_QuarterSplit,2.93,Yuvitza.Davila,30/04/2025,,,,2.94
JES-25-119,676669,7.625,9.15,1.53,1,,ALS,PIL-093,HE25131227 - Finalized,30/04/2025,Chips_QuarterSplit,9.61,Yuvitza.Davila,30/04/2025,,,,9.64
JES-25-119,676670,9.15,10.675,1.53,1,,ALS,PIL-093,HE25131227 - Finalized,30/04/2025,Chips_QuarterSplit,10.155,Yuvitza.Davila,30/04/2025,,,,10.18
JES-25-119,676671,10.675,12.2,1.53,1,,ALS,PIL-093,HE25131227 - Finalized,30/04/2025,Chips_QuarterSplit,10.76,Yuvitza.Davila,30/04/2025,,,,10.8
JES-25-119,676672,12.2,13.725,1.53,1,,ALS,PIL-093,HE25131227 - Finalized,30/04/2025,Chips_QuarterSplit,10.47,Yuvitza.Davila,30/04/2025,,,,10.5
JES-25-119,676673,13.725,15.25,1.53,1,,ALS,PIL-093,HE25131227 - Finalized,30/04/2025,Chips_QuarterSplit,8.865,Yuvitza.Davila,30/04/2025,,,,8.9
JES-25-119,676674,15.25,16.775,1.53,1,,ALS,PIL-093,HE25131227 - Finalized,30/04/2025,Chips_QuarterSplit,10.53,Yuvitza.Davila,30/04/2025,,,,10.56
JES-25-119,676675,16.775,18.3,1.53,1,,ALS,PIL-093,HE25131227 - Finalized,30/04/2025,Chips_QuarterSplit,10.685,Yuvitza.Davila,30/04/2025,,,,10.72
JES-25-119,676676,18.3,19.825,1.53,1,,ALS,PIL-093,HE25131227 - Finalized,30/04/2025,Chips_QuarterSplit,11.995,Yuvitza.Davila,30/04/2025,,,,12.04
JES-25-119,676677,19.825,21.35,1.53,1,,ALS,PIL-093,HE25131227 - Finalized,30/04/2025,Chips_QuarterSplit,10,Yuvitza.Davila,30/04/2025,,,,9.9
JES-25-119,676679,21.35,22.875,1.53,1,,ALS,PIL-093,HE25131227 - Finalized,30/04/2025,Chips_QuarterSplit,11.44,Yuvitza.Davila,30/04/2025,,,,11.48
JES-25-119,676680,22.875,24.4,1.53,1,,ALS,PIL-093,HE25131227 - Finalized,30/04/2025,Chips_QuarterSplit,10.27,Yuvitza.Davila,30/04/2025,,,,10.3
JES-25-119,676681,24.4,25.925,1.53,1,,ALS,PIL-093,HE25131227 - Finalized,30/04/2025,Chips_QuarterSplit,11.765,Yuvitza.Davila,30/04/2025,,,,11.8
JES-25-119,676682,25.925,27.45,1.53,1,,ALS,PIL-093,HE25131227 - Finalized,30/04/2025,Chips_QuarterSplit,11.155,Yuvitza.Davila,30/04/2025,,,,11.18
JES-25-119,676683,27.45,28.975,1.53,1,,ALS,PIL-093,HE25131227 - Finalized,30/04/2025,Chips_QuarterSplit,9.445,Yuvitza.Davila,30/04/2025,,,,9.48
JES-25-119,676684,28.975,30.5,1.53,1,,ALS,PIL-093,HE25131227 - Finalized,30/04/2025,Chips_QuarterSplit,9.86,Yuvitza.Davila,30/04/2025,,,,9.88
JES-25-119,676685,30.5,32.025,1.53,1,,ALS,PIL-093,HE25131227 - Finalized,30/04/2025,Chips_QuarterSplit,10.29,Yuvitza.Davila,30/04/2025,,,,10.32
JES-25-119,676686,32.025,33.55,1.53,1,,ALS,PIL-093,HE25131227 - Finalized,30/04/2025,Chips_QuarterSplit,8.745,Yuvitza.Davila,30/04/2025,,,,8.78
JES-25-119,676687,33.55,35.075,1.53,1,,ALS,PIL-093,HE25131227 - Finalized,30/04/2025,Chips_QuarterSplit,13.085,Yuvitza.Davila,30/04/2025,,,,13.12
JES-25-119,676688,35.075,36.6,1.53,1,,ALS,PIL-093,HE25131227 - Finalized,30/04/2025,Chips_QuarterSplit,11.455,Yuvitza.Davila,30/04/2025,,,,11.5
JES-25-119,676689,36.6,38.125,1.53,1,,ALS,PIL-093,HE25131227 - Finalized,30/04/2025,Chips_QuarterSplit,12.09,Yuvitza.Davila,30/04/2025,,,,12.12
JES-25-119,676690,38.125,39.65,1.53,1,,ALS,PIL-093,HE25131227 - Finalized,30/04/2025,Chips_QuarterSplit,11.395,Yuvitza.Davila,30/04/2025,,,,11.44
JES-25-119,676691,39.65,41.175,1.53,1,,ALS,PIL-093,HE25131227 - Finalized,30/04/2025,Chips_QuarterSplit,13.92,Yuvitza.Davila,30/04/2025,,,,13.96
JES-25-119,676692,41.175,42.7,1.53,1,,ALS,PIL-093,HE25131227 - Finalized,30/04/2025,Chips_QuarterSplit,11.9,Yuvitza.Davila,30/04/2025,,,,11.94
JES-25-119,676693,42.7,44.225,1.53,1,,ALS,PIL-093,HE25131227 - Finalized,30/04/2025,Chips_QuarterSplit,11.34,Yuvitza.Davila,30/04/2025,,,,11.38
JES-25-119,676694,44.225,45.75,1.53,1,,ALS,PIL-093,HE25131227 - Finalized,30/04/2025,Chips_QuarterSplit,10.665,Yuvitza.Davila,30/04/2025,,,,10.7
JES-25-119,676695,45.75,47.275,1.53,1,,ALS,PIL-093,HE25131227 - Finalized,30/04/2025,Chips_QuarterSplit,10.725,Yuvitza.Davila,30/04/2025,,,,10.78
JES-25-119,676696,47.275,48.8,1.53,1,,ALS,PIL-093,HE25131227 - Finalized,30/04/2025,Chips_QuarterSplit,10.41,Yuvitza.Davila,30/04/2025,,,,10.46
JES-25-119,676697,48.8,50.325,1.53,1,,ALS,PIL-093,HE25131227 - Finalized,30/04/2025,Chips_QuarterSplit,13.205,Yuvitza.Davila,30/04/2025,,,,13.22
JES-25-119,676700,50.325,51.85,1.53,1,,ALS,PIL-093,HE25131227 - Finalized,30/04/2025,Chips_QuarterSplit,13.19,Yuvitza.Davila,30/04/2025,,,,13.22
JES-25-119,676701,51.85,53.375,1.53,1,,ALS,PIL-093,HE25131227 - Finalized,30/04/2025,Chips_QuarterSplit,14.12,Yuvitza.Davila,30/04/2025,,,,14.18
JES-25-119,676702,53.375,54.9,1.53,1,,ALS,PIL-093,HE25131227 - Finalized,30/04/2025,Chips_QuarterSplit,10.265,Yuvitza.Davila,30/04/2025,,,,10.32
JES-25-119,676703,54.9,56.425,1.53,1,,ALS,PIL-093,HE25131227 - Finalized,30/04/2025,Chips_QuarterSplit,11.42,Yuvitza.Davila,30/04/2025,,,,11.46
JES-25-119,676704,56.425,57.95,1.53,1,,ALS,PIL-093,HE25131227 - Finalized,30/04/2025,Chips_QuarterSplit,8.625,Yuvitza.Davila,30/04/2025,,,,8.66
JES-25-119,676705,57.95,59.475,1.53,1,,ALS,PIL-093,HE25131227 - Finalized,30/04/2025,Chips_QuarterSplit,9.595,Yuvitza.Davila,30/04/2025,,,,9.64
JES-25-119,676706,59.475,61,1.53,1,,ALS,PIL-093,HE25131227 - Finalized,30/04/2025,Chips_QuarterSplit,8.68,Yuvitza.Davila,30/04/2025,,,,8.72
JES-25-119,676707,61,62.525,1.53,1,,ALS,PIL-093,HE25131227 - Finalized,30/04/2025,Chips_QuarterSplit,10.81,Yuvitza.Davila,30/04/2025,,,,10.88
JES-25-119,676708,62.525,64.05,1.53,1,,ALS,PIL-093,HE25131227 - Finalized,30/04/2025,Chips_QuarterSplit,10.71,Yuvitza.Davila,30/04/2025,,,,10.74
JES-25-119,676709,64.05,65.575,1.53,1,,ALS,PIL-093,HE25131227 - Finalized,30/04/2025,Chips_QuarterSplit,10.69,Yuvitza.Davila,30/04/2025,,,,10.72
JES-25-119,676710,65.575,67.1,1.52,1,,ALS,PIL-093,HE25131227 - Finalized,30/04/2025,Chips_QuarterSplit,10.48,Yuvitza.Davila,30/04/2025,,,,10.52
JES-25-119,676711,67.1,68.625,1.53,1,,ALS,PIL-093,HE25131227 - Finalized,30/04/2025,Chips_QuarterSplit,12.135,Yuvitza.Davila,30/04/2025,,,,12.18
JES-25-119,676712,68.625,70.15,1.53,1,,ALS,PIL-093,HE25131227 - Finalized,30/04/2025,Chips_QuarterSplit,11.375,Yuvitza.Davila,30/04/2025,,,,11.42
JES-25-119,676713,70.15,71.675,1.52,1,,ALS,PIL-093,HE25131227 - Finalized,30/04/2025,Chips_QuarterSplit,12.88,Yuvitza.Davila,30/04/2025,,,,12.94
JES-25-119,676714,71.675,73.2,1.53,1,,ALS,PIL-093,HE25131227 - Finalized,30/04/2025,Chips_QuarterSplit,10.175,Yuvitza.Davila,30/04/2025,,,,10.22
JES-25-119,676715,73.2,74.725,1.52,1,,ALS,PIL-093,HE25131227 - Finalized,30/04/2025,Chips_QuarterSplit,13.225,Yuvitza.Davila,30/04/2025,,,,13.26
JES-25-119,676716,74.725,76.25,1.53,1,,ALS,PIL-093,HE25131227 - Finalized,30/04/2025,Chips_QuarterSplit,10.545,Yuvitza.Davila,30/04/2025,,,,10.58
JES-25-119,676718,76.25,77.775,1.53,1,,ALS,PIL-093,HE25131227 - Finalized,30/04/2025,Chips_QuarterSplit,10.67,Yuvitza.Davila,30/04/2025,,,,10.72
JES-25-119,676719,77.775,79.3,1.52,1,,ALS,PIL-093,HE25131227 - Finalized,30/04/2025,Chips_QuarterSplit,11.54,Yuvitza.Davila,30/04/2025,,,,11.58
JES-25-119,676720,79.3,80.825,1.53,1,,ALS,PIL-093,HE25131227 - Finalized,30/04/2025,Chips_QuarterSplit,10.26,Yuvitza.Davila,30/04/2025,,,,9.36
JES-25-119,676721,80.825,82.35,1.52,1,,ALS,PIL-093,HE25131227 - Finalized,30/04/2025,Chips_QuarterSplit,11.445,Yuvitza.Davila,30/04/2025,,,,11.48
JES-25-119,676722,82.35,83.875,1.53,1,,ALS,PIL-093,HE25131227 - Finalized,30/04/2025,Chips_QuarterSplit,9.135,Yuvitza.Davila,30/04/2025,,,,9.14
JES-25-119,676723,83.875,85.4,1.53,1,,ALS,PIL-093,HE25131227 - Finalized,30/04/2025,Chips_QuarterSplit,12.36,Yuvitza.Davila,30/04/2025,,,,12.4
JES-25-119,676724,85.4,86.925,1.52,1,,ALS,PIL-093,HE25131227 - Finalized,30/04/2025,Chips_QuarterSplit,8.965,Yuvitza.Davila,30/04/2025,,,,9
JES-25-119,676725,86.925,88.45,1.53,1,,ALS,PIL-093,HE25131227 - Finalized,30/04/2025,Chips_QuarterSplit,11.595,Yuvitza.Davila,30/04/2025,,,,11.64
JES-25-119,676726,88.45,89.975,1.52,1,,ALS,PIL-093,HE25131227 - Finalized,30/04/2025,Chips_QuarterSplit,10.31,Yuvitza.Davila,30/04/2025,,,,10.36
JES-25-119,676727,89.975,91.5,1.53,1,,ALS,PIL-093,HE25131227 - Finalized,30/04/2025,Chips_QuarterSplit,12.515,Yuvitza.Davila,30/04/2025,,,,12.6
JES-25-119,676728,91.5,93.025,1.53,1,,ALS,PIL-093,HE25131227 - Finalized,30/04/2025,Chips_QuarterSplit,10.04,Yuvitza.Davila,30/04/2025,,,,10.02
JES-25-119,676729,93.025,94.55,1.52,1,,ALS,PIL-093,HE25131227 - Finalized,30/04/2025,Chips_QuarterSplit,13.935,Yuvitza.Davila,30/04/2025,,,,14
JES-25-119,676730,94.55,96.075,1.53,1,,ALS,PIL-093,HE25131227 - Finalized,30/04/2025,Chips_QuarterSplit,13.62,Yuvitza.Davila,30/04/2025,,,,13.66
JES-25-119,676731,96.075,97.6,1.52,1,,ALS,PIL-093,HE25131227 - Finalized,30/04/2025,Chips_QuarterSplit,10.995,Yuvitza.Davila,30/04/2025,,,,11.04
JES-25-119,676732,97.6,99.125,1.53,1,,ALS,PIL-093,HE25131227 - Finalized,30/04/2025,Chips_QuarterSplit,12.55,Yuvitza.Davila,30/04/2025,,,,12.6
JES-25-119,676733,99.125,100.65,1.53,1,,ALS,PIL-093,HE25131227 - Finalized,30/04/2025,Chips_QuarterSplit,11.065,Yuvitza.Davila,30/04/2025,,,,11.16
JES-25-119,676735,100.65,102.175,1.52,1,,ALS,PIL-093,HE25131227 - Finalized,30/04/2025,Chips_QuarterSplit,13.94,Yuvitza.Davila,30/04/2025,,,,14
JES-25-119,676736,102.175,103.7,1.53,1,,ALS,PIL-093,HE25131227 - Finalized,30/04/2025,Chips_QuarterSplit,12.06,Yuvitza.Davila,30/04/2025,,,,12.12
JES-25-119,676737,103.7,105.225,1.52,1,,ALS,PIL-093,HE25131227 - Finalized,30/04/2025,Chips_QuarterSplit,11.52,Yuvitza.Davila,30/04/2025,,,,11.6
JES-25-119,676738,105.225,106.75,1.53,1,,ALS,PIL-093,HE25131227 - Finalized,30/04/2025,Chips_QuarterSplit,13.35,Yuvitza.Davila,30/04/2025,,,,13.44
JES-25-119,676739,106.75,108.275,1.53,1,,ALS,PIL-093,HE25131227 - Finalized,30/04/2025,Chips_QuarterSplit,13.43,Yuvitza.Davila,30/04/2025,,,,13.5
JES-25-119,676740,108.275,109.8,1.52,1,,ALS,PIL-093,HE25131227 - Finalized,30/04/2025,Chips_QuarterSplit,11.46,Yuvitza.Davila,30/04/2025,,,,11.52
JES-25-119,676741,109.8,111.325,1.53,1,,ALS,PIL-093,HE25131227 - Finalized,30/04/2025,Chips_QuarterSplit,10.48,Yuvitza.Davila,30/04/2025,,,,10.52
JES-25-119,676742,111.325,112.85,1.52,1,,ALS,PIL-093,HE25131227 - Finalized,30/04/2025,Chips_QuarterSplit,10.83,Yuvitza.Davila,30/04/2025,,,,10.88
JES-25-119,676743,112.85,114.375,1.53,1,,ALS,PIL-093,HE25131227 - Finalized,30/04/2025,Chips_QuarterSplit,11.385,Yuvitza.Davila,30/04/2025,,,,11.44
JES-25-119,676744,114.375,115.9,1.53,1,,ALS,PIL-093,HE25131227 - Finalized,30/04/2025,Chips_QuarterSplit,11.655,Yuvitza.Davila,30/04/2025,,,,11.72
JES-25-119,676745,115.9,117.425,1.52,1,,ALS,PIL-093,HE25131227 - Finalized,30/04/2025,Chips_QuarterSplit,12.15,Yuvitza.Davila,30/04/2025,,,,12.2
JES-25-119,676746,117.425,118.95,1.53,1,,ALS,PIL-093,HE25131227 - Finalized,30/04/2025,Chips_QuarterSplit,12.13,Yuvitza.Davila,30/04/2025,,,,12.2
JES-25-119,676747,118.95,120.475,1.52,1,,ALS,PIL-093,HE25131227 - Finalized,30/04/2025,Chips_QuarterSplit,12.25,Yuvitza.Davila,30/04/2025,,,,12.3
JES-25-119,676748,120.475,122,1.53,1,,ALS,PIL-093,HE25131227 - Finalized,30/04/2025,Chips_QuarterSplit,12.945,Yuvitza.Davila,30/04/2025,,,,13.02
JES-25-119,676749,122,123.525,1.53,1,,ALS,PIL-093,HE25131227 - Finalized,30/04/2025,Chips_QuarterSplit,14.1,Yuvitza.Davila,30/04/2025,,,,14.16
JES-25-119,676750,123.525,125.05,1.52,1,,ALS,PIL-093,HE25131227 - Finalized,30/04/2025,Chips_QuarterSplit,12.11,Yuvitza.Davila,30/04/2025,,,,12.14
JES-25-119,676751,125.05,126.575,1.53,1,,ALS,PIL-093,HE25131227 - Finalized,30/04/2025,Chips_QuarterSplit,12.695,Yuvitza.Davila,30/04/2025,,,,12.72
JES-25-119,676752,126.575,128.1,1.52,1,,ALS,PIL-093,HE25131227 - Finalized,30/04/2025,Chips_QuarterSplit,9.465,Yuvitza.Davila,30/04/2025,,,,9.5
JES-25-119,676753,128.1,129.625,1.53,1,,ALS,PIL-093,HE25131227 - Finalized,30/04/2025,Chips_QuarterSplit,11.86,Yuvitza.Davila,30/04/2025,,,,11.92
JES-25-119,676754,129.625,131.15,1.53,1,,ALS,PIL-093,HE25131227 - Finalized,30/04/2025,Chips_QuarterSplit,9.805,Yuvitza.Davila,30/04/2025,,,,9.84
JES-25-119,676755,131.15,132.675,1.53,1,,ALS,PIL-093,HE25131227 - Finalized,30/04/2025,Chips_QuarterSplit,11.295,Yuvitza.Davila,30/04/2025,,,,11.34
JES-25-119,676757,132.675,134.2,1.52,1,,ALS,PIL-093,HE25131227 - Finalized,30/04/2025,Chips_QuarterSplit,9.695,Yuvitza.Davila,30/04/2025,,,,9.74
JES-25-119,676758,134.2,135.725,1.53,1,,ALS,PIL-093,HE25131227 - Finalized,30/04/2025,Chips_QuarterSplit,10.765,Yuvitza.Davila,30/04/2025,,,,10.8
JES-25-119,676759,135.725,137.25,1.53,1,,ALS,PIL-093,HE25131227 - Finalized,30/04/2025,Chips_QuarterSplit,9.69,Yuvitza.Davila,30/04/2025,,,,9.74
JES-25-119,676760,137.25,138.775,1.53,1,,ALS,PIL-093,HE25131227 - Finalized,30/04/2025,Chips_QuarterSplit,10.895,Yuvitza.Davila,30/04/2025,,,,10.94
JES-25-119,676761,138.775,140.3,1.53,1,,ALS,PIL-093,HE25131227 - Finalized,30/04/2025,Chips_QuarterSplit,9.94,Yuvitza.Davila,30/04/2025,,,,10.04
JES-25-119,676762,140.3,141.825,1.52,1,,ALS,PIL-093,HE25131227 - Finalized,30/04/2025,Chips_QuarterSplit,10.55,Yuvitza.Davila,30/04/2025,,,,10.58
JES-25-119,676763,141.825,143.35,1.53,1,,ALS,PIL-093,HE25131227 - Finalized,30/04/2025,Chips_QuarterSplit,10.125,Yuvitza.Davila,30/04/2025,,,,10.18
JES-25-119,676764,143.35,144.875,1.53,1,,ALS,PIL-093,HE25131227 - Finalized,30/04/2025,Chips_QuarterSplit,13.66,Yuvitza.Davila,30/04/2025,,,,13.74
JES-25-119,676765,144.875,146.4,1.53,1,,ALS,PIL-093,HE25131227 - Finalized,30/04/2025,Chips_QuarterSplit,7.54,Yuvitza.Davila,30/04/2025,,,,7.58
JES-25-119,676766,146.4,147.925,1.53,1,,ALS,PIL-093,HE25131227 - Finalized,30/04/2025,Chips_QuarterSplit,9.11,Yuvitza.Davila,30/04/2025,,,,9.14
JES-25-119,676767,147.925,149.45,1.52,1,,ALS,PIL-093,HE25131227 - Finalized,30/04/2025,Chips_QuarterSplit,12.355,Yuvitza.Davila,30/04/2025,,,,12.4
JES-25-119,676768,149.45,150.975,1.53,1,,ALS,PIL-093,HE25131227 - Finalized,30/04/2025,Chips_QuarterSplit,12.34,Yuvitza.Davila,30/04/2025,,,,12.4
JES-25-120,676773,0,1.525,1.53,1,,ALS,PIL-094,HE25133934 - Finalized,30/04/2025,Chips_QuarterSplit,0.75,Yuvitza.Davila,30/04/2025,,,,0.75
JES-25-120,676774,1.525,3.05,1.53,1,,ALS,PIL-094,HE25133934 - Finalized,30/04/2025,Chips_QuarterSplit,2.88,Yuvitza.Davila,30/04/2025,,,,2.88
JES-25-120,676775,3.05,4.575,1.53,1,,ALS,PIL-094,HE25133934 - Finalized,30/04/2025,Chips_QuarterSplit,3.45,Yuvitza.Davila,30/04/2025,,,,3.46
JES-25-120,676776,4.575,6.1,1.53,1,,ALS,PIL-094,HE25133934 - Finalized,30/04/2025,Chips_QuarterSplit,3.82,Yuvitza.Davila,30/04/2025,,,,3.83
JES-25-120,676777,6.1,7.625,1.53,1,,ALS,PIL-094,HE25133934 - Finalized,30/04/2025,Chips_QuarterSplit,9.74,Yuvitza.Davila,30/04/2025,,,,9.78
JES-25-120,676778,7.625,9.15,1.53,1,,ALS,PIL-094,HE25133934 - Finalized,30/04/2025,Chips_QuarterSplit,8.31,Yuvitza.Davila,30/04/2025,,,,8.34
JES-25-120,676779,9.15,10.675,1.53,1,,ALS,PIL-094,HE25133934 - Finalized,30/04/2025,Chips_QuarterSplit,7.755,Yuvitza.Davila,30/04/2025,,,,7.77
JES-25-120,676780,10.675,12.2,1.53,1,,ALS,PIL-094,HE25133934 - Finalized,30/04/2025,Chips_QuarterSplit,7.815,Yuvitza.Davila,30/04/2025,,,,7.85
JES-25-120,676781,12.2,13.725,1.53,1,,ALS,PIL-094,HE25133934 - Finalized,30/04/2025,Chips_QuarterSplit,7.605,Yuvitza.Davila,30/04/2025,,,,7.62
JES-25-120,676782,13.725,15.25,1.53,1,,ALS,PIL-094,HE25133934 - Finalized,30/04/2025,Chips_QuarterSplit,7.935,Yuvitza.Davila,30/04/2025,,,,7.96
JES-25-120,676783,15.25,16.775,1.53,1,,ALS,PIL-094,HE25133934 - Finalized,30/04/2025,Chips_QuarterSplit,7.825,Yuvitza.Davila,30/04/2025,,,,7.85
JES-25-120,676784,16.775,18.3,1.53,1,,ALS,PIL-094,HE25133934 - Finalized,30/04/2025,Chips_QuarterSplit,9.335,Yuvitza.Davila,30/04/2025,,,,9.35
JES-25-120,676785,18.3,19.825,1.53,1,,ALS,PIL-094,HE25133934 - Finalized,30/04/2025,Chips_QuarterSplit,8.885,Yuvitza.Davila,30/04/2025,,,,8.92
JES-25-120,676786,19.825,21.35,1.53,1,,ALS,PIL-094,HE25133934 - Finalized,30/04/2025,Chips_QuarterSplit,12.725,Yuvitza.Davila,30/04/2025,,,,12.73
JES-25-120,676788,21.35,22.875,1.53,1,,ALS,PIL-094,HE25133934 - Finalized,30/04/2025,Chips_QuarterSplit,9.12,Yuvitza.Davila,30/04/2025,,,,9.13
JES-25-120,676789,22.875,24.4,1.53,1,,ALS,PIL-094,HE25133934 - Finalized,30/04/2025,Chips_QuarterSplit,10.01,Yuvitza.Davila,30/04/2025,,,,10.03
JES-25-120,676790,24.4,25.925,1.53,1,,ALS,PIL-094,HE25133934 - Finalized,30/04/2025,Chips_QuarterSplit,8.025,Yuvitza.Davila,30/04/2025,,,,8.05
JES-25-120,676791,25.925,27.45,1.53,1,,ALS,PIL-094,HE25133934 - Finalized,30/04/2025,Chips_QuarterSplit,7.74,Yuvitza.Davila,30/04/2025,,,,7.76
JES-25-120,676792,27.45,28.975,1.53,1,,ALS,PIL-094,HE25133934 - Finalized,30/04/2025,Chips_QuarterSplit,9.48,Yuvitza.Davila,30/04/2025,,,,9.51
JES-25-120,676793,28.975,30.5,1.53,1,,ALS,PIL-094,HE25133934 - Finalized,30/04/2025,Chips_QuarterSplit,8.025,Yuvitza.Davila,30/04/2025,,,,8.05
JES-25-120,676794,30.5,32.025,1.53,1,,ALS,PIL-094,HE25133934 - Finalized,30/04/2025,Chips_QuarterSplit,9.14,Yuvitza.Davila,30/04/2025,,,,9.17
JES-25-120,676795,32.025,33.55,1.53,1,,ALS,PIL-094,HE25133934 - Finalized,30/04/2025,Chips_QuarterSplit,10.305,Yuvitza.Davila,30/04/2025,,,,10.33
JES-25-120,676796,33.55,35.075,1.53,1,No Recovery,ALS,PIL-094,,30/04/2025,Chips_QuarterSplit,0,Yuvitza.Davila,30/04/2025,,,,
JES-25-120,676797,35.075,36.6,1.53,1,No recovery,ALS,PIL-094,,30/04/2025,Chips_QuarterSplit,0,Yuvitza.Davila,30/04/2025,,,,
JES-25-120,676798,36.6,38.125,1.53,1,No Recovery,ALS,PIL-094,,30/04/2025,Chips_QuarterSplit,0,Yuvitza.Davila,30/04/2025,,,,
JES-25-120,676799,38.125,39.65,1.53,1,,ALS,PIL-094,HE25133934 - Finalized,30/04/2025,Chips_QuarterSplit,1.955,Yuvitza.Davila,30/04/2025,,,,1.96
JES-25-120,676800,39.65,41.175,1.53,1,,ALS,PIL-094,HE25133934 - Finalized,30/04/2025,Chips_QuarterSplit,8.865,Yuvitza.Davila,30/04/2025,,,,8.89
JES-25-120,676801,41.175,42.7,1.53,1,,ALS,PIL-094,HE25133934 - Finalized,30/04/2025,Chips_QuarterSplit,0.605,Yuvitza.Davila,30/04/2025,,,,0.61
JES-25-121,676805,0,1.525,1.53,1,,ALS,PIL-095,HE25131229 - Finalized,02/05/2025,Chips_QuarterSplit,1.675,Yuvitza.Davila,02/05/2025,,,,1.68
JES-25-121,676806,1.525,3.05,1.53,1,,ALS,PIL-095,HE25131229 - Finalized,02/05/2025,Chips_QuarterSplit,5.83,Yuvitza.Davila,02/05/2025,,,,5.8
JES-25-121,676807,3.05,4.575,1.53,1,,ALS,PIL-095,HE25131229 - Finalized,02/05/2025,Chips_QuarterSplit,1.645,Yuvitza.Davila,02/05/2025,,,,1.64
JES-25-121,676808,4.575,6.1,1.53,1,,ALS,PIL-095,HE25131229 - Finalized,02/05/2025,Chips_QuarterSplit,4.355,Yuvitza.Davila,02/05/2025,,,,4.36
JES-25-121,676809,6.1,7.625,1.53,1,,ALS,PIL-095,HE25131229 - Finalized,02/05/2025,Chips_QuarterSplit,8.27,Yuvitza.Davila,02/05/2025,,,,8.28
JES-25-121,676810,7.625,9.15,1.53,1,,ALS,PIL-095,HE25131229 - Finalized,02/05/2025,Chips_QuarterSplit,9.175,Yuvitza.Davila,02/05/2025,,,,9.18
JES-25-121,676811,9.15,10.675,1.53,1,,ALS,PIL-095,HE25131229 - Finalized,02/05/2025,Chips_QuarterSplit,9.375,Yuvitza.Davila,02/05/2025,,,,9.38
JES-25-121,676812,10.675,12.2,1.53,1,,ALS,PIL-095,HE25131229 - Finalized,02/05/2025,Chips_QuarterSplit,10.355,Yuvitza.Davila,02/05/2025,,,,10.36
JES-25-121,676813,12.2,13.725,1.53,1,,ALS,PIL-095,HE25131229 - Finalized,02/05/2025,Chips_QuarterSplit,8.64,Yuvitza.Davila,02/05/2025,,,,8.64
JES-25-121,676814,13.725,15.25,1.53,1,,ALS,PIL-095,HE25131229 - Finalized,02/05/2025,Chips_QuarterSplit,9.86,Yuvitza.Davila,02/05/2025,,,,9.86
JES-25-121,676815,15.25,16.775,1.53,1,,ALS,PIL-095,HE25131229 - Finalized,02/05/2025,Chips_QuarterSplit,9.565,Yuvitza.Davila,02/05/2025,,,,9.58
JES-25-121,676816,16.775,18.3,1.53,1,,ALS,PIL-095,HE25131229 - Finalized,02/05/2025,Chips_QuarterSplit,9.025,Yuvitza.Davila,02/05/2025,,,,9.04
JES-25-121,676817,18.3,19.825,1.53,1,,ALS,PIL-095,HE25131229 - Finalized,02/05/2025,Chips_QuarterSplit,8.97,Yuvitza.Davila,02/05/2025,,,,8.98
JES-25-121,676818,19.825,21.35,1.53,1,,ALS,PIL-095,HE25131229 - Finalized,02/05/2025,Chips_QuarterSplit,9.805,Yuvitza.Davila,02/05/2025,,,,9.82
JES-25-121,676820,21.35,22.875,1.53,1,,ALS,PIL-095,HE25131229 - Finalized,02/05/2025,Chips_QuarterSplit,10.185,Yuvitza.Davila,02/05/2025,,,,10.2
JES-25-121,676821,22.875,24.4,1.53,1,,ALS,PIL-095,HE25131229 - Finalized,02/05/2025,Chips_QuarterSplit,10.18,Yuvitza.Davila,02/05/2025,,,,10.04
JES-25-121,676822,24.4,25.925,1.53,1,,ALS,PIL-095,HE25131229 - Finalized,02/05/2025,Chips_QuarterSplit,8.885,Yuvitza.Davila,02/05/2025,,,,9.9
JES-25-121,676823,25.925,27.45,1.53,1,,ALS,PIL-095,HE25131229 - Finalized,02/05/2025,Chips_QuarterSplit,9.53,Yuvitza.Davila,02/05/2025,,,,9.54
JES-25-121,676824,27.45,28.975,1.53,1,,ALS,PIL-095,HE25131229 - Finalized,02/05/2025,Chips_QuarterSplit,10.925,Yuvitza.Davila,02/05/2025,,,,10.94
JES-25-121,676825,28.975,30.5,1.53,1,,ALS,PIL-095,HE25131229 - Finalized,02/05/2025,Chips_QuarterSplit,10.285,Yuvitza.Davila,02/05/2025,,,,10.3
JES-25-121,676826,30.5,32.025,1.53,1,,ALS,PIL-095,HE25131229 - Finalized,02/05/2025,Chips_QuarterSplit,10.675,Yuvitza.Davila,02/05/2025,,,,10.68
JES-25-121,676827,32.025,33.55,1.53,1,,ALS,PIL-095,HE25131229 - Finalized,02/05/2025,Chips_QuarterSplit,10.865,Yuvitza.Davila,02/05/2025,,,,10.88
JES-25-121,676828,33.55,35.075,1.53,1,,ALS,PIL-095,HE25131229 - Finalized,02/05/2025,Chips_QuarterSplit,9.135,Yuvitza.Davila,02/05/2025,,,,9.14
JES-25-121,676829,35.075,36.6,1.53,1,,ALS,PIL-095,HE25131229 - Finalized,02/05/2025,Chips_QuarterSplit,10.855,Yuvitza.Davila,02/05/2025,,,,10.86
JES-25-121,676830,36.6,38.125,1.53,1,,ALS,PIL-095,HE25131229 - Finalized,02/05/2025,Chips_QuarterSplit,8.59,Yuvitza.Davila,02/05/2025,,,,8.6
JES-25-121,676831,38.125,39.65,1.53,1,,ALS,PIL-095,HE25131229 - Finalized,02/05/2025,Chips_QuarterSplit,8.955,Yuvitza.Davila,02/05/2025,,,,8.96
JES-25-121,676832,39.65,41.175,1.53,1,,ALS,PIL-095,HE25131229 - Finalized,02/05/2025,Chips_QuarterSplit,10.465,Yuvitza.Davila,02/05/2025,,,,10.46
JES-25-121,676833,41.175,42.7,1.53,1,,ALS,PIL-095,HE25131229 - Finalized,02/05/2025,Chips_QuarterSplit,10.41,Yuvitza.Davila,02/05/2025,,,,10.4
JES-25-121,676834,42.7,44.225,1.53,1,,ALS,PIL-095,HE25131229 - Finalized,02/05/2025,Chips_QuarterSplit,10.385,Yuvitza.Davila,02/05/2025,,,,10.4
JES-25-121,676835,44.225,45.75,1.53,1,,ALS,PIL-095,HE25131229 - Finalized,02/05/2025,Chips_QuarterSplit,9.445,Yuvitza.Davila,02/05/2025,,,,9.46
JES-25-121,676836,45.75,47.275,1.53,1,,ALS,PIL-095,HE25131229 - Finalized,02/05/2025,Chips_QuarterSplit,9.29,Yuvitza.Davila,02/05/2025,,,,9.3
JES-25-121,676837,47.275,48.8,1.53,1,,ALS,PIL-095,HE25131229 - Finalized,02/05/2025,Chips_QuarterSplit,10.89,Yuvitza.Davila,02/05/2025,,,,10.9
JES-25-121,676838,48.8,50.325,1.53,1,,ALS,PIL-095,HE25131229 - Finalized,02/05/2025,Chips_QuarterSplit,10.065,Yuvitza.Davila,02/05/2025,,,,10.08
JES-25-121,676841,50.325,51.85,1.53,1,,ALS,PIL-095,HE25131229 - Finalized,02/05/2025,Chips_QuarterSplit,11.995,Yuvitza.Davila,02/05/2025,,,,12
JES-25-121,676842,51.85,53.375,1.53,1,,ALS,PIL-095,HE25131229 - Finalized,02/05/2025,Chips_QuarterSplit,10.825,Yuvitza.Davila,02/05/2025,,,,10.84
JES-25-121,676843,53.375,54.9,1.53,1,,ALS,PIL-095,HE25131229 - Finalized,02/05/2025,Chips_QuarterSplit,10.535,Yuvitza.Davila,02/05/2025,,,,10.54
JES-25-121,676844,54.9,56.425,1.53,1,,ALS,PIL-095,HE25131229 - Finalized,02/05/2025,Chips_QuarterSplit,11.12,Yuvitza.Davila,02/05/2025,,,,11.14
JES-25-121,676845,56.425,57.95,1.53,1,,ALS,PIL-095,HE25131229 - Finalized,02/05/2025,Chips_QuarterSplit,9.745,Yuvitza.Davila,02/05/2025,,,,9.76
JES-25-121,676846,57.95,59.475,1.53,1,,ALS,PIL-095,HE25131229 - Finalized,02/05/2025,Chips_QuarterSplit,12.53,Yuvitza.Davila,02/05/2025,,,,12.56
JES-25-121,676847,59.475,61,1.53,1,,ALS,PIL-095,HE25131229 - Finalized,02/05/2025,Chips_QuarterSplit,11.24,Yuvitza.Davila,02/05/2025,,,,11.24
JES-25-121,676848,61,62.525,1.53,1,,ALS,PIL-095,HE25131229 - Finalized,02/05/2025,Chips_QuarterSplit,9.73,Yuvitza.Davila,02/05/2025,,,,9.74
JES-25-121,676849,62.525,64.05,1.53,1,,ALS,PIL-095,HE25131229 - Finalized,02/05/2025,Chips_QuarterSplit,12.14,Yuvitza.Davila,02/05/2025,,,,12.16
JES-25-121,676850,64.05,65.575,1.53,1,,ALS,PIL-095,HE25131229 - Finalized,02/05/2025,Chips_QuarterSplit,9.37,Yuvitza.Davila,02/05/2025,,,,9.38
JES-25-121,676851,65.575,67.1,1.52,1,,ALS,PIL-095,HE25131229 - Finalized,02/05/2025,Chips_QuarterSplit,9.925,Yuvitza.Davila,02/05/2025,,,,9.94
JES-25-121,676852,67.1,68.625,1.53,1,,ALS,PIL-095,HE25131229 - Finalized,02/05/2025,Chips_QuarterSplit,9.86,Yuvitza.Davila,02/05/2025,,,,9.88
JES-25-121,676853,68.625,70.15,1.53,1,,ALS,PIL-095,HE25131229 - Finalized,02/05/2025,Chips_QuarterSplit,10.595,Yuvitza.Davila,02/05/2025,,,,10.6
JES-25-121,676854,70.15,71.675,1.52,1,,ALS,PIL-095,HE25131229 - Finalized,02/05/2025,Chips_QuarterSplit,10.945,Yuvitza.Davila,02/05/2025,,,,10.96
JES-25-121,676855,71.675,73.2,1.53,1,,ALS,PIL-095,HE25131229 - Finalized,02/05/2025,Chips_QuarterSplit,10.645,Yuvitza.Davila,02/05/2025,,,,10.66
JES-25-121,676856,73.2,74.725,1.52,1,,ALS,PIL-095,HE25131229 - Finalized,02/05/2025,Chips_QuarterSplit,10.665,Yuvitza.Davila,02/05/2025,,,,10.6
JES-25-121,676857,74.725,76.25,1.53,1,,ALS,PIL-095,HE25131229 - Finalized,02/05/2025,Chips_QuarterSplit,10.955,Yuvitza.Davila,02/05/2025,,,,10.94
JES-25-121,676859,76.25,77.775,1.53,1,,ALS,PIL-095,HE25131229 - Finalized,02/05/2025,Chips_QuarterSplit,9.92,Yuvitza.Davila,02/05/2025,,,,9.86
JES-25-121,676860,77.775,79.3,1.52,1,,ALS,PIL-095,HE25131229 - Finalized,02/05/2025,Chips_QuarterSplit,9.83,Yuvitza.Davila,02/05/2025,,,,9.84
JES-25-121,676861,79.3,80.825,1.53,1,,ALS,PIL-095,HE25131229 - Finalized,02/05/2025,Chips_QuarterSplit,10.125,Yuvitza.Davila,02/05/2025,,,,10.14
JES-25-121,676862,80.825,82.35,1.52,1,,ALS,PIL-095,HE25131229 - Finalized,02/05/2025,Chips_QuarterSplit,9.705,Yuvitza.Davila,02/05/2025,,,,9.72
JES-25-121,676863,82.35,83.875,1.53,1,,ALS,PIL-095,HE25131229 - Finalized,02/05/2025,Chips_QuarterSplit,10.665,Yuvitza.Davila,02/05/2025,,,,10.68
JES-25-121,676864,83.875,85.4,1.53,1,,ALS,PIL-095,HE25131229 - Finalized,02/05/2025,Chips_QuarterSplit,13.06,Yuvitza.Davila,02/05/2025,,,,13.08
JES-25-121,676865,85.4,86.925,1.52,1,,ALS,PIL-095,HE25131229 - Finalized,02/05/2025,Chips_QuarterSplit,10.255,Yuvitza.Davila,02/05/2025,,,,10.26
JES-25-121,676866,86.925,88.45,1.53,1,,ALS,PIL-095,HE25131229 - Finalized,02/05/2025,Chips_QuarterSplit,12.065,Yuvitza.Davila,02/05/2025,,,,12.08
JES-25-121,676867,88.45,89.975,1.52,1,,ALS,PIL-095,HE25131229 - Finalized,02/05/2025,Chips_QuarterSplit,8.975,Yuvitza.Davila,02/05/2025,,,,8.98
JES-25-121,676868,89.975,91.5,1.53,1,,ALS,PIL-095,HE25131229 - Finalized,02/05/2025,Chips_QuarterSplit,10.835,Yuvitza.Davila,02/05/2025,,,,10.86
JES-25-121,676869,91.5,93.025,1.53,1,,ALS,PIL-095,HE25131229 - Finalized,02/05/2025,Chips_QuarterSplit,9.705,Yuvitza.Davila,02/05/2025,,,,9.72
JES-25-121,676870,93.025,94.55,1.52,1,,ALS,PIL-095,HE25131229 - Finalized,02/05/2025,Chips_QuarterSplit,10.315,Yuvitza.Davila,02/05/2025,,,,10.32
JES-25-121,676871,94.55,96.075,1.53,1,,ALS,PIL-095,HE25131229 - Finalized,02/05/2025,Chips_QuarterSplit,9.45,Yuvitza.Davila,02/05/2025,,,,9.46
JES-25-121,676872,96.075,97.6,1.52,1,,ALS,PIL-095,HE25131229 - Finalized,02/05/2025,Chips_QuarterSplit,11.455,Yuvitza.Davila,02/05/2025,,,,11.46
JES-25-121,676873,97.6,99.125,1.53,1,,ALS,PIL-095,HE25131229 - Finalized,02/05/2025,Chips_QuarterSplit,12.825,Yuvitza.Davila,02/05/2025,,,,12.84
JES-25-121,676874,99.125,100.65,1.53,1,,ALS,PIL-095,HE25131229 - Finalized,02/05/2025,Chips_QuarterSplit,8.615,Yuvitza.Davila,02/05/2025,,,,8.62
JES-25-121,676876,100.65,102.175,1.52,1,,ALS,PIL-095,HE25131229 - Finalized,02/05/2025,Chips_QuarterSplit,13.955,Yuvitza.Davila,02/05/2025,,,,13.98
JES-25-121,676877,102.175,103.7,1.53,1,,ALS,PIL-095,HE25131229 - Finalized,02/05/2025,Chips_QuarterSplit,9.95,Yuvitza.Davila,02/05/2025,,,,9.96
JES-25-121,676878,103.7,105.225,1.52,1,,ALS,PIL-095,HE25131229 - Finalized,02/05/2025,Chips_QuarterSplit,10.505,Yuvitza.Davila,02/05/2025,,,,10.52
JES-25-121,676879,105.225,106.75,1.53,1,,ALS,PIL-095,HE25131229 - Finalized,02/05/2025,Chips_QuarterSplit,10.07,Yuvitza.Davila,02/05/2025,,,,10.08
JES-25-121,676880,106.75,108.275,1.53,1,,ALS,PIL-095,HE25131229 - Finalized,02/05/2025,Chips_QuarterSplit,10.48,Yuvitza.Davila,02/05/2025,,,,10.5
JES-25-121,676881,108.275,109.8,1.52,1,,ALS,PIL-095,HE25131229 - Finalized,02/05/2025,Chips_QuarterSplit,10.645,Yuvitza.Davila,02/05/2025,,,,10.66
JES-25-121,676882,109.8,111.325,1.53,1,,ALS,PIL-095,HE25131229 - Finalized,02/05/2025,Chips_QuarterSplit,10.33,Yuvitza.Davila,02/05/2025,,,,10.34
JES-25-121,676883,111.325,112.85,1.52,1,,ALS,PIL-095,HE25131229 - Finalized,02/05/2025,Chips_QuarterSplit,9.315,Yuvitza.Davila,02/05/2025,,,,9.32
JES-25-121,676884,112.85,114.375,1.53,1,,ALS,PIL-095,HE25131229 - Finalized,02/05/2025,Chips_QuarterSplit,9.77,Yuvitza.Davila,02/05/2025,,,,9.78
JES-25-121,676885,114.375,115.9,1.53,1,,ALS,PIL-095,HE25131229 - Finalized,02/05/2025,Chips_QuarterSplit,10.33,Yuvitza.Davila,02/05/2025,,,,10.34
JES-25-121,676886,115.9,117.425,1.52,1,,ALS,PIL-095,HE25131229 - Finalized,02/05/2025,Chips_QuarterSplit,8.715,Yuvitza.Davila,02/05/2025,,,,8.72
JES-25-121,676887,117.425,118.95,1.53,1,,ALS,PIL-095,HE25131229 - Finalized,02/05/2025,Chips_QuarterSplit,10.87,Yuvitza.Davila,02/05/2025,,,,10.88
JES-25-121,676888,118.95,120.475,1.52,1,,ALS,PIL-095,HE25131229 - Finalized,02/05/2025,Chips_QuarterSplit,11.85,Yuvitza.Davila,02/05/2025,,,,11.86
JES-25-121,676889,120.475,122,1.53,1,,ALS,PIL-095,HE25131229 - Finalized,02/05/2025,Chips_QuarterSplit,11.245,Yuvitza.Davila,02/05/2025,,,,11.26
JES-25-121,676890,122,123.525,1.53,1,,ALS,PIL-095,HE25131229 - Finalized,02/05/2025,Chips_QuarterSplit,10.965,Yuvitza.Davila,02/05/2025,,,,10.98
JES-25-121,676891,123.525,125.05,1.52,1,,ALS,PIL-095,HE25131229 - Finalized,02/05/2025,Chips_QuarterSplit,11.755,Yuvitza.Davila,02/05/2025,,,,11.76
JES-25-121,676892,125.05,126.575,1.53,1,,ALS,PIL-095,HE25131229 - Finalized,02/05/2025,Chips_QuarterSplit,10.095,Yuvitza.Davila,02/05/2025,,,,10.1
JES-25-121,676893,126.575,128.1,1.52,1,,ALS,PIL-095,HE25131229 - Finalized,02/05/2025,Chips_QuarterSplit,8.795,Yuvitza.Davila,02/05/2025,,,,8.8
JES-25-121,676894,128.1,129.625,1.53,1,,ALS,PIL-095,HE25131229 - Finalized,02/05/2025,Chips_QuarterSplit,11.17,Yuvitza.Davila,02/05/2025,,,,11.18
JES-25-121,676895,129.625,131.15,1.53,1,,ALS,PIL-095,HE25131229 - Finalized,02/05/2025,Chips_QuarterSplit,12.135,Yuvitza.Davila,02/05/2025,,,,12.16
JES-25-121,676896,131.15,132.675,1.53,1,,ALS,PIL-095,HE25131229 - Finalized,02/05/2025,Chips_QuarterSplit,10.28,Yuvitza.Davila,02/05/2025,,,,10.28
JES-25-121,676898,132.675,134.2,1.52,1,,ALS,PIL-095,HE25131229 - Finalized,02/05/2025,Chips_QuarterSplit,11.275,Yuvitza.Davila,02/05/2025,,,,11.28
JES-25-121,676899,134.2,135.725,1.53,1,,ALS,PIL-095,HE25131229 - Finalized,02/05/2025,Chips_QuarterSplit,8.94,Yuvitza.Davila,02/05/2025,,,,8.96
JES-25-121,676900,135.725,137.25,1.53,1,,ALS,PIL-095,HE25131229 - Finalized,02/05/2025,Chips_QuarterSplit,10.555,Yuvitza.Davila,02/05/2025,,,,10.58
JES-25-121,676901,137.25,138.775,1.53,1,,ALS,PIL-095,HE25131229 - Finalized,02/05/2025,Chips_QuarterSplit,9.945,Yuvitza.Davila,02/05/2025,,,,9.96
JES-25-121,676902,138.775,140.3,1.53,1,,ALS,PIL-095,HE25131229 - Finalized,02/05/2025,Chips_QuarterSplit,9.705,Yuvitza.Davila,02/05/2025,,,,9.72
JES-25-121,676903,140.3,141.825,1.52,1,,ALS,PIL-095,HE25131229 - Finalized,02/05/2025,Chips_QuarterSplit,9.09,Yuvitza.Davila,02/05/2025,,,,9.1
JES-25-121,676904,141.825,143.35,1.53,1,,ALS,PIL-095,HE25131229 - Finalized,02/05/2025,Chips_QuarterSplit,9.57,Yuvitza.Davila,02/05/2025,,,,9.58
JES-25-121,676905,143.35,144.875,1.53,1,,ALS,PIL-095,HE25131229 - Finalized,02/05/2025,Chips_QuarterSplit,11.1,Yuvitza.Davila,02/05/2025,,,,11.12
JES-25-121,676906,144.875,146.4,1.53,1,,ALS,PIL-095,HE25131229 - Finalized,02/05/2025,Chips_QuarterSplit,10.76,Yuvitza.Davila,02/05/2025,,,,10.76
JES-25-121,676907,146.4,147.925,1.53,1,,ALS,PIL-095,HE25131229 - Finalized,02/05/2025,Chips_QuarterSplit,10.54,Yuvitza.Davila,02/05/2025,,,,10.56
JES-25-121,676908,147.925,149.45,1.52,1,,ALS,PIL-095,HE25131229 - Finalized,02/05/2025,Chips_QuarterSplit,9.44,Yuvitza.Davila,02/05/2025,,,,9.46
JES-25-121,676909,149.45,150.975,1.53,1,,ALS,PIL-095,HE25131229 - Finalized,02/05/2025,Chips_QuarterSplit,8.95,Yuvitza.Davila,02/05/2025,,,,8.96
JES-25-122,676914,0,1.525,1.53,1,,ALS,PIL-096,HE25131230 - Finalized,05/05/2025,Chips_QuarterSplit,1.14,Yuvitza.Davila,05/05/2025,,,,1.14
JES-25-122,676915,1.525,3.05,1.53,1,,ALS,PIL-096,HE25131230 - Finalized,05/05/2025,Chips_QuarterSplit,7.935,Yuvitza.Davila,05/05/2025,,,,7.96
JES-25-122,676916,3.05,4.575,1.53,1,,ALS,PIL-096,HE25131230 - Finalized,05/05/2025,Chips_QuarterSplit,15.045,Yuvitza.Davila,05/05/2025,,,,13.98
JES-25-122,676917,4.575,6.1,1.53,1,,ALS,PIL-096,HE25131230 - Finalized,05/05/2025,Chips_QuarterSplit,7.71,Yuvitza.Davila,05/05/2025,,,,7.72
JES-25-122,676918,6.1,7.625,1.53,1,,ALS,PIL-096,HE25131230 - Finalized,05/05/2025,Chips_QuarterSplit,7.135,Yuvitza.Davila,05/05/2025,,,,7.14
JES-25-122,676919,7.625,9.15,1.53,1,,ALS,PIL-096,HE25131230 - Finalized,05/05/2025,Chips_QuarterSplit,8.72,Yuvitza.Davila,05/05/2025,,,,8.72
JES-25-122,676920,9.15,10.675,1.53,1,,ALS,PIL-096,HE25131230 - Finalized,05/05/2025,Chips_QuarterSplit,8.73,Yuvitza.Davila,05/05/2025,,,,8.74
JES-25-122,676921,10.675,12.2,1.53,1,,ALS,PIL-096,HE25131230 - Finalized,05/05/2025,Chips_QuarterSplit,6.97,Yuvitza.Davila,05/05/2025,,,,6.98
JES-25-122,676922,12.2,13.725,1.53,1,,ALS,PIL-096,HE25131230 - Finalized,05/05/2025,Chips_QuarterSplit,8.55,Yuvitza.Davila,05/05/2025,,,,8.56
JES-25-122,676923,13.725,15.25,1.53,1,,ALS,PIL-096,HE25131230 - Finalized,05/05/2025,Chips_QuarterSplit,7.37,Yuvitza.Davila,05/05/2025,,,,7.38
JES-25-122,676924,15.25,16.775,1.53,1,,ALS,PIL-096,HE25131230 - Finalized,05/05/2025,Chips_QuarterSplit,7.955,Yuvitza.Davila,05/05/2025,,,,7.96
JES-25-122,676925,16.775,18.3,1.53,1,,ALS,PIL-096,HE25131230 - Finalized,05/05/2025,Chips_QuarterSplit,9.885,Yuvitza.Davila,05/05/2025,,,,9.9
JES-25-122,676926,18.3,19.825,1.53,1,,ALS,PIL-096,HE25131230 - Finalized,05/05/2025,Chips_QuarterSplit,9.29,Yuvitza.Davila,05/05/2025,,,,9.3
JES-25-122,676927,19.825,21.35,1.53,1,,ALS,PIL-096,HE25131230 - Finalized,05/05/2025,Chips_QuarterSplit,5.845,Yuvitza.Davila,05/05/2025,,,,5.86
JES-25-122,676929,21.35,22.875,1.53,1,,ALS,PIL-096,HE25131230 - Finalized,05/05/2025,Chips_QuarterSplit,9.01,Yuvitza.Davila,05/05/2025,,,,9.02
JES-25-122,676930,22.875,24.4,1.53,1,,ALS,PIL-096,HE25131230 - Finalized,05/05/2025,Chips_QuarterSplit,10.505,Yuvitza.Davila,05/05/2025,,,,10.52
JES-25-122,676931,24.4,25.925,1.53,1,,ALS,PIL-096,HE25131230 - Finalized,05/05/2025,Chips_QuarterSplit,8.215,Yuvitza.Davila,05/05/2025,,,,8.22
JES-25-122,676932,25.925,27.45,1.53,1,,ALS,PIL-096,HE25131230 - Finalized,05/05/2025,Chips_QuarterSplit,10.885,Yuvitza.Davila,05/05/2025,,,,10.9
JES-25-122,676933,27.45,28.975,1.53,1,,ALS,PIL-096,HE25131230 - Finalized,05/05/2025,Chips_QuarterSplit,10.075,Yuvitza.Davila,05/05/2025,,,,10.08
JES-25-122,676934,28.975,30.5,1.53,1,,ALS,PIL-096,HE25131230 - Finalized,05/05/2025,Chips_QuarterSplit,13.23,Yuvitza.Davila,05/05/2025,,,,13.24
JES-25-122,676935,30.5,32.025,1.53,1,,ALS,PIL-096,HE25131230 - Finalized,05/05/2025,Chips_QuarterSplit,12.25,Yuvitza.Davila,05/05/2025,,,,12.26
JES-25-122,676936,32.025,33.55,1.53,1,,ALS,PIL-096,HE25131230 - Finalized,05/05/2025,Chips_QuarterSplit,3.125,Yuvitza.Davila,05/05/2025,,,,3.12
JES-25-122,676937,33.55,35.075,1.53,1,,ALS,PIL-096,HE25131230 - Finalized,05/05/2025,Chips_QuarterSplit,6.03,Yuvitza.Davila,05/05/2025,,,,6.04
JES-25-122,676938,35.075,36.6,1.53,1,,ALS,PIL-096,HE25131230 - Finalized,05/05/2025,Chips_QuarterSplit,14.175,Yuvitza.Davila,05/05/2025,,,,14.2
JES-25-122,676939,36.6,38.125,1.53,1,,ALS,PIL-096,HE25131230 - Finalized,05/05/2025,Chips_QuarterSplit,13.625,Yuvitza.Davila,05/05/2025,,,,13.64
JES-25-122,676940,38.125,39.65,1.53,1,,ALS,PIL-096,HE25131230 - Finalized,05/05/2025,Chips_QuarterSplit,11.43,Yuvitza.Davila,05/05/2025,,,,11.42
JES-25-122,676941,39.65,41.175,1.53,1,,ALS,PIL-096,HE25131230 - Finalized,05/05/2025,Chips_QuarterSplit,15.07,Yuvitza.Davila,05/05/2025,,,,15.08
JES-25-122,676942,41.175,42.7,1.53,1,,ALS,PIL-096,HE25131230 - Finalized,05/05/2025,Chips_QuarterSplit,10.775,Yuvitza.Davila,05/05/2025,,,,10.78
JES-25-122,676943,42.7,44.225,1.53,1,,ALS,PIL-096,HE25131230 - Finalized,05/05/2025,Chips_QuarterSplit,14.63,Yuvitza.Davila,05/05/2025,,,,14.64
JES-25-122,676944,44.225,45.75,1.53,1,,ALS,PIL-096,HE25131230 - Finalized,05/05/2025,Chips_QuarterSplit,13.445,Yuvitza.Davila,05/05/2025,,,,13.46
JES-25-122,676945,45.75,47.275,1.53,1,,ALS,PIL-096,HE25131230 - Finalized,05/05/2025,Chips_QuarterSplit,11.75,Yuvitza.Davila,05/05/2025,,,,11.76
JES-25-122,676946,47.275,48.8,1.53,1,,ALS,PIL-096,HE25131230 - Finalized,05/05/2025,Chips_QuarterSplit,14.125,Yuvitza.Davila,05/05/2025,,,,14.14
JES-25-122,676947,48.8,50.325,1.53,1,,ALS,PIL-096,HE25131230 - Finalized,05/05/2025,Chips_QuarterSplit,12.73,Yuvitza.Davila,05/05/2025,,,,12.74
JES-25-122,676950,50.325,51.85,1.53,1,,ALS,PIL-096,HE25131230 - Finalized,05/05/2025,Chips_QuarterSplit,11.565,Yuvitza.Davila,05/05/2025,,,,11.58
JES-25-122,676951,51.85,53.375,1.53,1,,ALS,PIL-096,HE25131230 - Finalized,05/05/2025,Chips_QuarterSplit,12.57,Yuvitza.Davila,05/05/2025,,,,12.58
JES-25-122,676952,53.375,54.9,1.53,1,,ALS,PIL-096,HE25131230 - Finalized,05/05/2025,Chips_QuarterSplit,9.14,Yuvitza.Davila,05/05/2025,,,,9.16
JES-25-122,676953,54.9,56.425,1.53,1,,ALS,PIL-096,HE25131230 - Finalized,05/05/2025,Chips_QuarterSplit,13.985,Yuvitza.Davila,05/05/2025,,,,14
JES-25-122,676954,56.425,57.95,1.53,1,,ALS,PIL-096,HE25131230 - Finalized,05/05/2025,Chips_QuarterSplit,11.295,Yuvitza.Davila,05/05/2025,,,,11.3
JES-25-122,676955,57.95,59.475,1.53,1,,ALS,PIL-096,HE25131230 - Finalized,05/05/2025,Chips_QuarterSplit,13.61,Yuvitza.Davila,05/05/2025,,,,13.62
JES-25-122,676956,59.475,61,1.53,1,,ALS,PIL-096,HE25131230 - Finalized,05/05/2025,Chips_QuarterSplit,9.015,Yuvitza.Davila,05/05/2025,,,,9.02
JES-25-122,676957,61,62.525,1.53,1,,ALS,PIL-096,HE25131230 - Finalized,05/05/2025,Chips_QuarterSplit,10.64,Yuvitza.Davila,05/05/2025,,,,10.66
JES-25-122,676958,62.525,64.05,1.53,1,,ALS,PIL-096,HE25131230 - Finalized,05/05/2025,Chips_QuarterSplit,11.535,Yuvitza.Davila,05/05/2025,,,,11.54
JES-25-122,676959,64.05,65.575,1.53,1,,ALS,PIL-096,HE25131230 - Finalized,05/05/2025,Chips_QuarterSplit,11.12,Yuvitza.Davila,05/05/2025,,,,11.14
JES-25-122,676960,65.575,67.1,1.52,1,,ALS,PIL-096,HE25131230 - Finalized,05/05/2025,Chips_QuarterSplit,8.795,Yuvitza.Davila,05/05/2025,,,,8.8
JES-25-122,676961,67.1,68.625,1.53,1,,ALS,PIL-096,HE25131230 - Finalized,05/05/2025,Chips_QuarterSplit,10.855,Yuvitza.Davila,05/05/2025,,,,10.86
JES-25-122,676962,68.625,70.15,1.53,1,,ALS,PIL-096,HE25131230 - Finalized,05/05/2025,Chips_QuarterSplit,10.535,Yuvitza.Davila,05/05/2025,,,,10.54
JES-25-122,676963,70.15,71.675,1.52,1,,ALS,PIL-096,HE25131230 - Finalized,05/05/2025,Chips_QuarterSplit,12.215,Yuvitza.Davila,05/05/2025,,,,12.22
JES-25-122,676964,71.675,73.2,1.53,1,,ALS,PIL-096,HE25131230 - Finalized,05/05/2025,Chips_QuarterSplit,11.305,Yuvitza.Davila,05/05/2025,,,,11.32
JES-25-122,676965,73.2,74.725,1.52,1,,ALS,PIL-096,HE25131230 - Finalized,05/05/2025,Chips_QuarterSplit,10.78,Yuvitza.Davila,05/05/2025,,,,10.8
JES-25-122,676966,74.725,76.25,1.53,1,,ALS,PIL-096,HE25131230 - Finalized,05/05/2025,Chips_QuarterSplit,12.01,Yuvitza.Davila,05/05/2025,,,,12.02
JES-25-122,676968,76.25,77.775,1.53,1,,ALS,PIL-096,HE25131230 - Finalized,05/05/2025,Chips_QuarterSplit,9.165,Yuvitza.Davila,05/05/2025,,,,9.18
JES-25-122,676969,77.775,79.3,1.52,1,,ALS,PIL-096,HE25131230 - Finalized,05/05/2025,Chips_QuarterSplit,10.955,Yuvitza.Davila,05/05/2025,,,,10.96
JES-25-122,676970,79.3,80.825,1.53,1,,ALS,PIL-096,HE25131230 - Finalized,05/05/2025,Chips_QuarterSplit,10.785,Yuvitza.Davila,05/05/2025,,,,10.8
JES-25-122,676971,80.825,82.35,1.52,1,,ALS,PIL-096,HE25131230 - Finalized,05/05/2025,Chips_QuarterSplit,11.415,Yuvitza.Davila,05/05/2025,,,,11.42
JES-25-122,676972,82.35,83.875,1.53,1,,ALS,PIL-096,HE25131230 - Finalized,05/05/2025,Chips_QuarterSplit,10.33,Yuvitza.Davila,05/05/2025,,,,10.34
JES-25-122,676973,83.875,85.4,1.53,1,,ALS,PIL-096,HE25131230 - Finalized,05/05/2025,Chips_QuarterSplit,11.02,Yuvitza.Davila,05/05/2025,,,,11.04
JES-25-122,676974,85.4,86.925,1.52,1,,ALS,PIL-096,HE25131230 - Finalized,05/05/2025,Chips_QuarterSplit,11.635,Yuvitza.Davila,05/05/2025,,,,11.64
JES-25-122,676975,86.925,88.45,1.53,1,,ALS,PIL-096,HE25131230 - Finalized,05/05/2025,Chips_QuarterSplit,11.585,Yuvitza.Davila,05/05/2025,,,,11.6
JES-25-122,676976,88.45,89.975,1.52,1,,ALS,PIL-096,HE25131230 - Finalized,05/05/2025,Chips_QuarterSplit,11.61,Yuvitza.Davila,05/05/2025,,,,11.62
JES-25-122,676977,89.975,91.5,1.53,1,,ALS,PIL-096,HE25131230 - Finalized,05/05/2025,Chips_QuarterSplit,9.61,Yuvitza.Davila,05/05/2025,,,,9.62
JES-25-122,676978,91.5,93.025,1.53,1,,ALS,PIL-096,HE25131230 - Finalized,05/05/2025,Chips_QuarterSplit,5.85,Yuvitza.Davila,05/05/2025,,,,5.86
JES-25-122,676979,93.025,94.55,1.52,1,,ALS,PIL-096,HE25131230 - Finalized,05/05/2025,Chips_QuarterSplit,14.545,Yuvitza.Davila,05/05/2025,,,,14.56
JES-25-122,676980,94.55,96.075,1.53,1,,ALS,PIL-096,HE25131230 - Finalized,05/05/2025,Chips_QuarterSplit,10.705,Yuvitza.Davila,05/05/2025,,,,10.72
JES-25-122,676981,96.075,97.6,1.52,1,,ALS,PIL-096,HE25131230 - Finalized,05/05/2025,Chips_QuarterSplit,12.75,Yuvitza.Davila,05/05/2025,,,,12.76
JES-25-122,676982,97.6,99.125,1.53,1,,ALS,PIL-096,HE25131230 - Finalized,05/05/2025,Chips_QuarterSplit,12.85,Yuvitza.Davila,05/05/2025,,,,12.86
JES-25-122,676983,99.125,100.65,1.53,1,,ALS,PIL-096,HE25131230 - Finalized,05/05/2025,Chips_QuarterSplit,11.325,Yuvitza.Davila,05/05/2025,,,,11.34
JES-25-122,676985,100.65,102.175,1.52,1,,ALS,PIL-096,HE25131230 - Finalized,05/05/2025,Chips_QuarterSplit,13.095,Yuvitza.Davila,05/05/2025,,,,13.1
JES-25-122,676986,102.175,103.7,1.53,1,,ALS,PIL-096,HE25131230 - Finalized,05/05/2025,Chips_QuarterSplit,12.505,Yuvitza.Davila,05/05/2025,,,,12.52
JES-25-122,676987,103.7,105.225,1.52,1,,ALS,PIL-096,HE25131230 - Finalized,05/05/2025,Chips_QuarterSplit,10.485,Yuvitza.Davila,05/05/2025,,,,10.5
JES-25-122,676988,105.225,106.75,1.53,1,,ALS,PIL-096,HE25131230 - Finalized,05/05/2025,Chips_QuarterSplit,13.305,Yuvitza.Davila,05/05/2025,,,,13.32
JES-25-122,676989,106.75,108.275,1.53,1,,ALS,PIL-096,HE25131230 - Finalized,05/05/2025,Chips_QuarterSplit,13.46,Yuvitza.Davila,05/05/2025,,,,13.48
JES-25-122,676990,108.275,109.8,1.52,1,,ALS,PIL-096,HE25131230 - Finalized,05/05/2025,Chips_QuarterSplit,10.12,Yuvitza.Davila,05/05/2025,,,,10.14
JES-25-122,676991,109.8,111.325,1.53,1,,ALS,PIL-096,HE25131230 - Finalized,05/05/2025,Chips_QuarterSplit,8.06,Yuvitza.Davila,05/05/2025,,,,8.06
JES-25-122,676992,111.325,112.85,1.52,1,,ALS,PIL-096,HE25131230 - Finalized,05/05/2025,Chips_QuarterSplit,10.3,Yuvitza.Davila,05/05/2025,,,,10.3
JES-25-122,676993,112.85,114.375,1.53,1,,ALS,PIL-096,HE25131230 - Finalized,05/05/2025,Chips_QuarterSplit,12.03,Yuvitza.Davila,05/05/2025,,,,12.04
JES-25-122,676994,114.375,115.9,1.53,1,,ALS,PIL-096,HE25131230 - Finalized,05/05/2025,Chips_QuarterSplit,11.13,Yuvitza.Davila,05/05/2025,,,,11.14
JES-25-122,676995,115.9,117.425,1.52,1,,ALS,PIL-096,HE25131230 - Finalized,05/05/2025,Chips_QuarterSplit,9.82,Yuvitza.Davila,05/05/2025,,,,9.82
JES-25-122,676996,117.425,118.95,1.53,1,,ALS,PIL-096,HE25131230 - Finalized,05/05/2025,Chips_QuarterSplit,11.55,Yuvitza.Davila,05/05/2025,,,,11.56
JES-25-122,676997,118.95,120.475,1.52,1,,ALS,PIL-096,HE25131230 - Finalized,05/05/2025,Chips_QuarterSplit,10.475,Yuvitza.Davila,05/05/2025,,,,10.5
JES-25-122,676998,120.475,122,1.53,1,,ALS,PIL-096,HE25131230 - Finalized,05/05/2025,Chips_QuarterSplit,7.74,Yuvitza.Davila,05/05/2025,,,,7.76
JES-25-122,676999,122,123.525,1.53,1,,ALS,PIL-096,HE25131230 - Finalized,05/05/2025,Chips_QuarterSplit,8.875,Yuvitza.Davila,05/05/2025,,,,8.88
JES-25-122,677000,123.525,125.05,1.52,1,,ALS,PIL-096,HE25131230 - Finalized,05/05/2025,Chips_QuarterSplit,10.13,Yuvitza.Davila,05/05/2025,,,,10.14
JES-25-122,677001,125.05,126.575,1.53,1,,ALS,PIL-096,HE25131230 - Finalized,05/05/2025,Chips_QuarterSplit,9.915,Yuvitza.Davila,05/05/2025,,,,9.94
JES-25-122,677002,126.575,128.1,1.52,1,,ALS,PIL-096,HE25131230 - Finalized,05/05/2025,Chips_QuarterSplit,8.745,Yuvitza.Davila,05/05/2025,,,,8.76
JES-25-122,677003,128.1,129.625,1.53,1,,ALS,PIL-096,HE25131230 - Finalized,05/05/2025,Chips_QuarterSplit,12.205,Yuvitza.Davila,05/05/2025,,,,12.24
JES-25-122,677004,129.625,131.15,1.53,1,,ALS,PIL-096,HE25131230 - Finalized,05/05/2025,Chips_QuarterSplit,11.54,Yuvitza.Davila,05/05/2025,,,,11.56
JES-25-122,677005,131.15,132.675,1.53,1,,ALS,PIL-096,HE25131230 - Finalized,05/05/2025,Chips_QuarterSplit,11.26,Yuvitza.Davila,05/05/2025,,,,11.28
JES-25-122,677007,132.675,134.2,1.52,1,,ALS,PIL-096,HE25131230 - Finalized,05/05/2025,Chips_QuarterSplit,10.935,Yuvitza.Davila,05/05/2025,,,,10.96
JES-25-122,677008,134.2,135.725,1.53,1,,ALS,PIL-096,HE25131230 - Finalized,05/05/2025,Chips_QuarterSplit,12.34,Yuvitza.Davila,05/05/2025,,,,12.36
JES-25-122,677009,135.725,137.25,1.53,1,,ALS,PIL-096,HE25131230 - Finalized,05/05/2025,Chips_QuarterSplit,13.03,Yuvitza.Davila,05/05/2025,,,,13.06
JES-25-122,677010,137.25,138.775,1.53,1,,ALS,PIL-096,HE25131230 - Finalized,05/05/2025,Chips_QuarterSplit,12.725,Yuvitza.Davila,05/05/2025,,,,12.74
JES-25-122,677011,138.775,140.3,1.53,1,,ALS,PIL-096,HE25131230 - Finalized,05/05/2025,Chips_QuarterSplit,9.315,Yuvitza.Davila,05/05/2025,,,,9.34
JES-25-122,677012,140.3,141.825,1.52,1,,ALS,PIL-096,HE25131230 - Finalized,05/05/2025,Chips_QuarterSplit,9.8,Yuvitza.Davila,05/05/2025,,,,9.82
JES-25-122,677013,141.825,143.35,1.53,1,,ALS,PIL-096,HE25131230 - Finalized,05/05/2025,Chips_QuarterSplit,12.13,Yuvitza.Davila,05/05/2025,,,,12.16
JES-25-122,677014,143.35,144.875,1.53,1,,ALS,PIL-096,HE25131230 - Finalized,05/05/2025,Chips_QuarterSplit,10.185,Yuvitza.Davila,05/05/2025,,,,10.2
JES-25-122,677015,144.875,146.4,1.53,1,,ALS,PIL-096,HE25131230 - Finalized,05/05/2025,Chips_QuarterSplit,11.72,Yuvitza.Davila,05/05/2025,,,,11.74
JES-25-122,677016,146.4,147.925,1.53,1,,ALS,PIL-096,HE25131230 - Finalized,05/05/2025,Chips_QuarterSplit,10.095,Yuvitza.Davila,05/05/2025,,,,10.12
JES-25-122,677017,147.925,149.45,1.52,1,,ALS,PIL-096,HE25131230 - Finalized,05/05/2025,Chips_QuarterSplit,10.14,Yuvitza.Davila,05/05/2025,,,,10.16
JES-25-122,677018,149.45,150.975,1.53,1,,ALS,PIL-096,HE25131230 - Finalized,05/05/2025,Chips_QuarterSplit,13.6,Yuvitza.Davila,05/05/2025,,,,13.64
JES-25-122,677019,150.975,152.5,1.53,1,,ALS,PIL-096,HE25131230 - Finalized,05/05/2025,Chips_QuarterSplit,10.61,Yuvitza.Davila,05/05/2025,,,,10.64
JES-25-123,677024,0,1.525,1.53,1,,ALS,PIL-097,HE25133936 - Finalized,08/05/2025,Chips_QuarterSplit,2.355,Yuvitza.Davila,08/05/2025,,,,2.36
JES-25-123,677025,1.525,3.05,1.53,1,,ALS,PIL-097,HE25133936 - Finalized,08/05/2025,Chips_QuarterSplit,4.25,Yuvitza.Davila,08/05/2025,,,,4.27
JES-25-123,677026,3.05,4.575,1.53,1,,ALS,PIL-097,HE25133936 - Finalized,08/05/2025,Chips_QuarterSplit,4.54,Yuvitza.Davila,08/05/2025,,,,4.56
JES-25-123,677027,4.575,6.1,1.53,1,,ALS,PIL-097,HE25133936 - Finalized,08/05/2025,Chips_QuarterSplit,5.85,Yuvitza.Davila,08/05/2025,,,,5.87
JES-25-123,677028,6.1,7.625,1.53,1,,ALS,PIL-097,HE25133936 - Finalized,08/05/2025,Chips_QuarterSplit,13.2,Yuvitza.Davila,08/05/2025,,,,13.25
JES-25-123,677029,7.625,9.15,1.53,1,,ALS,PIL-097,HE25133936 - Finalized,08/05/2025,Chips_QuarterSplit,15.03,Yuvitza.Davila,08/05/2025,,,,15.07
JES-25-123,677030,9.15,10.675,1.53,1,,ALS,PIL-097,HE25133936 - Finalized,08/05/2025,Chips_QuarterSplit,11.25,Yuvitza.Davila,08/05/2025,,,,11.31
JES-25-123,677031,10.675,12.2,1.53,1,,ALS,PIL-097,HE25133936 - Finalized,08/05/2025,Chips_QuarterSplit,10.255,Yuvitza.Davila,08/05/2025,,,,10.3
JES-25-123,677032,12.2,13.725,1.53,1,,ALS,PIL-097,HE25133936 - Finalized,08/05/2025,Chips_QuarterSplit,9.57,Yuvitza.Davila,08/05/2025,,,,9.61
JES-25-123,677033,13.725,15.25,1.53,1,,ALS,PIL-097,HE25133936 - Finalized,08/05/2025,Chips_QuarterSplit,9.29,Yuvitza.Davila,08/05/2025,,,,9.31
JES-25-123,677034,15.25,16.775,1.53,1,,ALS,PIL-097,HE25133936 - Finalized,08/05/2025,Chips_QuarterSplit,5.63,Yuvitza.Davila,08/05/2025,,,,5.64
JES-25-123,677035,16.775,18.3,1.53,1,,ALS,PIL-097,HE25133936 - Finalized,08/05/2025,Chips_QuarterSplit,8.275,Yuvitza.Davila,08/05/2025,,,,8.31
JES-25-123,677036,18.3,19.825,1.53,1,,ALS,PIL-097,HE25133936 - Finalized,09/05/2025,Chips_QuarterSplit,10.02,Yuvitza.Davila,09/05/2025,,,,10.07
JES-25-123,677037,19.825,21.35,1.53,1,,ALS,PIL-097,HE25133936 - Finalized,09/05/2025,Chips_QuarterSplit,9.145,Yuvitza.Davila,09/05/2025,,,,9.19
JES-25-123,677039,21.35,22.875,1.53,1,,ALS,PIL-097,HE25133936 - Finalized,09/05/2025,Chips_QuarterSplit,9.76,Yuvitza.Davila,09/05/2025,,,,9.82
JES-25-123,677040,22.875,24.4,1.53,1,,ALS,PIL-097,HE25133936 - Finalized,09/05/2025,Chips_QuarterSplit,10.56,Yuvitza.Davila,09/05/2025,,,,10.61
JES-25-123,677041,24.4,25.925,1.53,1,,ALS,PIL-097,HE25133936 - Finalized,09/05/2025,Chips_QuarterSplit,10.535,Yuvitza.Davila,09/05/2025,,,,10.58
JES-25-123,677042,25.925,27.45,1.53,1,,ALS,PIL-097,HE25133936 - Finalized,09/05/2025,Chips_QuarterSplit,10.38,Yuvitza.Davila,09/05/2025,,,,10.42
JES-25-123,677043,27.45,28.975,1.53,1,,ALS,PIL-097,HE25133936 - Finalized,09/05/2025,Chips_QuarterSplit,8.325,Yuvitza.Davila,09/05/2025,,,,8.36
JES-25-123,677044,28.975,30.5,1.53,1,,ALS,PIL-097,HE25133936 - Finalized,09/05/2025,Chips_QuarterSplit,10.64,Yuvitza.Davila,09/05/2025,,,,10.69
JES-25-123,677045,30.5,32.025,1.53,1,,ALS,PIL-097,HE25133936 - Finalized,09/05/2025,Chips_QuarterSplit,9.585,Yuvitza.Davila,09/05/2025,,,,9.62
JES-25-123,677046,32.025,33.55,1.53,1,,ALS,PIL-097,HE25133936 - Finalized,09/05/2025,Chips_QuarterSplit,11.3,Yuvitza.Davila,09/05/2025,,,,11.36
JES-25-123,677047,33.55,35.075,1.53,1,,ALS,PIL-097,HE25133936 - Finalized,09/05/2025,Chips_QuarterSplit,8.73,Yuvitza.Davila,09/05/2025,,,,8.78
JES-25-123,677048,35.075,36.6,1.53,1,,ALS,PIL-097,HE25133936 - Finalized,09/05/2025,Chips_QuarterSplit,11.845,Yuvitza.Davila,09/05/2025,,,,11.86
JES-25-123,677049,36.6,38.125,1.53,1,,ALS,PIL-097,HE25133936 - Finalized,09/05/2025,Chips_QuarterSplit,7.12,Yuvitza.Davila,09/05/2025,,,,7.15
JES-25-123,677050,38.125,39.65,1.53,1,,ALS,PIL-097,HE25133936 - Finalized,09/05/2025,Chips_QuarterSplit,9.885,Yuvitza.Davila,09/05/2025,,,,9.92
JES-25-123,677051,39.65,41.175,1.53,1,,ALS,PIL-097,HE25133936 - Finalized,09/05/2025,Chips_QuarterSplit,9.63,Yuvitza.Davila,09/05/2025,,,,9.65
JES-25-123,677052,41.175,42.7,1.53,1,,ALS,PIL-097,HE25133936 - Finalized,09/05/2025,Chips_QuarterSplit,13.26,Yuvitza.Davila,09/05/2025,,,,13.31
JES-25-123,677053,42.7,44.225,1.53,1,,ALS,PIL-097,HE25133936 - Finalized,09/05/2025,Chips_QuarterSplit,9.48,Yuvitza.Davila,09/05/2025,,,,9.52
JES-25-123,677054,44.225,45.75,1.53,1,,ALS,PIL-097,HE25133936 - Finalized,09/05/2025,Chips_QuarterSplit,9.295,Yuvitza.Davila,09/05/2025,,,,9.36
JES-25-123,677055,45.75,47.275,1.53,1,,ALS,PIL-097,HE25133936 - Finalized,09/05/2025,Chips_QuarterSplit,10.395,Yuvitza.Davila,09/05/2025,,,,10.44
JES-25-123,677056,47.275,48.8,1.53,1,,ALS,PIL-097,HE25133936 - Finalized,09/05/2025,Chips_QuarterSplit,10.325,Yuvitza.Davila,09/05/2025,,,,10.37
JES-25-123,677057,48.8,50.325,1.53,1,,ALS,PIL-097,HE25133936 - Finalized,09/05/2025,Chips_QuarterSplit,10.375,Yuvitza.Davila,09/05/2025,,,,10.44
JES-25-123,677060,50.325,51.85,1.53,1,,ALS,PIL-097,HE25133936 - Finalized,09/05/2025,Chips_QuarterSplit,8.405,Yuvitza.Davila,09/05/2025,,,,8.44
JES-25-123,677061,51.85,53.375,1.53,1,,ALS,PIL-097,HE25133936 - Finalized,09/05/2025,Chips_QuarterSplit,8.29,Yuvitza.Davila,09/05/2025,,,,8.32
JES-25-123,677062,53.375,54.9,1.53,1,,ALS,PIL-097,HE25133936 - Finalized,09/05/2025,Chips_QuarterSplit,9.965,Yuvitza.Davila,09/05/2025,,,,10
JES-25-123,677063,54.9,56.425,1.53,1,,ALS,PIL-097,HE25133936 - Finalized,09/05/2025,Chips_QuarterSplit,10.075,Yuvitza.Davila,09/05/2025,,,,10.11
JES-25-123,677064,56.425,57.95,1.53,1,,ALS,PIL-097,HE25133936 - Finalized,09/05/2025,Chips_QuarterSplit,10.82,Yuvitza.Davila,09/05/2025,,,,10.84
JES-25-123,677065,57.95,59.475,1.53,1,,ALS,PIL-097,HE25133936 - Finalized,09/05/2025,Chips_QuarterSplit,9.83,Yuvitza.Davila,09/05/2025,,,,9.88
JES-25-123,677066,59.475,61,1.53,1,,ALS,PIL-097,HE25133936 - Finalized,09/05/2025,Chips_QuarterSplit,9.26,Yuvitza.Davila,09/05/2025,,,,9.32
JES-25-123,677067,61,62.525,1.53,1,,ALS,PIL-097,HE25133936 - Finalized,09/05/2025,Chips_QuarterSplit,10.37,Yuvitza.Davila,09/05/2025,,,,10.43
JES-25-123,677068,62.525,64.05,1.53,1,,ALS,PIL-097,HE25133936 - Finalized,09/05/2025,Chips_QuarterSplit,11.2,Yuvitza.Davila,09/05/2025,,,,11.27
JES-25-123,677069,64.05,65.575,1.53,1,,ALS,PIL-097,HE25133936 - Finalized,09/05/2025,Chips_QuarterSplit,10.175,Yuvitza.Davila,09/05/2025,,,,10.19
JES-25-123,677070,65.575,67.1,1.52,1,,ALS,PIL-097,HE25133936 - Finalized,09/05/2025,Chips_QuarterSplit,11.555,Yuvitza.Davila,09/05/2025,,,,11.61
JES-25-123,677071,67.1,68.625,1.53,1,,ALS,PIL-097,HE25133936 - Finalized,09/05/2025,Chips_QuarterSplit,11.02,Yuvitza.Davila,09/05/2025,,,,11.06
JES-25-123,677072,68.625,70.15,1.53,1,,ALS,PIL-097,HE25133936 - Finalized,09/05/2025,Chips_QuarterSplit,10.01,Yuvitza.Davila,09/05/2025,,,,10.06
JES-25-123,677073,70.15,71.675,1.52,1,,ALS,PIL-097,HE25133936 - Finalized,09/05/2025,Chips_QuarterSplit,9.825,Yuvitza.Davila,09/05/2025,,,,9.91
JES-25-123,677074,71.675,73.2,1.53,1,,ALS,PIL-097,HE25133936 - Finalized,09/05/2025,Chips_QuarterSplit,7.585,Yuvitza.Davila,09/05/2025,,,,7.63
JES-25-123,677075,73.2,74.725,1.52,1,,ALS,PIL-097,HE25133936 - Finalized,09/05/2025,Chips_QuarterSplit,10.09,Yuvitza.Davila,09/05/2025,,,,10.16
JES-25-123,677076,74.725,76.25,1.53,1,,ALS,PIL-097,HE25133936 - Finalized,09/05/2025,Chips_QuarterSplit,8.675,Yuvitza.Davila,09/05/2025,,,,8.72
JES-25-123,677078,76.25,77.775,1.53,1,,ALS,PIL-097,HE25133936 - Finalized,09/05/2025,Chips_QuarterSplit,9.055,Yuvitza.Davila,09/05/2025,,,,9.1
JES-25-123,677079,77.775,79.3,1.52,1,,ALS,PIL-097,HE25133936 - Finalized,09/05/2025,Chips_QuarterSplit,7.14,Yuvitza.Davila,09/05/2025,,,,7.17
JES-25-123,677080,79.3,80.825,1.53,1,,ALS,PIL-097,HE25133936 - Finalized,09/05/2025,Chips_QuarterSplit,12.185,Yuvitza.Davila,09/05/2025,,,,12.25
JES-25-123,677081,80.825,82.35,1.52,1,,ALS,PIL-097,HE25133936 - Finalized,09/05/2025,Chips_QuarterSplit,10.455,Yuvitza.Davila,09/05/2025,,,,10.51
JES-25-123,677082,82.35,83.875,1.53,1,,ALS,PIL-097,HE25133936 - Finalized,09/05/2025,Chips_QuarterSplit,6.425,Yuvitza.Davila,09/05/2025,,,,6.46
JES-25-123,677083,83.875,85.4,1.53,1,,ALS,PIL-097,HE25133936 - Finalized,09/05/2025,Chips_QuarterSplit,13.52,Yuvitza.Davila,09/05/2025,,,,13.57
JES-25-123,677084,85.4,86.925,1.52,1,,ALS,PIL-097,HE25133936 - Finalized,09/05/2025,Chips_QuarterSplit,8.31,Yuvitza.Davila,09/05/2025,,,,8.36
JES-25-123,677085,86.925,88.45,1.53,1,,ALS,PIL-097,HE25133936 - Finalized,09/05/2025,Chips_QuarterSplit,11.725,Yuvitza.Davila,09/05/2025,,,,11.79
JES-25-123,677086,88.45,89.975,1.52,1,,ALS,PIL-097,HE25133936 - Finalized,09/05/2025,Chips_QuarterSplit,11.69,Yuvitza.Davila,09/05/2025,,,,11.75
JES-25-123,677087,89.975,91.5,1.53,1,,ALS,PIL-097,HE25133936 - Finalized,09/05/2025,Chips_QuarterSplit,8.54,Yuvitza.Davila,09/05/2025,,,,8.58
JES-25-123,677088,91.5,93.025,1.53,1,,ALS,PIL-097,HE25133936 - Finalized,09/05/2025,Chips_QuarterSplit,10.88,Yuvitza.Davila,09/05/2025,,,,10.92
JES-25-123,677089,93.025,94.55,1.52,1,,ALS,PIL-097,HE25133936 - Finalized,09/05/2025,Chips_QuarterSplit,10.81,Yuvitza.Davila,09/05/2025,,,,10.84
JES-25-123,677090,94.55,96.075,1.53,1,,ALS,PIL-097,HE25133936 - Finalized,09/05/2025,Chips_QuarterSplit,10.09,Yuvitza.Davila,09/05/2025,,,,10.14
JES-25-123,677091,96.075,97.6,1.52,1,,ALS,PIL-097,HE25133936 - Finalized,09/05/2025,Chips_QuarterSplit,10.5,Yuvitza.Davila,09/05/2025,,,,10.54
JES-25-123,677092,97.6,99.125,1.53,1,,ALS,PIL-097,HE25133936 - Finalized,09/05/2025,Chips_QuarterSplit,8.945,Yuvitza.Davila,09/05/2025,,,,8.99
JES-25-123,677093,99.125,100.65,1.53,1,,ALS,PIL-097,HE25133936 - Finalized,09/05/2025,Chips_QuarterSplit,9.12,Yuvitza.Davila,09/05/2025,,,,9.15
JES-25-123,677095,100.65,102.175,1.52,1,,ALS,PIL-097,HE25133936 - Finalized,09/05/2025,Chips_QuarterSplit,10.18,Yuvitza.Davila,09/05/2025,,,,10.21
JES-25-123,677096,102.175,103.7,1.53,1,,ALS,PIL-097,HE25133936 - Finalized,09/05/2025,Chips_QuarterSplit,9.465,Yuvitza.Davila,09/05/2025,,,,9.51
JES-25-123,677097,103.7,105.225,1.52,1,,ALS,PIL-097,HE25133936 - Finalized,09/05/2025,Chips_QuarterSplit,8.64,Yuvitza.Davila,09/05/2025,,,,8.67
JES-25-123,677098,105.225,106.75,1.53,1,,ALS,PIL-097,HE25133936 - Finalized,09/05/2025,Chips_QuarterSplit,7.81,Yuvitza.Davila,09/05/2025,,,,7.83
JES-25-123,677099,106.75,108.275,1.53,1,,ALS,PIL-097,HE25133936 - Finalized,09/05/2025,Chips_QuarterSplit,9.53,Yuvitza.Davila,09/05/2025,,,,9.57
JES-25-123,677100,108.275,109.8,1.52,1,,ALS,PIL-097,HE25133936 - Finalized,09/05/2025,Chips_QuarterSplit,9.445,Yuvitza.Davila,09/05/2025,,,,9.5
JES-25-123,677101,109.8,111.325,1.53,1,,ALS,PIL-097,HE25133936 - Finalized,09/05/2025,Chips_QuarterSplit,10.155,Yuvitza.Davila,09/05/2025,,,,10.19
JES-25-123,677102,111.325,112.85,1.52,1,,ALS,PIL-097,HE25133936 - Finalized,09/05/2025,Chips_QuarterSplit,8.91,Yuvitza.Davila,09/05/2025,,,,9.01
JES-25-123,677103,112.85,114.375,1.53,1,,ALS,PIL-097,HE25133936 - Finalized,09/05/2025,Chips_QuarterSplit,10.415,Yuvitza.Davila,09/05/2025,,,,10.46
JES-25-123,677104,114.375,115.9,1.53,1,,ALS,PIL-097,HE25133936 - Finalized,09/05/2025,Chips_QuarterSplit,10.19,Yuvitza.Davila,09/05/2025,,,,10.23
JES-25-123,677105,115.9,117.425,1.52,1,,ALS,PIL-097,HE25133936 - Finalized,09/05/2025,Chips_QuarterSplit,9.71,Yuvitza.Davila,09/05/2025,,,,9.75
JES-25-123,677106,117.425,118.95,1.53,1,,ALS,PIL-097,HE25133936 - Finalized,09/05/2025,Chips_QuarterSplit,9.45,Yuvitza.Davila,09/05/2025,,,,9.48
JES-25-123,677107,118.95,120.475,1.52,1,,ALS,PIL-097,HE25133936 - Finalized,09/05/2025,Chips_QuarterSplit,8.035,Yuvitza.Davila,09/05/2025,,,,8.06
JES-25-123,677108,120.475,122,1.53,1,,ALS,PIL-097,HE25133936 - Finalized,09/05/2025,Chips_QuarterSplit,6.83,Yuvitza.Davila,09/05/2025,,,,6.85
JES-25-123,677109,122,123.525,1.53,1,,ALS,PIL-097,HE25133936 - Finalized,09/05/2025,Chips_QuarterSplit,9.25,Yuvitza.Davila,09/05/2025,,,,9.3
JES-25-123,677110,123.525,125.05,1.52,1,,ALS,PIL-097,HE25133936 - Finalized,09/05/2025,Chips_QuarterSplit,8.14,Yuvitza.Davila,09/05/2025,,,,8.18
JES-25-123,677111,125.05,126.575,1.53,1,,ALS,PIL-097,HE25133936 - Finalized,09/05/2025,Chips_QuarterSplit,6.02,Yuvitza.Davila,09/05/2025,,,,6.05
JES-25-123,677112,126.575,128.1,1.52,1,,ALS,PIL-097,HE25133936 - Finalized,09/05/2025,Chips_QuarterSplit,8.515,Yuvitza.Davila,09/05/2025,,,,8.62
JES-25-123,677113,128.1,129.625,1.53,1,,ALS,PIL-097,HE25133936 - Finalized,09/05/2025,Chips_QuarterSplit,10.01,Yuvitza.Davila,09/05/2025,,,,10.05
JES-25-123,677114,129.625,131.15,1.53,1,,ALS,PIL-097,HE25133936 - Finalized,09/05/2025,Chips_QuarterSplit,7.87,Yuvitza.Davila,09/05/2025,,,,7.91
JES-25-123,677115,131.15,132.675,1.53,1,,ALS,PIL-097,HE25133936 - Finalized,09/05/2025,Chips_QuarterSplit,10.29,Yuvitza.Davila,09/05/2025,,,,10.34
JES-25-123,677117,132.675,134.2,1.52,1,,ALS,PIL-097,HE25133936 - Finalized,09/05/2025,Chips_QuarterSplit,8.31,Yuvitza.Davila,09/05/2025,,,,8.36
JES-25-123,677118,134.2,135.725,1.53,1,,ALS,PIL-097,HE25133936 - Finalized,09/05/2025,Chips_QuarterSplit,8.46,Yuvitza.Davila,09/05/2025,,,,8.51
JES-25-123,677119,135.725,137.25,1.53,1,,ALS,PIL-097,HE25133936 - Finalized,09/05/2025,Chips_QuarterSplit,9.875,Yuvitza.Davila,09/05/2025,,,,9.93
JES-25-123,677120,137.25,138.775,1.53,1,,ALS,PIL-097,HE25133936 - Finalized,09/05/2025,Chips_QuarterSplit,7.86,Yuvitza.Davila,09/05/2025,,,,7.9
JES-25-123,677121,138.775,140.3,1.53,1,,ALS,PIL-097,HE25133936 - Finalized,09/05/2025,Chips_QuarterSplit,9.195,Yuvitza.Davila,09/05/2025,,,,9.2
JES-25-123,677122,140.3,141.825,1.52,1,,ALS,PIL-097,HE25133936 - Finalized,09/05/2025,Chips_QuarterSplit,9.515,Yuvitza.Davila,09/05/2025,,,,9.62
JES-25-123,677123,141.825,143.35,1.53,1,,ALS,PIL-097,HE25133936 - Finalized,09/05/2025,Chips_QuarterSplit,11.24,Yuvitza.Davila,09/05/2025,,,,11.3
JES-25-123,677124,143.35,144.875,1.53,1,,ALS,PIL-097,HE25133936 - Finalized,09/05/2025,Chips_QuarterSplit,9.445,Yuvitza.Davila,09/05/2025,,,,9.5
JES-25-123,677125,144.875,146.4,1.53,1,,ALS,PIL-097,HE25133936 - Finalized,09/05/2025,Chips_QuarterSplit,12.945,Yuvitza.Davila,09/05/2025,,,,13.03
JES-25-123,677126,146.4,147.925,1.53,1,,ALS,PIL-097,HE25133936 - Finalized,09/05/2025,Chips_QuarterSplit,9.99,Yuvitza.Davila,09/05/2025,,,,10.05
JES-25-123,677127,147.925,149.45,1.52,1,,ALS,PIL-097,HE25133936 - Finalized,09/05/2025,Chips_QuarterSplit,9.315,Yuvitza.Davila,09/05/2025,,,,9.37
JES-25-123,677128,149.45,150.975,1.53,1,,ALS,PIL-097,HE25133936 - Finalized,09/05/2025,Chips_QuarterSplit,8.505,Yuvitza.Davila,09/05/2025,,,,8.56
JES-25-123,677129,150.975,152.5,1.53,1,,ALS,PIL-097,HE25133936 - Finalized,09/05/2025,Chips_QuarterSplit,9.295,Yuvitza.Davila,09/05/2025,,,,9.35
JES-25-123,677131,152.5,154.025,1.53,1,,ALS,PIL-097,HE25133936 - Finalized,09/05/2025,Chips_QuarterSplit,10.975,Yuvitza.Davila,09/05/2025,,,,11.05
JES-25-123,677132,154.025,155.55,1.53,1,,ALS,PIL-097,HE25133936 - Finalized,09/05/2025,Chips_QuarterSplit,8.53,Yuvitza.Davila,09/05/2025,,,,8.61
JES-25-123,677133,155.55,157.075,1.52,1,,ALS,PIL-097,HE25133936 - Finalized,09/05/2025,Chips_QuarterSplit,10.1,Yuvitza.Davila,09/05/2025,,,,10.16
JES-25-123,677134,157.075,158.6,1.53,1,,ALS,PIL-097,HE25133936 - Finalized,09/05/2025,Chips_QuarterSplit,9.165,Yuvitza.Davila,09/05/2025,,,,9.22
JES-25-123,677135,158.6,160.125,1.53,1,,ALS,PIL-097,HE25133936 - Finalized,09/05/2025,Chips_QuarterSplit,13.015,Yuvitza.Davila,09/05/2025,,,,13.1
JES-25-123,677136,160.125,161.65,1.53,1,,ALS,PIL-097,HE25133936 - Finalized,09/05/2025,Chips_QuarterSplit,14.73,Yuvitza.Davila,09/05/2025,,,,14.83
JES-25-123,677137,161.65,163.175,1.53,1,,ALS,PIL-097,HE25133936 - Finalized,09/05/2025,Chips_QuarterSplit,11.16,Yuvitza.Davila,09/05/2025,,,,11.23
JES-25-123,677138,163.175,164.7,1.52,1,,ALS,PIL-097,HE25133936 - Finalized,09/05/2025,Chips_QuarterSplit,12.465,Yuvitza.Davila,09/05/2025,,,,12.55
JES-25-123,677140,164.7,166.225,1.53,1,,ALS,PIL-097,HE25133936 - Finalized,09/05/2025,Chips_QuarterSplit,10.03,Yuvitza.Davila,09/05/2025,,,,10.11
JES-25-123,677141,166.225,167.75,1.53,1,,ALS,PIL-097,HE25133936 - Finalized,09/05/2025,Chips_QuarterSplit,11.035,Yuvitza.Davila,09/05/2025,,,,11.1
JES-25-123,677142,167.75,169.275,1.53,1,,ALS,PIL-097,HE25133936 - Finalized,09/05/2025,Chips_QuarterSplit,12.8,Yuvitza.Davila,09/05/2025,,,,12.9
JES-25-123,677143,169.275,170.8,1.53,1,,ALS,PIL-097,HE25133936 - Finalized,09/05/2025,Chips_QuarterSplit,10.7,Yuvitza.Davila,09/05/2025,,,,10.79
JES-25-123,677144,170.8,172.325,1.52,1,,ALS,PIL-097,HE25133936 - Finalized,09/05/2025,Chips_QuarterSplit,11.045,Yuvitza.Davila,09/05/2025,,,,11.13
JES-25-123,677145,172.325,173.85,1.53,1,,ALS,PIL-097,HE25133936 - Finalized,09/05/2025,Chips_QuarterSplit,11.7,Yuvitza.Davila,09/05/2025,,,,11.82
JES-25-123,677146,173.85,175.375,1.53,1,,ALS,PIL-097,HE25133936 - Finalized,09/05/2025,Chips_QuarterSplit,11.165,Yuvitza.Davila,09/05/2025,,,,11.25
JES-25-123,677148,175.375,176.9,1.53,1,,ALS,PIL-097,HE25133936 - Finalized,09/05/2025,Chips_QuarterSplit,9.105,Yuvitza.Davila,09/05/2025,,,,9.17
JES-25-124,677153,0,1.525,1.53,1,,ALS,PIL-098,HE25388600 - Finalized,04/12/2025,Chips_QuarterSplit,2.045,Yuvitza.Davila,11/11/2025,,,,1.99
JES-25-124,677154,1.525,3.05,1.53,1,,ALS,PIL-098,HE25388600 - Finalized,11/11/2025,Chips_QuarterSplit,1.68,Yuvitza.Davila,11/11/2025,,,,1.61
JES-25-124,677155,3.05,4.575,1.53,1,,ALS,PIL-098,HE25388600 - Finalized,11/11/2025,Chips_QuarterSplit,3.395,Yuvitza.Davila,11/11/2025,,,,3.16
JES-25-124,677156,4.575,6.1,1.53,1,,ALS,PIL-098,HE25388600 - Finalized,11/11/2025,Chips_QuarterSplit,3.075,Yuvitza.Davila,11/11/2025,,,,2.97
JES-25-124,677157,6.1,7.625,1.53,1,,ALS,PIL-098,HE25388600 - Finalized,11/11/2025,Chips_QuarterSplit,8.515,Yuvitza.Davila,11/11/2025,,,,8.3
JES-25-124,677158,7.625,9.15,1.53,1,,ALS,PIL-098,HE25388600 - Finalized,11/11/2025,Chips_QuarterSplit,5.545,Yuvitza.Davila,11/11/2025,,,,5.56
JES-25-124,677159,9.15,10.675,1.53,1,,ALS,PIL-098,HE25388600 - Finalized,11/11/2025,Chips_QuarterSplit,8.46,Yuvitza.Davila,11/11/2025,,,,8.39
JES-25-124,677160,10.675,12.2,1.53,1,,ALS,PIL-098,HE25388600 - Finalized,11/11/2025,Chips_QuarterSplit,10.82,Yuvitza.Davila,11/11/2025,,,,10.79
JES-25-124,677161,12.2,13.725,1.53,1,,ALS,PIL-098,HE25388600 - Finalized,11/11/2025,Chips_QuarterSplit,9.36,Yuvitza.Davila,11/11/2025,,,,9.3
JES-25-124,677162,13.725,15.25,1.53,1,,ALS,PIL-098,HE25388600 - Finalized,11/11/2025,Chips_QuarterSplit,9.705,Yuvitza.Davila,11/11/2025,,,,9.73
JES-25-124,677163,15.25,16.775,1.53,1,,ALS,PIL-098,HE25388600 - Finalized,11/11/2025,Chips_QuarterSplit,9.79,Yuvitza.Davila,11/11/2025,,,,9.8
JES-25-124,677164,16.775,18.3,1.53,1,,ALS,PIL-098,HE25388600 - Finalized,11/11/2025,Chips_QuarterSplit,10.72,Yuvitza.Davila,11/11/2025,,,,10.49
JES-25-124,677165,18.3,19.825,1.53,1,,ALS,PIL-098,HE25388600 - Finalized,11/11/2025,Chips_QuarterSplit,9.24,Yuvitza.Davila,11/11/2025,,,,9.03
JES-25-124,677166,19.825,21.35,1.53,1,,ALS,PIL-098,HE25388600 - Finalized,11/11/2025,Chips_QuarterSplit,10.425,Yuvitza.Davila,11/11/2025,,,,10.34
JES-25-124,677168,21.35,22.875,1.53,1,,ALS,PIL-098,HE25388600 - Finalized,11/11/2025,Chips_QuarterSplit,9.155,Yuvitza.Davila,11/11/2025,,,,9.06
JES-25-124,677169,22.875,24.4,1.53,1,,ALS,PIL-098,HE25388600 - Finalized,11/11/2025,Chips_QuarterSplit,8.75,Yuvitza.Davila,11/11/2025,,,,8.76
JES-25-124,677170,24.4,25.925,1.53,1,,ALS,PIL-098,HE25388600 - Finalized,11/11/2025,Chips_QuarterSplit,11.41,Yuvitza.Davila,11/11/2025,,,,11.36
JES-25-124,677171,25.925,27.45,1.53,1,,ALS,PIL-098,HE25388600 - Finalized,11/11/2025,Chips_QuarterSplit,10.405,Yuvitza.Davila,11/11/2025,,,,10.38
JES-25-124,677172,27.45,28.975,1.53,1,,ALS,PIL-098,HE25388600 - Finalized,11/11/2025,Chips_QuarterSplit,10.585,Yuvitza.Davila,11/11/2025,,,,10.74
JES-25-124,677173,28.975,30.5,1.53,1,,ALS,PIL-098,HE25388600 - Finalized,11/11/2025,Chips_QuarterSplit,12.185,Yuvitza.Davila,11/11/2025,,,,10.57
JES-25-124,677174,30.5,32.025,1.53,1,,ALS,PIL-098,HE25388600 - Finalized,11/11/2025,Chips_QuarterSplit,0,Yuvitza.Davila,11/11/2025,,,,12.1
JES-25-124,677175,32.025,33.55,1.53,1,,ALS,PIL-098,HE25388600 - Finalized,11/11/2025,Chips_QuarterSplit,11.99,Yuvitza.Davila,11/11/2025,,,,11.26
JES-25-124,677176,33.55,35.075,1.53,1,,ALS,PIL-098,HE25388600 - Finalized,11/11/2025,Chips_QuarterSplit,11.63,Yuvitza.Davila,11/11/2025,,,,11.45
JES-25-124,677177,35.075,36.6,1.53,1,,ALS,PIL-098,HE25388600 - Finalized,11/11/2025,Chips_QuarterSplit,11.36,Yuvitza.Davila,11/11/2025,,,,11.38
JES-25-124,677178,36.6,38.125,1.53,1,,ALS,PIL-098,HE25388600 - Finalized,11/11/2025,Chips_QuarterSplit,11.59,Yuvitza.Davila,11/11/2025,,,,11.61
JES-25-124,677179,38.125,39.65,1.53,1,,ALS,PIL-098,HE25388600 - Finalized,11/11/2025,Chips_QuarterSplit,10.345,Yuvitza.Davila,11/11/2025,,,,10.36
JES-25-124,677180,39.65,41.175,1.53,1,,ALS,PIL-098,HE25388600 - Finalized,11/11/2025,Chips_QuarterSplit,10.025,Yuvitza.Davila,11/11/2025,,,,10.07
JES-25-124,677181,41.175,42.7,1.53,1,,ALS,PIL-098,HE25388600 - Finalized,11/11/2025,Chips_QuarterSplit,8.325,Yuvitza.Davila,11/11/2025,,,,8.35
JES-25-124,677182,42.7,44.225,1.53,1,,ALS,PIL-098,HE25388600 - Finalized,11/11/2025,Chips_QuarterSplit,11.195,Yuvitza.Davila,11/11/2025,,,,11.25
JES-25-124,677183,44.225,45.75,1.53,1,,ALS,PIL-098,HE25388600 - Finalized,11/11/2025,Chips_QuarterSplit,12.365,Yuvitza.Davila,11/11/2025,,,,12.42
JES-25-124,677184,45.75,47.275,1.53,1,,ALS,PIL-098,HE25388600 - Finalized,11/11/2025,Chips_QuarterSplit,8.155,Yuvitza.Davila,11/11/2025,,,,7.98
JES-25-124,677185,47.275,48.8,1.53,1,,ALS,PIL-098,HE25388600 - Finalized,11/11/2025,Chips_QuarterSplit,10.86,Yuvitza.Davila,11/11/2025,,,,10.74
JES-25-124,677186,48.8,50.325,1.53,1,,ALS,PIL-098,HE25388600 - Finalized,11/11/2025,Chips_QuarterSplit,13.23,Yuvitza.Davila,11/11/2025,,,,13.28
JES-25-124,677189,50.325,51.85,1.53,1,,ALS,PIL-098,HE25388600 - Finalized,29/12/2025,Core_QuarterSplit,9.455,MartinNovara,29/12/2025,,,,9.48
JES-25-124,677190,51.85,53.375,1.53,1,,ALS,PIL-098,HE25388600 - Finalized,29/12/2025,Core_QuarterSplit,12.245,MartinNovara,29/12/2025,,,,12.31
JES-25-124,677191,53.375,54.9,1.53,1,,ALS,PIL-098,HE25388600 - Finalized,29/12/2025,Core_QuarterSplit,10.72,MartinNovara,29/12/2025,,,,10.78
JES-25-124,677192,54.9,56.425,1.53,1,,ALS,PIL-098,HE25388600 - Finalized,29/12/2025,Core_QuarterSplit,8.95,MartinNovara,29/12/2025,,,,8.99
JES-25-124,677193,56.425,57.95,1.53,1,,ALS,PIL-098,HE25388600 - Finalized,29/12/2025,Core_QuarterSplit,9.77,MartinNovara,29/12/2025,,,,9.83
JES-25-124,677194,57.95,59.475,1.53,1,,ALS,PIL-098,HE25388600 - Finalized,29/12/2025,Core_QuarterSplit,8.295,MartinNovara,29/12/2025,,,,8.33
JES-25-124,677195,59.475,61,1.53,1,,ALS,PIL-098,HE25388600 - Finalized,29/12/2025,Core_QuarterSplit,9.015,MartinNovara,29/12/2025,,,,9.07
JES-25-124,677196,61,62.525,1.53,1,,ALS,PIL-098,HE25388600 - Finalized,29/12/2025,Core_QuarterSplit,10.97,MartinNovara,29/12/2025,,,,11.03
JES-25-124,677197,62.525,64.05,1.53,1,,ALS,PIL-098,HE25388600 - Finalized,29/12/2025,Core_QuarterSplit,11.95,MartinNovara,29/12/2025,,,,12.04
JES-25-124,677198,64.05,65.575,1.53,1,,ALS,PIL-098,HE25388600 - Finalized,29/12/2025,Core_QuarterSplit,10.345,MartinNovara,29/12/2025,,,,10.4
JES-25-124,677199,65.575,67.1,1.52,1,,ALS,PIL-098,HE25388600 - Finalized,29/12/2025,Core_QuarterSplit,8.68,MartinNovara,29/12/2025,,,,8.73
JES-25-124,677200,67.1,68.625,1.53,1,,ALS,PIL-098,HE25388600 - Finalized,29/12/2025,Core_QuarterSplit,12.505,MartinNovara,29/12/2025,,,,12.55
JES-25-124,677201,68.625,70.15,1.53,1,,ALS,PIL-098,HE25388600 - Finalized,29/12/2025,Core_QuarterSplit,8.995,MartinNovara,29/12/2025,,,,9.06
JES-25-124,677202,70.15,71.675,1.52,1,,ALS,PIL-098,HE25388600 - Finalized,29/12/2025,Core_QuarterSplit,10.22,MartinNovara,29/12/2025,,,,10.29
JES-25-124,677203,71.675,73.2,1.53,1,,ALS,PIL-098,HE25388600 - Finalized,29/12/2025,Core_QuarterSplit,7.855,MartinNovara,29/12/2025,,,,7.9
JES-25-124,677204,73.2,74.725,1.52,1,,ALS,PIL-098,HE25388600 - Finalized,29/12/2025,Core_QuarterSplit,9,MartinNovara,29/12/2025,,,,9.05
JES-25-124,677205,74.725,76.25,1.53,1,,ALS,PIL-098,HE25388600 - Finalized,29/12/2025,Core_QuarterSplit,6.925,MartinNovara,29/12/2025,,,,6.96
JES-25-124,677207,76.25,77.775,1.53,1,,ALS,PIL-098,HE25388600 - Finalized,29/12/2025,Core_QuarterSplit,9.52,MartinNovara,29/12/2025,,,,9.62
JES-25-124,677208,77.775,79.3,1.52,1,,ALS,PIL-098,HE25388600 - Finalized,29/12/2025,Core_QuarterSplit,10.02,MartinNovara,29/12/2025,,,,10.07
JES-25-124,677209,79.3,80.825,1.53,1,,ALS,PIL-098,HE25388600 - Finalized,29/12/2025,Core_QuarterSplit,9.04,MartinNovara,29/12/2025,,,,9.09
JES-25-124,677210,80.825,82.35,1.52,1,,ALS,PIL-098,HE25388600 - Finalized,29/12/2025,Core_QuarterSplit,7.735,MartinNovara,29/12/2025,,,,7.77
JES-25-124,677211,82.35,83.875,1.53,1,,ALS,PIL-098,HE25388600 - Finalized,29/12/2025,Core_QuarterSplit,11.32,MartinNovara,29/12/2025,,,,11.4
JES-25-124,677212,83.875,85.4,1.53,1,,ALS,PIL-098,HE25388600 - Finalized,29/12/2025,Core_QuarterSplit,8.035,MartinNovara,29/12/2025,,,,8.06
JES-25-124,677213,85.4,86.925,1.52,1,,ALS,PIL-098,HE25388600 - Finalized,29/12/2025,Core_QuarterSplit,10.1,MartinNovara,29/12/2025,,,,10.14
JES-25-124,677214,86.925,88.45,1.53,1,,ALS,PIL-098,HE25388600 - Finalized,29/12/2025,Core_QuarterSplit,7.605,MartinNovara,29/12/2025,,,,7.64
JES-25-124,677215,88.45,89.975,1.52,1,,ALS,PIL-098,HE25388600 - Finalized,29/12/2025,Core_QuarterSplit,8.97,MartinNovara,29/12/2025,,,,9
JES-25-124,677216,89.975,91.5,1.53,1,,ALS,PIL-098,HE25388600 - Finalized,29/12/2025,Core_QuarterSplit,8.665,MartinNovara,29/12/2025,,,,8.7
JES-25-124,677217,91.5,93.025,1.53,1,,ALS,PIL-098,HE25388600 - Finalized,29/12/2025,Core_QuarterSplit,8.53,MartinNovara,29/12/2025,,,,8.62
JES-25-124,677218,93.025,94.55,1.52,1,,ALS,PIL-098,HE25388600 - Finalized,29/12/2025,Core_QuarterSplit,9.72,MartinNovara,29/12/2025,,,,9.79
JES-25-124,677219,94.55,96.075,1.53,1,,ALS,PIL-098,HE25388600 - Finalized,29/12/2025,Core_QuarterSplit,7.16,MartinNovara,29/12/2025,,,,7.22
JES-25-124,677220,96.075,97.6,1.52,1,,ALS,PIL-098,HE25388600 - Finalized,29/12/2025,Core_QuarterSplit,8.855,MartinNovara,29/12/2025,,,,8.94
JES-25-124,677221,97.6,99.125,1.53,1,,ALS,PIL-098,HE25388600 - Finalized,29/12/2025,Core_QuarterSplit,8.99,MartinNovara,29/12/2025,,,,8.96
JES-25-124,677222,99.125,100.65,1.53,1,,ALS,PIL-098,HE25388600 - Finalized,29/12/2025,Core_QuarterSplit,9.06,MartinNovara,29/12/2025,,,,8.99
JES-25-124,677224,100.65,102.175,1.52,1,,ALS,PIL-098,HE25388600 - Finalized,29/12/2025,Core_QuarterSplit,8.19,MartinNovara,29/12/2025,,,,8.18
JES-25-124,677225,102.175,103.7,1.53,1,,ALS,PIL-098,HE25388600 - Finalized,29/12/2025,Core_QuarterSplit,9.14,MartinNovara,29/12/2025,,,,9.22
JES-25-124,677226,103.7,105.225,1.52,1,,ALS,PIL-098,HE25388600 - Finalized,29/12/2025,Core_QuarterSplit,9.585,MartinNovara,29/12/2025,,,,9.66
JES-25-124,677227,105.225,106.75,1.53,1,,ALS,PIL-098,HE25388600 - Finalized,29/12/2025,Core_QuarterSplit,10.305,MartinNovara,29/12/2025,,,,10.4
JES-25-124,677228,106.75,108.275,1.53,1,,ALS,PIL-098,HE25388600 - Finalized,29/12/2025,Core_QuarterSplit,9.595,MartinNovara,29/12/2025,,,,9.38
JES-25-124,677229,108.275,109.8,1.52,1,,ALS,PIL-098,HE25388600 - Finalized,29/12/2025,Core_QuarterSplit,8.265,MartinNovara,29/12/2025,,,,8.29
JES-25-124,677230,109.8,111.325,1.53,1,,ALS,PIL-098,HE25388600 - Finalized,29/12/2025,Core_QuarterSplit,8.185,MartinNovara,29/12/2025,,,,8.23
JES-25-124,677231,111.325,112.85,1.52,1,,ALS,PIL-098,HE25388600 - Finalized,29/12/2025,Core_QuarterSplit,8.59,MartinNovara,29/12/2025,,,,8.64
JES-25-124,677232,112.85,114.325,1.48,1,,ALS,PIL-098,HE25388600 - Finalized,29/12/2025,Core_QuarterSplit,10.86,MartinNovara,29/12/2025,,,,10.84
JES-25-124,677233,114.325,115.9,1.58,1,,ALS,PIL-098,HE25388600 - Finalized,29/12/2025,Core_QuarterSplit,9.75,MartinNovara,29/12/2025,,,,9.73
JES-25-124,677234,115.9,117.425,1.52,1,,ALS,PIL-098,HE25388600 - Finalized,29/12/2025,Core_QuarterSplit,11.11,MartinNovara,29/12/2025,,,,11.02
JES-25-124,677235,117.425,118.95,1.53,1,,ALS,PIL-098,HE25388600 - Finalized,29/12/2025,Core_QuarterSplit,11.92,MartinNovara,29/12/2025,,,,12.04
JES-25-124,677236,118.95,120.475,1.52,1,,ALS,PIL-098,HE25388600 - Finalized,29/12/2025,Core_QuarterSplit,9.525,MartinNovara,29/12/2025,,,,9.6
JES-25-124,677237,120.475,122,1.53,1,,ALS,PIL-098,HE25388600 - Finalized,29/12/2025,Core_QuarterSplit,10.935,MartinNovara,29/12/2025,,,,11.02
JES-25-124,677238,122,123.525,1.53,1,,ALS,PIL-098,HE25388600 - Finalized,29/12/2025,Core_QuarterSplit,8.575,MartinNovara,29/12/2025,,,,8.64
JES-25-124,677239,123.525,125.05,1.52,1,,ALS,PIL-098,HE25388600 - Finalized,29/12/2025,Core_QuarterSplit,9.745,MartinNovara,29/12/2025,,,,9.82
JES-25-124,677240,125.05,126.575,1.53,1,,ALS,PIL-098,HE25388600 - Finalized,29/12/2025,Core_QuarterSplit,10.5,MartinNovara,29/12/2025,,,,10.58
JES-25-124,677241,126.575,128.1,1.52,1,,ALS,PIL-098,HE25388600 - Finalized,29/12/2025,Core_QuarterSplit,11.665,MartinNovara,29/12/2025,,,,11.71
JES-25-124,677242,128.1,129.625,1.53,1,,ALS,PIL-098,HE25388600 - Finalized,29/12/2025,Core_QuarterSplit,9.815,MartinNovara,29/12/2025,,,,9.84
JES-25-124,677243,129.625,131.15,1.53,1,,ALS,PIL-098,HE25388600 - Finalized,29/12/2025,Core_QuarterSplit,11.77,MartinNovara,29/12/2025,,,,11.77
JES-25-124,677244,131.15,132.675,1.53,1,,ALS,PIL-098,HE25388600 - Finalized,29/12/2025,Core_QuarterSplit,9.595,MartinNovara,29/12/2025,,,,9.59
JES-25-124,677246,132.675,134.2,1.52,1,,ALS,PIL-098,HE25388600 - Finalized,29/12/2025,Core_QuarterSplit,9.75,MartinNovara,29/12/2025,,,,9.78
JES-25-124,677247,134.2,135.725,1.53,1,,ALS,PIL-098,HE25388600 - Finalized,29/12/2025,Core_QuarterSplit,10.14,MartinNovara,29/12/2025,,,,10.17
JES-25-124,677248,135.725,137.25,1.53,1,,ALS,PIL-098,HE25388600 - Finalized,29/12/2025,Core_QuarterSplit,8.85,MartinNovara,29/12/2025,,,,8.85
JES-25-124,677249,137.25,138.775,1.53,1,,ALS,PIL-098,HE25388600 - Finalized,29/12/2025,Core_QuarterSplit,11.445,MartinNovara,29/12/2025,,,,11.48
JES-25-124,677250,138.775,140.3,1.53,1,,ALS,PIL-098,HE25388600 - Finalized,29/12/2025,Core_QuarterSplit,9.87,MartinNovara,29/12/2025,,,,9.87
JES-25-124,677251,140.3,141.825,1.52,1,,ALS,PIL-098,HE25388600 - Finalized,29/12/2025,Core_QuarterSplit,11.45,MartinNovara,29/12/2025,,,,11.46
JES-25-124,677252,141.825,143.35,1.53,1,,ALS,PIL-098,HE25388600 - Finalized,29/12/2025,Core_QuarterSplit,10.51,MartinNovara,29/12/2025,,,,10.54
JES-25-124,677253,143.35,144.875,1.53,1,,ALS,PIL-098,HE25388600 - Finalized,29/12/2025,Core_QuarterSplit,11.325,MartinNovara,29/12/2025,,,,11.36
JES-25-124,677254,144.875,146.4,1.53,1,,ALS,PIL-098,HE25388600 - Finalized,29/12/2025,Core_QuarterSplit,8.485,MartinNovara,29/12/2025,,,,8.59
JES-25-124,677255,146.4,147.925,1.53,1,,ALS,PIL-098,HE25388600 - Finalized,29/12/2025,Core_QuarterSplit,8.795,MartinNovara,29/12/2025,,,,8.9
JES-25-124,677256,147.925,149.45,1.52,1,,ALS,PIL-098,HE25388600 - Finalized,29/12/2025,Core_QuarterSplit,8.125,MartinNovara,29/12/2025,,,,8.18
JES-25-124,677257,149.45,150.975,1.53,1,,ALS,PIL-098,HE25388600 - Finalized,29/12/2025,Core_QuarterSplit,10.275,MartinNovara,29/12/2025,,,,10.3
JES-25-124,677258,150.975,152.5,1.53,1,,ALS,PIL-098,HE25388600 - Finalized,29/12/2025,Core_QuarterSplit,9.01,MartinNovara,29/12/2025,,,,9.08
JES-25-124,677260,152.5,154.025,1.53,1,,ALS,PIL-098,HE25388600 - Finalized,29/12/2025,Core_QuarterSplit,9.73,MartinNovara,29/12/2025,,,,9.81
JES-25-124,677261,154.025,155.55,1.53,1,,ALS,PIL-098,HE25388600 - Finalized,29/12/2025,Core_QuarterSplit,8.34,MartinNovara,29/12/2025,,,,8.4
JES-25-124,677262,155.55,157.075,1.52,1,,ALS,PIL-098,HE25388600 - Finalized,29/12/2025,Core_QuarterSplit,7.52,MartinNovara,29/12/2025,,,,10.29
JES-25-124,677263,157.075,158.6,1.53,1,,ALS,PIL-098,HE25388600 - Finalized,29/12/2025,Core_QuarterSplit,7.52,MartinNovara,29/12/2025,,,,7.59
JES-25-124,677264,158.6,160.125,1.53,1,,ALS,PIL-098,HE25388600 - Finalized,29/12/2025,Core_QuarterSplit,9.285,MartinNovara,29/12/2025,,,,9.39
JES-25-124,677265,160.125,161.65,1.53,1,,ALS,PIL-098,HE25388600 - Finalized,29/12/2025,Core_QuarterSplit,11.755,MartinNovara,29/12/2025,,,,11.88
JES-25-124,677266,161.65,163.175,1.53,1,,ALS,PIL-098,HE25388600 - Finalized,29/12/2025,Core_QuarterSplit,9.265,MartinNovara,29/12/2025,,,,9.33
JES-25-124,677267,163.175,164.7,1.52,1,,ALS,PIL-098,HE25388600 - Finalized,29/12/2025,Core_QuarterSplit,11.44,MartinNovara,29/12/2025,,,,11.54
JES-25-124,677268,164.7,166.225,1.53,1,,ALS,PIL-098,HE25388600 - Finalized,29/12/2025,Core_QuarterSplit,8.345,MartinNovara,29/12/2025,,,,8.41
JES-25-124,677269,166.225,167.75,1.53,1,,ALS,PIL-098,HE25388600 - Finalized,29/12/2025,Core_QuarterSplit,8.975,MartinNovara,29/12/2025,,,,9.05
JES-25-124,677270,167.75,169.275,1.53,1,,ALS,PIL-098,HE25388600 - Finalized,29/12/2025,Core_QuarterSplit,10.14,MartinNovara,29/12/2025,,,,10.22
JES-25-124,677271,169.275,170.8,1.53,1,,ALS,PIL-098,HE25388600 - Finalized,30/12/2025,No data,10.87,MartinNovara,30/12/2025,,,,10.98
JES-25-124,677272,170.8,172.325,1.52,1,,ALS,PIL-098,HE25388600 - Finalized,30/12/2025,No data,11.565,MartinNovara,30/12/2025,,,,11.64
JES-25-124,677273,172.325,173.85,1.53,1,,ALS,PIL-098,HE25388600 - Finalized,30/12/2025,Core_QuarterSplit,10.875,MartinNovara,30/12/2025,,,,10.96
JES-25-124,677275,173.85,175.375,1.53,1,,ALS,PIL-098,HE25388600 - Finalized,30/12/2025,Core_QuarterSplit,8.945,Yuvitza.Davila,30/12/2025,,,,9.02
JES-25-124,677276,175.375,176.9,1.53,1,,ALS,PIL-098,HE25388600 - Finalized,30/12/2025,Core_QuarterSplit,10.145,Yuvitza.Davila,30/12/2025,,,,10.19
JES-25-124,677277,176.9,178.425,1.53,1,,ALS,PIL-098,HE25388600 - Finalized,30/12/2025,Core_QuarterSplit,10.465,Yuvitza.Davila,30/12/2025,,,,10.55
JES-25-124,677278,178.425,179.95,1.52,1,,ALS,PIL-098,HE25388600 - Finalized,30/12/2025,Core_QuarterSplit,9.27,Yuvitza.Davila,30/12/2025,,,,9.33
JES-25-124,677279,179.95,181.475,1.53,1,,ALS,PIL-098,HE25388600 - Finalized,30/12/2025,Core_QuarterSplit,10.645,Yuvitza.Davila,30/12/2025,,,,10.74
JES-25-124,677280,181.475,183,1.53,1,,ALS,PIL-098,HE25388600 - Finalized,30/12/2025,Core_QuarterSplit,9.4,Yuvitza.Davila,30/12/2025,,,,9.46
JES-25-124,677282,183,184.525,1.53,1,,ALS,PIL-098,HE25388600 - Finalized,30/12/2025,Core_QuarterSplit,10.315,Yuvitza.Davila,30/12/2025,,,,10.37
JES-25-124,677283,184.525,186.05,1.53,1,,ALS,PIL-098,HE25388600 - Finalized,30/12/2025,Core_QuarterSplit,9.985,Yuvitza.Davila,30/12/2025,,,,10.14
JES-25-124,677284,186.05,187.575,1.52,1,,ALS,PIL-098,HE25388600 - Finalized,30/12/2025,Core_QuarterSplit,11.56,Yuvitza.Davila,30/12/2025,,,,11.62
JES-25-124,677285,187.575,189.1,1.53,1,,ALS,PIL-098,HE25388600 - Finalized,30/12/2025,Core_QuarterSplit,9.645,Yuvitza.Davila,30/12/2025,,,,9.75
JES-25-124,677286,189.1,190.625,1.53,1,,ALS,PIL-098,HE25388600 - Finalized,30/12/2025,Core_QuarterSplit,10.715,Yuvitza.Davila,30/12/2025,,,,10.77
JES-25-124,677287,190.625,192.15,1.53,1,,ALS,PIL-098,HE25388600 - Finalized,30/12/2025,Core_QuarterSplit,12.345,Yuvitza.Davila,30/12/2025,,,,12.41
JES-25-124,677288,192.15,193.675,1.53,1,,ALS,PIL-098,HE25388600 - Finalized,30/12/2025,Core_QuarterSplit,10.475,Yuvitza.Davila,30/12/2025,,,,10.53
JES-25-124,677289,193.675,195.2,1.52,1,,ALS,PIL-098,HE25388600 - Finalized,30/12/2025,Core_QuarterSplit,10.77,Yuvitza.Davila,30/12/2025,,,,10.82
JES-25-124,677291,195.2,196.875,1.68,1,,ALS,PIL-098,HE25388600 - Finalized,30/12/2025,Core_QuarterSplit,9.87,Yuvitza.Davila,30/12/2025,,,,9.93
JES-25-124,677292,196.875,198.25,1.38,1,,ALS,PIL-098,HE25388600 - Finalized,30/12/2025,Core_QuarterSplit,6.93,Yuvitza.Davila,30/12/2025,,,,6.97
JES-25-124,677293,198.25,199.775,1.53,1,,ALS,PIL-098,HE25388600 - Finalized,30/12/2025,Core_QuarterSplit,7.36,Yuvitza.Davila,30/12/2025,,,,7.39
JES-25-124,677294,199.775,201.3,1.53,1,,ALS,PIL-098,HE25388600 - Finalized,30/12/2025,Core_QuarterSplit,9.685,Yuvitza.Davila,30/12/2025,,,,9.67
JES-25-124,677295,201.3,202.825,1.52,1,,ALS,PIL-098,HE25388600 - Finalized,30/12/2025,Core_QuarterSplit,10.96,Yuvitza.Davila,30/12/2025,,,,11.05
JES-25-124,677296,202.825,204.35,1.53,1,,ALS,PIL-098,HE25388600 - Finalized,30/12/2025,Core_QuarterSplit,10.39,Yuvitza.Davila,30/12/2025,,,,10.49
JES-25-124,677297,204.35,205.875,1.53,1,,ALS,PIL-098,HE25388600 - Finalized,30/12/2025,Core_QuarterSplit,10.64,Yuvitza.Davila,30/12/2025,,,,10.75
JES-25-124,677298,205.875,207.4,1.53,1,,ALS,PIL-098,HE25388600 - Finalized,30/12/2025,Core_QuarterSplit,11.99,Yuvitza.Davila,30/12/2025,,,,12.11
JES-25-124,677299,207.4,208.925,1.53,1,,ALS,PIL-098,HE25388600 - Finalized,30/12/2025,Core_QuarterSplit,9.965,Yuvitza.Davila,30/12/2025,,,,10.05
JES-25-124,677300,208.925,210.45,1.52,1,,ALS,PIL-098,HE25388600 - Finalized,30/12/2025,Core_QuarterSplit,7.42,Yuvitza.Davila,30/12/2025,,,,7.5
JES-25-124,677302,210.45,211.975,1.53,1,,ALS,PIL-098,HE25388600 - Finalized,30/12/2025,Core_QuarterSplit,9.405,Yuvitza.Davila,30/12/2025,,,,9.48
JES-25-124,677303,211.975,213.5,1.53,1,,ALS,PIL-098,HE25388600 - Finalized,30/12/2025,Core_QuarterSplit,9.61,Yuvitza.Davila,30/12/2025,,,,9.7
JES-25-124,677304,213.5,215.025,1.53,1,,ALS,PIL-098,HE25388600 - Finalized,30/12/2025,Core_QuarterSplit,7.425,Yuvitza.Davila,30/12/2025,,,,7.49
JES-25-124,677305,215.025,216.55,1.53,1,,ALS,PIL-098,HE25388600 - Finalized,30/12/2025,Core_QuarterSplit,8.2,Yuvitza.Davila,30/12/2025,,,,8.27
JES-25-124,677306,216.55,218.075,1.52,1,,ALS,PIL-098,HE25388600 - Finalized,30/12/2025,Core_QuarterSplit,8.73,Yuvitza.Davila,30/12/2025,,,,8.82
JES-25-124,677307,218.075,219.6,1.53,1,,ALS,PIL-098,HE25388600 - Finalized,30/12/2025,Core_QuarterSplit,10.81,Yuvitza.Davila,30/12/2025,,,,10.93
JES-25-124,677308,219.6,221.125,1.53,1,,ALS,PIL-098,HE25388600 - Finalized,30/12/2025,Core_QuarterSplit,11.005,Yuvitza.Davila,30/12/2025,,,,11.18
JES-25-124,677309,221.125,222.65,1.53,1,,ALS,PIL-098,HE25388600 - Finalized,30/12/2025,Core_QuarterSplit,9.95,Yuvitza.Davila,30/12/2025,,,,10.05
JES-25-124,677310,222.65,224.175,1.53,1,,ALS,PIL-098,HE25388600 - Finalized,30/12/2025,Core_QuarterSplit,10.03,Yuvitza.Davila,30/12/2025,,,,10.16
JES-25-124,677311,224.175,225.7,1.52,1,,ALS,PIL-098,HE25388600 - Finalized,30/12/2025,Core_QuarterSplit,8.435,Yuvitza.Davila,30/12/2025,,,,8.51
JES-25-124,677313,225.7,227.225,1.53,1,,ALS,PIL-098,HE25388600 - Finalized,30/12/2025,Core_QuarterSplit,9.875,Yuvitza.Davila,30/12/2025,,,,9.97
JES-25-124,677314,227.225,228.75,1.53,1,,ALS,PIL-098,HE25388600 - Finalized,30/12/2025,Core_QuarterSplit,9.445,Yuvitza.Davila,30/12/2025,,,,9.52
JES-25-124,677315,228.75,230.275,1.53,1,,ALS,PIL-098,HE25388600 - Finalized,30/12/2025,Core_QuarterSplit,13.455,Yuvitza.Davila,30/12/2025,,,,13.57
JES-25-124,677316,230.275,231.8,1.53,1,,ALS,PIL-098,HE25388600 - Finalized,30/12/2025,Core_QuarterSplit,9.905,Yuvitza.Davila,30/12/2025,,,,9.99
JES-25-124,677317,231.8,233.325,1.52,1,,ALS,PIL-098,HE25388600 - Finalized,30/12/2025,Core_QuarterSplit,10.8,Yuvitza.Davila,30/12/2025,,,,10.89
JES-25-124,677318,233.325,234.85,1.53,1,,ALS,PIL-098,HE25388600 - Finalized,30/12/2025,Core_QuarterSplit,11.165,Yuvitza.Davila,30/12/2025,,,,11.29
JES-25-124,677319,234.85,236.375,1.53,1,,ALS,PIL-098,HE25388600 - Finalized,30/12/2025,Core_QuarterSplit,12.905,Yuvitza.Davila,30/12/2025,,,,13.05
JES-25-124,677320,236.375,237.9,1.53,1,,ALS,PIL-098,HE25388600 - Finalized,30/12/2025,Core_QuarterSplit,9.305,Yuvitza.Davila,30/12/2025,,,,9.38
JES-25-124,677321,237.9,239.425,1.53,1,,ALS,PIL-098,HE25388600 - Finalized,30/12/2025,Core_QuarterSplit,6.355,Yuvitza.Davila,30/12/2025,,,,6.34
JES-25-124,677322,239.425,240.95,1.52,1,,ALS,PIL-098,HE25388600 - Finalized,30/12/2025,Core_QuarterSplit,8.09,Yuvitza.Davila,30/12/2025,,,,8.16
JES-25-124,677324,240.95,242.475,1.53,1,,ALS,PIL-098,HE25388600 - Finalized,30/12/2025,Core_QuarterSplit,8.78,Yuvitza.Davila,30/12/2025,,,,8.85
JES-25-124,677325,242.475,244,1.53,1,,ALS,PIL-098,HE25388600 - Finalized,30/12/2025,Core_QuarterSplit,11.81,Yuvitza.Davila,30/12/2025,,,,11.9
JES-25-124,677326,244,245.525,1.53,1,,ALS,PIL-098,HE25388600 - Finalized,30/12/2025,Core_QuarterSplit,11.005,Yuvitza.Davila,30/12/2025,,,,11.09
JES-25-124,677327,245.525,247.05,1.53,1,,ALS,PIL-098,HE25388600 - Finalized,30/12/2025,Core_QuarterSplit,10.7,Yuvitza.Davila,30/12/2025,,,,10.79
JES-25-124,677328,247.05,248.575,1.52,1,,ALS,PIL-098,HE25388600 - Finalized,30/12/2025,Core_QuarterSplit,9.88,Yuvitza.Davila,30/12/2025,,,,9.96
JES-25-124,677329,248.575,250.1,1.53,1,,ALS,PIL-098,HE25388600 - Finalized,30/12/2025,Core_QuarterSplit,7.575,Yuvitza.Davila,30/12/2025,,,,7.63
JES-25-124,677330,250.1,251.625,1.53,1,,ALS,PIL-098,HE25388600 - Finalized,30/12/2025,Core_QuarterSplit,8.615,Yuvitza.Davila,30/12/2025,,,,8.68
JES-25-124,677331,251.625,253.15,1.53,1,,ALS,PIL-098,HE25388600 - Finalized,30/12/2025,Core_QuarterSplit,5.385,Yuvitza.Davila,30/12/2025,,,,5.43
JES-25-124,677332,253.15,254.675,1.53,1,,ALS,PIL-098,HE25388600 - Finalized,30/12/2025,Core_QuarterSplit,11.855,Yuvitza.Davila,30/12/2025,,,,11.96
JES-25-124,677333,254.675,256.2,1.52,1,,ALS,PIL-098,HE25388600 - Finalized,30/12/2025,Core_QuarterSplit,10.175,Yuvitza.Davila,30/12/2025,,,,10.25
JES-25-124,677335,256.2,257.725,1.53,1,,ALS,PIL-098,HE25388600 - Finalized,30/12/2025,Core_QuarterSplit,11.07,Yuvitza.Davila,30/12/2025,,,,11.15
JES-25-124,677336,257.725,259.25,1.52,1,,ALS,PIL-098,HE25388600 - Finalized,30/12/2025,Core_QuarterSplit,5.4,Yuvitza.Davila,30/12/2025,,,,5.44
JES-25-124,677337,259.25,260.775,1.52,1,,ALS,PIL-098,HE25388600 - Finalized,30/12/2025,Core_QuarterSplit,11.94,Yuvitza.Davila,30/12/2025,,,,12.04
JES-25-124,677338,260.775,262.3,1.53,1,,ALS,PIL-098,HE25388600 - Finalized,30/12/2025,Core_QuarterSplit,7.645,Yuvitza.Davila,30/12/2025,,,,7.7
JES-25-124,677339,262.3,263.825,1.52,1,,ALS,PIL-098,HE25388600 - Finalized,30/12/2025,Core_QuarterSplit,10.05,Yuvitza.Davila,30/12/2025,,,,10.12
JES-25-124,677340,263.825,265.35,1.53,1,,ALS,PIL-098,HE25388600 - Finalized,30/12/2025,Core_QuarterSplit,7.475,Yuvitza.Davila,30/12/2025,,,,7.5
JES-25-124,677341,265.35,266.875,1.52,1,,ALS,PIL-098,HE25388600 - Finalized,30/12/2025,Core_QuarterSplit,9.83,Yuvitza.Davila,30/12/2025,,,,9.88
JES-25-124,677342,266.875,268.4,1.52,1,,ALS,PIL-098,HE25388600 - Finalized,30/12/2025,Core_QuarterSplit,7.755,Yuvitza.Davila,30/12/2025,,,,7.8
JES-25-124,677343,268.4,269.925,1.53,1,,ALS,PIL-098,HE25388600 - Finalized,30/12/2025,Core_QuarterSplit,4.985,Yuvitza.Davila,30/12/2025,,,,5.01
JES-25-124,677344,269.925,271.45,1.52,1,,ALS,PIL-098,HE25388600 - Finalized,30/12/2025,Core_QuarterSplit,7.925,Yuvitza.Davila,30/12/2025,,,,7.95
JES-25-124,677346,271.45,272.975,1.53,1,,ALS,PIL-098,HE25388600 - Finalized,30/12/2025,Core_QuarterSplit,0,Yuvitza.Davila,30/12/2025,,,,8.7
JES-25-124,677347,272.975,274.5,1.52,1,,ALS,PIL-098,HE25388600 - Finalized,30/12/2025,Core_QuarterSplit,7.76,Yuvitza.Davila,30/12/2025,,,,7.81
JES-25-124,677348,274.5,276.025,1.52,1,,ALS,PIL-098,HE25388600 - Finalized,30/12/2025,Core_QuarterSplit,9.195,Yuvitza.Davila,30/12/2025,,,,9.26
JES-25-124,677349,276.025,277.55,1.53,1,,ALS,PIL-098,HE25388600 - Finalized,30/12/2025,Core_QuarterSplit,9.76,Yuvitza.Davila,30/12/2025,,,,9.84
JES-25-124,677350,277.55,279.075,1.52,1,,ALS,PIL-098,HE25388600 - Finalized,30/12/2025,Core_QuarterSplit,9.535,Yuvitza.Davila,30/12/2025,,,,9.59
JES-25-124,677351,279.075,280.6,1.53,1,,ALS,PIL-098,HE25388600 - Finalized,30/12/2025,Core_QuarterSplit,4.375,Yuvitza.Davila,30/12/2025,,,,4.41
JES-25-124,677352,280.6,282.125,1.52,1,,ALS,PIL-098,HE25388600 - Finalized,30/12/2025,Core_QuarterSplit,8.75,Yuvitza.Davila,30/12/2025,,,,8.83
JES-25-124,677353,282.125,283.65,1.52,1,,ALS,PIL-098,HE25388600 - Finalized,30/12/2025,Core_QuarterSplit,10.14,Yuvitza.Davila,30/12/2025,,,,10.22
JES-25-124,677354,283.65,285.175,1.53,1,,ALS,PIL-098,HE25388600 - Finalized,30/12/2025,Core_QuarterSplit,6.505,Yuvitza.Davila,30/12/2025,,,,6.55
JES-25-124,677355,285.175,286.7,1.52,1,,ALS,PIL-098,HE25388600 - Finalized,30/12/2025,Core_QuarterSplit,12.61,Yuvitza.Davila,30/12/2025,,,,12.7
JES-25-124,677357,286.7,288.625,1.93,1,,ALS,PIL-098,HE25388600 - Finalized,30/12/2025,Core_QuarterSplit,7.245,Yuvitza.Davila,30/12/2025,,,,7.29
JES-25-124,677358,288.625,289.75,1.13,1,,ALS,PIL-098,HE25388600 - Finalized,30/12/2025,Core_QuarterSplit,6.3,Yuvitza.Davila,30/12/2025,,,,6.34
JES-25-124,677359,289.75,291.275,1.52,1,,ALS,PIL-098,HE25388600 - Finalized,30/12/2025,Core_QuarterSplit,8.875,Yuvitza.Davila,30/12/2025,,,,8.94
JES-25-124,677360,291.275,292.8,1.53,1,,ALS,PIL-098,HE25388600 - Finalized,30/12/2025,Core_QuarterSplit,8.33,Yuvitza.Davila,30/12/2025,,,,8.39
JES-25-124,677361,292.8,294.325,1.52,1,,ALS,PIL-098,HE25388600 - Finalized,30/12/2025,Core_QuarterSplit,7.225,Yuvitza.Davila,30/12/2025,,,,7.28
JES-25-124,677362,294.325,295.85,1.53,1,,ALS,PIL-098,HE25388600 - Finalized,30/12/2025,Core_QuarterSplit,7.985,Yuvitza.Davila,30/12/2025,,,,8.04
JES-25-124,677363,295.85,297.375,1.52,1,,ALS,PIL-098,HE25388600 - Finalized,30/12/2025,Core_QuarterSplit,8.595,Yuvitza.Davila,30/12/2025,,,,8.65
JES-25-124,677364,297.375,298.9,1.52,1,,ALS,PIL-098,HE25388600 - Finalized,30/12/2025,Core_QuarterSplit,6.655,Yuvitza.Davila,30/12/2025,,,,6.69
JES-25-124,677365,298.9,300.425,1.53,1,,ALS,PIL-098,HE25388600 - Finalized,30/12/2025,Core_QuarterSplit,7.785,Yuvitza.Davila,30/12/2025,,,,7.83
JES-25-125,677371,0,1.525,1.53,1,,ALS,PIL-099,,16/11/2025,Chips_QuarterSplit,2.095,Yuvitza.Davila,05/12/2025,,,,
JES-25-125,677372,1.525,3.05,1.53,1,,ALS,PIL-099,,16/11/2025,Chips_QuarterSplit,2.14,Yuvitza.Davila,05/12/2025,,,,
JES-25-125,677373,3.05,4.575,1.53,1,,ALS,PIL-099,,16/11/2025,Chips_QuarterSplit,5.415,Yuvitza.Davila,05/12/2025,,,,
JES-25-125,677374,4.575,6.1,1.53,1,,ALS,PIL-099,,16/11/2025,Chips_QuarterSplit,5.385,Yuvitza.Davila,05/12/2025,,,,
JES-25-125,677375,6.1,7.625,1.53,1,,ALS,PIL-099,,16/11/2025,Chips_QuarterSplit,1.89,Yuvitza.Davila,05/12/2025,,,,
JES-25-125,677376,7.625,9.15,1.53,1,,ALS,PIL-099,,16/11/2025,Chips_QuarterSplit,10.675,Yuvitza.Davila,05/12/2025,,,,
JES-25-125,677377,9.15,10.675,1.53,1,,ALS,PIL-099,,16/11/2025,Chips_QuarterSplit,4.17,Yuvitza.Davila,05/12/2025,,,,
JES-25-125,677378,10.675,12.2,1.53,1,,ALS,PIL-099,,16/11/2025,Chips_QuarterSplit,4.075,Yuvitza.Davila,05/12/2025,,,,
JES-25-125,677379,12.2,13.725,1.53,1,,ALS,PIL-099,,16/11/2025,Chips_QuarterSplit,4.495,Yuvitza.Davila,05/12/2025,,,,
JES-25-125,677380,13.725,15.25,1.53,1,,ALS,PIL-099,,16/11/2025,Chips_QuarterSplit,8.525,Yuvitza.Davila,05/12/2025,,,,
JES-25-125,677381,15.25,16.775,1.53,1,,ALS,PIL-099,,16/11/2025,Chips_QuarterSplit,9.08,Yuvitza.Davila,05/12/2025,,,,
JES-25-125,677382,16.775,18.3,1.53,1,,ALS,PIL-099,,16/11/2025,Chips_QuarterSplit,8.04,Yuvitza.Davila,05/12/2025,,,,
JES-25-125,677383,18.3,19.825,1.53,1,,ALS,PIL-099,,16/11/2025,Chips_QuarterSplit,6.48,Yuvitza.Davila,05/12/2025,,,,
JES-25-125,677384,19.825,21.35,1.53,1,,ALS,PIL-099,,16/11/2025,Chips_QuarterSplit,5.935,Yuvitza.Davila,05/12/2025,,,,
JES-25-125,677386,21.35,22.875,1.53,1,,ALS,PIL-099,,16/11/2025,Chips_QuarterSplit,7.085,Yuvitza.Davila,05/12/2025,,,,
JES-25-125,677387,22.875,24.4,1.53,1,,ALS,PIL-099,,16/11/2025,Chips_QuarterSplit,5.96,Yuvitza.Davila,05/12/2025,,,,
JES-25-125,677388,24.4,25.925,1.53,1,,ALS,PIL-099,,16/11/2025,Chips_QuarterSplit,7.58,Yuvitza.Davila,05/12/2025,,,,
JES-25-125,677389,25.925,27.45,1.53,1,,ALS,PIL-099,,16/11/2025,Chips_QuarterSplit,6.595,Yuvitza.Davila,05/12/2025,,,,
JES-25-125,677390,27.45,28.975,1.53,1,,ALS,PIL-099,,16/11/2025,Chips_QuarterSplit,5.97,Yuvitza.Davila,05/12/2025,,,,
JES-25-125,677391,28.975,30.5,1.53,1,,ALS,PIL-099,,16/11/2025,Chips_QuarterSplit,8.185,Yuvitza.Davila,05/12/2025,,,,
JES-25-125,677392,30.5,32.025,1.53,1,,ALS,PIL-099,,16/11/2025,Chips_QuarterSplit,7.35,Yuvitza.Davila,05/12/2025,,,,
JES-25-125,677393,32.025,33.55,1.53,1,,ALS,PIL-099,,16/11/2025,Chips_QuarterSplit,4.765,Yuvitza.Davila,05/12/2025,,,,
JES-25-125,677394,33.55,35.075,1.53,1,,ALS,PIL-099,,16/11/2025,Chips_QuarterSplit,12.12,Yuvitza.Davila,05/12/2025,,,,
JES-25-125,677395,35.075,36.6,1.53,1,,ALS,PIL-099,,16/11/2025,Chips_QuarterSplit,9.01,Yuvitza.Davila,05/12/2025,,,,
JES-25-125,677396,36.6,38.125,1.53,1,,ALS,PIL-099,,16/11/2025,Chips_QuarterSplit,10.29,Yuvitza.Davila,05/12/2025,,,,
JES-25-125,677397,38.125,39.65,1.53,1,,ALS,PIL-099,,16/11/2025,Chips_QuarterSplit,8.725,Yuvitza.Davila,05/12/2025,,,,
JES-25-125,677398,39.65,41.175,1.53,1,,ALS,PIL-099,,16/11/2025,Chips_QuarterSplit,9.095,Yuvitza.Davila,05/12/2025,,,,
JES-25-125,677399,41.175,42.7,1.53,1,,ALS,PIL-099,,16/11/2025,Chips_QuarterSplit,12.55,Yuvitza.Davila,05/12/2025,,,,
JES-25-125,677400,42.7,44.225,1.53,1,,ALS,PIL-099,,16/11/2025,Chips_QuarterSplit,10.99,Yuvitza.Davila,05/12/2025,,,,
JES-25-125,677401,44.225,45.75,1.53,1,,ALS,PIL-099,,16/11/2025,Chips_QuarterSplit,12.025,Yuvitza.Davila,05/12/2025,,,,
JES-25-125,677402,45.75,47.275,1.53,1,,ALS,PIL-099,,16/11/2025,Chips_QuarterSplit,9.39,Yuvitza.Davila,05/12/2025,,,,
JES-25-125,677403,47.275,48.8,1.53,1,,ALS,PIL-099,,16/11/2025,Chips_QuarterSplit,5.8,Yuvitza.Davila,05/12/2025,,,,
JES-25-125,677404,48.8,50.325,1.53,1,,ALS,PIL-099,,16/11/2025,Chips_QuarterSplit,18.07,Yuvitza.Davila,05/12/2025,,,,
JES-25-125,677406,50.325,51.85,1.53,1,,ALS,PIL-099,,16/11/2025,Chips_QuarterSplit,11.385,Yuvitza.Davila,05/12/2025,,,,
JES-25-125,677407,51.85,53.375,1.53,1,,ALS,PIL-099,,16/11/2025,Chips_QuarterSplit,9.68,Yuvitza.Davila,05/12/2025,,,,
JES-25-125,677408,53.375,54.9,1.53,1,,ALS,PIL-099,,16/11/2025,Chips_QuarterSplit,10.545,Yuvitza.Davila,05/12/2025,,,,
JES-25-125,677409,54.9,56.425,1.53,1,,ALS,PIL-099,,16/11/2025,Chips_QuarterSplit,9.405,Yuvitza.Davila,05/12/2025,,,,
JES-25-125,677410,56.425,57.95,1.53,1,,ALS,PIL-099,,16/11/2025,Chips_QuarterSplit,13.105,Yuvitza.Davila,05/12/2025,,,,
JES-25-125,677411,57.95,59.475,1.53,1,,ALS,PIL-099,,16/11/2025,Chips_QuarterSplit,8.295,Yuvitza.Davila,05/12/2025,,,,
JES-25-125,677412,59.475,61,1.53,1,,ALS,PIL-099,,16/11/2025,Chips_QuarterSplit,10.005,Yuvitza.Davila,05/12/2025,,,,
JES-25-125,677413,61,62.525,1.53,1,,ALS,PIL-099,,16/11/2025,Chips_QuarterSplit,8.655,Yuvitza.Davila,05/12/2025,,,,
JES-25-125,677414,62.525,64.05,1.53,1,,ALS,PIL-099,,16/11/2025,Chips_QuarterSplit,9.945,Yuvitza.Davila,05/12/2025,,,,
JES-25-125,677415,64.05,65.575,1.53,1,,ALS,PIL-099,,16/11/2025,Chips_QuarterSplit,9.11,Yuvitza.Davila,05/12/2025,,,,
JES-25-125,677416,65.575,67.1,1.52,1,,ALS,PIL-099,,16/11/2025,Chips_QuarterSplit,11.445,Yuvitza.Davila,05/12/2025,,,,
JES-25-125,677417,67.1,68.625,1.53,1,,ALS,PIL-099,,16/11/2025,Chips_QuarterSplit,9.675,Yuvitza.Davila,05/12/2025,,,,
JES-25-125,677418,68.625,70.15,1.53,1,,ALS,PIL-099,,16/11/2025,Chips_QuarterSplit,11.665,Yuvitza.Davila,05/12/2025,,,,
JES-25-125,677419,70.15,71.675,1.52,1,,ALS,PIL-099,,16/11/2025,Chips_QuarterSplit,10.135,Yuvitza.Davila,05/12/2025,,,,
JES-25-125,677420,71.675,73.2,1.53,1,,ALS,PIL-099,,16/11/2025,Chips_QuarterSplit,12.74,Yuvitza.Davila,05/12/2025,,,,
JES-25-125,677421,73.2,74.725,1.52,1,,ALS,PIL-099,,16/11/2025,Chips_QuarterSplit,10.595,Yuvitza.Davila,05/12/2025,,,,
JES-25-125,677422,74.725,76.25,1.53,1,,ALS,PIL-099,,16/11/2025,Chips_QuarterSplit,11.15,Yuvitza.Davila,05/12/2025,,,,
JES-25-125,677425,76.25,77.775,1.53,1,,ALS,PIL-099,,16/11/2025,Chips_QuarterSplit,9.46,Yuvitza.Davila,05/12/2025,,,,
JES-25-125,677426,77.775,79.3,1.52,1,,ALS,PIL-099,,16/11/2025,Chips_QuarterSplit,9.385,Yuvitza.Davila,05/12/2025,,,,
JES-25-125,677427,79.3,80.825,1.53,1,,ALS,PIL-099,,16/11/2025,Chips_QuarterSplit,9.88,Yuvitza.Davila,05/12/2025,,,,
JES-25-125,677428,80.825,82.35,1.52,1,,ALS,PIL-099,,16/11/2025,Chips_QuarterSplit,10.73,Yuvitza.Davila,05/12/2025,,,,
JES-25-125,677429,82.35,83.875,1.53,1,,ALS,PIL-099,,16/11/2025,Chips_QuarterSplit,9.675,Yuvitza.Davila,05/12/2025,,,,
JES-25-125,677430,83.875,85.4,1.53,1,,ALS,PIL-099,,16/11/2025,Chips_QuarterSplit,8.3,Yuvitza.Davila,05/12/2025,,,,
JES-25-125,677431,85.4,86.925,1.52,1,,ALS,PIL-099,,16/11/2025,Chips_QuarterSplit,8.27,Yuvitza.Davila,05/12/2025,,,,
JES-25-125,677432,86.925,88.45,1.53,1,,ALS,PIL-099,,16/11/2025,Chips_QuarterSplit,9.425,Yuvitza.Davila,05/12/2025,,,,
JES-25-125,677433,88.45,89.975,1.52,1,,ALS,PIL-099,,16/11/2025,Chips_QuarterSplit,10.355,Yuvitza.Davila,05/12/2025,,,,
JES-25-125,677434,89.975,91.5,1.53,1,,ALS,PIL-099,,16/11/2025,Chips_QuarterSplit,8.835,Yuvitza.Davila,05/12/2025,,,,
JES-25-125,677435,91.5,93.025,1.53,1,,ALS,PIL-099,,16/11/2025,Chips_QuarterSplit,11.63,Yuvitza.Davila,05/12/2025,,,,
JES-25-125,677436,93.025,94.55,1.52,1,,ALS,PIL-099,,16/11/2025,Chips_QuarterSplit,8.78,Yuvitza.Davila,05/12/2025,,,,
JES-25-125,677437,94.55,96.075,1.53,1,,ALS,PIL-099,,16/11/2025,Chips_QuarterSplit,5.61,Yuvitza.Davila,05/12/2025,,,,
JES-25-125,677438,96.075,97.6,1.52,1,,ALS,PIL-099,,16/11/2025,Chips_QuarterSplit,14.67,Yuvitza.Davila,05/12/2025,,,,
JES-25-125,677439,97.6,99.125,1.53,1,,ALS,PIL-099,,16/11/2025,Chips_QuarterSplit,7.105,Yuvitza.Davila,05/12/2025,,,,
JES-25-125,677440,99.125,100.65,1.53,1,,ALS,PIL-099,,16/11/2025,Chips_QuarterSplit,13.705,Yuvitza.Davila,05/12/2025,,,,
JES-25-125,677442,100.65,102.175,1.52,1,,ALS,PIL-099,,16/11/2025,Chips_QuarterSplit,9.025,Yuvitza.Davila,05/12/2025,,,,
JES-25-125,677443,102.175,103.7,1.53,1,,ALS,PIL-099,,16/11/2025,Chips_QuarterSplit,8.62,Yuvitza.Davila,05/12/2025,,,,
JES-25-125,677444,103.7,105.225,1.52,1,,ALS,PIL-099,,16/11/2025,Chips_QuarterSplit,10.135,Yuvitza.Davila,05/12/2025,,,,
JES-25-125,677445,105.225,106.75,1.53,1,,ALS,PIL-099,,16/11/2025,Chips_QuarterSplit,13.935,Yuvitza.Davila,05/12/2025,,,,
JES-25-125,677446,106.75,108.275,1.53,1,,ALS,PIL-099,,16/11/2025,Chips_QuarterSplit,8.215,Yuvitza.Davila,05/12/2025,,,,
JES-25-125,677447,108.275,109.8,1.52,1,,ALS,PIL-099,,16/11/2025,Chips_QuarterSplit,10.84,Yuvitza.Davila,05/12/2025,,,,
JES-25-125,677448,109.8,111.325,1.53,1,,ALS,PIL-099,,16/11/2025,Chips_QuarterSplit,7.975,Yuvitza.Davila,05/12/2025,,,,
JES-25-125,677449,111.325,112.85,1.52,1,,ALS,PIL-099,,16/11/2025,Chips_QuarterSplit,9.17,Yuvitza.Davila,05/12/2025,,,,
JES-25-125,677450,112.85,114.375,1.53,1,,ALS,PIL-099,,16/11/2025,Chips_QuarterSplit,10.275,Yuvitza.Davila,05/12/2025,,,,
JES-25-125,677451,114.375,115.9,1.53,1,,ALS,PIL-099,,16/11/2025,Chips_QuarterSplit,10.3,Yuvitza.Davila,05/12/2025,,,,
JES-25-125,677452,115.9,117.425,1.52,1,,ALS,PIL-099,,16/11/2025,Chips_QuarterSplit,8.56,Yuvitza.Davila,05/12/2025,,,,
JES-25-125,677453,117.425,118.95,1.53,1,,ALS,PIL-099,,16/11/2025,Chips_QuarterSplit,11.23,Yuvitza.Davila,05/12/2025,,,,
JES-25-125,677454,118.95,120.475,1.52,1,,ALS,PIL-099,,16/11/2025,Chips_QuarterSplit,6.8,Yuvitza.Davila,05/12/2025,,,,
JES-25-125,677455,120.475,122,1.53,1,,ALS,PIL-099,,16/11/2025,Chips_QuarterSplit,9.565,Yuvitza.Davila,05/12/2025,,,,
JES-25-125,677456,122,123.525,1.53,1,,ALS,PIL-099,,16/11/2025,Chips_QuarterSplit,8.33,Yuvitza.Davila,05/12/2025,,,,
JES-25-125,677457,123.525,125.05,1.52,1,,ALS,PIL-099,,16/11/2025,Chips_QuarterSplit,9.75,Yuvitza.Davila,05/12/2025,,,,
JES-25-125,677458,125.05,126.575,1.53,1,,ALS,PIL-099,,16/11/2025,Chips_QuarterSplit,8.095,Yuvitza.Davila,05/12/2025,,,,
JES-25-125,677459,126.575,128.1,1.52,1,,ALS,PIL-099,,16/11/2025,Chips_QuarterSplit,8.195,Yuvitza.Davila,05/12/2025,,,,
JES-25-125,677460,128.1,129.625,1.53,1,,ALS,PIL-099,,16/11/2025,Chips_QuarterSplit,8.68,Yuvitza.Davila,05/12/2025,,,,
JES-25-125,677461,129.625,131.15,1.53,1,,ALS,PIL-099,,16/11/2025,Chips_QuarterSplit,8.795,Yuvitza.Davila,05/12/2025,,,,
JES-25-125,677462,131.15,132.675,1.53,1,,ALS,PIL-099,,16/11/2025,Chips_QuarterSplit,8.475,Yuvitza.Davila,05/12/2025,,,,
JES-25-125,677464,132.675,134.2,1.52,1,,ALS,PIL-099,,16/11/2025,Chips_QuarterSplit,9.24,Yuvitza.Davila,05/12/2025,,,,
JES-25-125,677465,134.2,135.725,1.53,1,,ALS,PIL-099,,16/11/2025,Chips_QuarterSplit,8.355,Yuvitza.Davila,05/12/2025,,,,
JES-25-125,677466,135.725,137.25,1.53,1,,ALS,PIL-099,,16/11/2025,Chips_QuarterSplit,9.45,Yuvitza.Davila,05/12/2025,,,,
JES-25-125,677467,137.25,138.775,1.53,1,,ALS,PIL-099,,16/11/2025,Chips_QuarterSplit,8.53,Yuvitza.Davila,05/12/2025,,,,
JES-25-125,677468,138.775,140.3,1.53,1,,ALS,PIL-099,,16/11/2025,Chips_QuarterSplit,9.8,Yuvitza.Davila,05/12/2025,,,,
JES-25-125,677469,140.3,141.825,1.52,1,,ALS,PIL-099,,16/11/2025,Chips_QuarterSplit,9.065,Yuvitza.Davila,05/12/2025,,,,
JES-25-125,677470,141.825,143.35,1.53,1,,ALS,PIL-099,,16/11/2025,Chips_QuarterSplit,9.13,Yuvitza.Davila,05/12/2025,,,,
JES-25-125,677471,143.35,144.875,1.53,1,,ALS,PIL-099,,16/11/2025,Chips_QuarterSplit,10.555,Yuvitza.Davila,05/12/2025,,,,
JES-25-125,677472,144.875,146.4,1.53,1,,ALS,PIL-099,,16/11/2025,Chips_QuarterSplit,9.52,Yuvitza.Davila,05/12/2025,,,,
JES-25-125,677473,146.4,147.925,1.53,1,,ALS,PIL-099,,16/11/2025,Chips_QuarterSplit,11.09,Yuvitza.Davila,05/12/2025,,,,
JES-25-125,677474,147.925,149.45,1.52,1,,ALS,PIL-099,,16/11/2025,Chips_QuarterSplit,10.685,Yuvitza.Davila,05/12/2025,,,,
JES-25-125,677475,149.45,150.975,1.53,1,,ALS,PIL-099,,16/11/2025,Chips_QuarterSplit,10.19,Yuvitza.Davila,05/12/2025,,,,
JES-25-125,677476,150.975,152.5,1.53,1,,ALS,PIL-099,,16/11/2025,Chips_QuarterSplit,10.525,Yuvitza.Davila,05/12/2025,,,,
JES-25-125,677478,152.5,154.025,1.53,1,,ALS,PIL-099,,16/11/2025,Chips_QuarterSplit,10.83,Yuvitza.Davila,05/12/2025,,,,
JES-25-125,677479,154.025,155.55,1.53,1,,ALS,PIL-099,,16/11/2025,Chips_QuarterSplit,11.105,Yuvitza.Davila,05/12/2025,,,,
JES-25-125,677480,155.55,157.075,1.52,1,,ALS,PIL-099,,16/11/2025,Chips_QuarterSplit,9.4,Yuvitza.Davila,05/12/2025,,,,
JES-25-125,677481,157.075,158.6,1.53,1,,ALS,PIL-099,,16/11/2025,Chips_QuarterSplit,12.075,Yuvitza.Davila,05/12/2025,,,,
JES-25-125,677482,158.6,160.125,1.53,1,,ALS,PIL-099,,16/11/2025,Chips_QuarterSplit,10.74,Yuvitza.Davila,05/12/2025,,,,
JES-25-125,677483,160.125,161.65,1.53,1,,ALS,PIL-099,,16/11/2025,Chips_QuarterSplit,9.145,Yuvitza.Davila,05/12/2025,,,,
JES-25-125,677484,161.65,163.175,1.53,1,,ALS,PIL-099,,16/11/2025,Chips_QuarterSplit,11.85,Yuvitza.Davila,05/12/2025,,,,
JES-25-125,677485,163.175,164.7,1.52,1,,ALS,PIL-099,,16/11/2025,Chips_QuarterSplit,10.93,Yuvitza.Davila,05/12/2025,,,,
JES-25-125,677486,164.7,166.225,1.53,1,,ALS,PIL-099,,16/11/2025,Chips_QuarterSplit,8.255,Yuvitza.Davila,05/12/2025,,,,
JES-25-125,677487,166.225,167.75,1.53,1,,ALS,PIL-099,,16/11/2025,Chips_QuarterSplit,13.42,Yuvitza.Davila,05/12/2025,,,,
JES-25-125,677488,167.75,169.275,1.53,1,,ALS,PIL-099,,16/11/2025,Chips_QuarterSplit,7.435,Yuvitza.Davila,05/12/2025,,,,
JES-25-125,677489,169.275,170.8,1.53,1,,ALS,PIL-099,,16/11/2025,Chips_QuarterSplit,11.77,Yuvitza.Davila,05/12/2025,,,,
JES-25-125,677490,170.8,172.325,1.52,1,,ALS,PIL-099,,16/11/2025,Chips_QuarterSplit,8.165,Yuvitza.Davila,05/12/2025,,,,
JES-25-125,677491,172.325,173.85,1.53,1,,ALS,PIL-099,,16/11/2025,Chips_QuarterSplit,13.07,Yuvitza.Davila,05/12/2025,,,,
JES-25-125,677493,173.85,175.375,1.53,1,,ALS,PIL-099,,16/11/2025,Chips_QuarterSplit,8.09,Yuvitza.Davila,05/12/2025,,,,
JES-25-125,677494,175.375,176.9,1.53,1,,ALS,PIL-099,,16/11/2025,Chips_QuarterSplit,11.815,Yuvitza.Davila,05/12/2025,,,,
JES-25-125,677495,176.9,178.425,1.53,1,,ALS,PIL-099,,16/11/2025,Chips_QuarterSplit,6.97,Yuvitza.Davila,05/12/2025,,,,
JES-25-125,677496,178.425,179.95,1.52,1,,ALS,PIL-099,,16/11/2025,Chips_QuarterSplit,11.535,Yuvitza.Davila,05/12/2025,,,,
JES-25-125,677497,179.95,181.475,1.53,1,,ALS,PIL-099,,16/11/2025,Chips_QuarterSplit,8.24,Yuvitza.Davila,05/12/2025,,,,
JES-25-125,677498,181.475,183,1.53,1,,ALS,PIL-099,,16/11/2025,Chips_QuarterSplit,10.22,Yuvitza.Davila,05/12/2025,,,,
JES-25-125,677500,183,184.525,1.53,1,,ALS,PIL-099,,16/11/2025,Chips_QuarterSplit,6.415,Yuvitza.Davila,05/12/2025,,,,
JES-25-125,677501,184.525,186.05,1.53,1,,ALS,PIL-099,,16/11/2025,Chips_QuarterSplit,11.045,Yuvitza.Davila,05/12/2025,,,,
JES-25-125,677502,186.05,187.575,1.52,1,,ALS,PIL-099,,16/11/2025,Chips_QuarterSplit,9.655,Yuvitza.Davila,05/12/2025,,,,
JES-25-125,677503,187.575,189.1,1.53,1,,ALS,PIL-099,,16/11/2025,Chips_QuarterSplit,12.125,Yuvitza.Davila,05/12/2025,,,,
JES-25-125,677504,189.1,190.625,1.53,1,,ALS,PIL-099,,16/11/2025,Chips_QuarterSplit,7.99,Yuvitza.Davila,05/12/2025,,,,
JES-25-125,677505,190.625,192.15,1.53,1,,ALS,PIL-099,,16/11/2025,Chips_QuarterSplit,11.945,Yuvitza.Davila,05/12/2025,,,,
JES-25-125,677506,192.15,193.675,1.53,1,,ALS,PIL-099,,16/11/2025,Chips_QuarterSplit,6.835,Yuvitza.Davila,05/12/2025,,,,
JES-25-125,677507,193.675,195.2,1.52,1,,ALS,PIL-099,,16/11/2025,Chips_QuarterSplit,11.74,Yuvitza.Davila,05/12/2025,,,,
JES-25-125,677509,195.2,196.725,1.53,1,,ALS,PIL-099,,16/11/2025,Chips_QuarterSplit,8.37,Yuvitza.Davila,05/12/2025,,,,
JES-25-125,677510,196.725,198.25,1.53,1,,ALS,PIL-099,,16/11/2025,Chips_QuarterSplit,12.68,Yuvitza.Davila,05/12/2025,,,,
JES-25-125,677511,198.25,199.775,1.53,1,,ALS,PIL-099,,16/11/2025,Chips_QuarterSplit,8.33,Yuvitza.Davila,05/12/2025,,,,
JES-25-125,677512,199.775,201.3,1.53,1,,ALS,PIL-099,,16/11/2025,Chips_QuarterSplit,11.7,Yuvitza.Davila,05/12/2025,,,,
JES-25-125,677513,201.3,202.825,1.52,1,,ALS,PIL-099,,16/11/2025,Chips_QuarterSplit,10.78,Yuvitza.Davila,05/12/2025,,,,
JES-25-125,677514,202.825,204.35,1.53,1,,ALS,PIL-099,,16/11/2025,Chips_QuarterSplit,10.455,Yuvitza.Davila,05/12/2025,,,,
JES-25-125,677515,204.35,205.875,1.53,1,,ALS,PIL-099,,16/11/2025,Chips_QuarterSplit,10.155,Yuvitza.Davila,05/12/2025,,,,
JES-25-125,677516,205.875,207.4,1.53,1,,ALS,PIL-099,,16/11/2025,Chips_QuarterSplit,10.145,Yuvitza.Davila,05/12/2025,,,,
JES-25-125,677517,207.4,208.925,1.53,1,,ALS,PIL-099,,16/11/2025,Chips_QuarterSplit,7.5,Yuvitza.Davila,05/12/2025,,,,
JES-25-125,677518,208.925,210.45,1.52,1,,ALS,PIL-099,,16/11/2025,Chips_QuarterSplit,10.215,Yuvitza.Davila,05/12/2025,,,,
JES-25-125,677520,210.45,211.975,1.53,1,,ALS,PIL-099,,16/11/2025,Chips_QuarterSplit,8.085,Yuvitza.Davila,05/12/2025,,,,
JES-25-125,677521,211.975,213.5,1.53,1,,ALS,PIL-099,,16/11/2025,Chips_QuarterSplit,11.34,Yuvitza.Davila,05/12/2025,,,,
JES-25-125,677522,213.5,215.025,1.53,1,,ALS,PIL-099,,16/11/2025,Chips_QuarterSplit,9.805,Yuvitza.Davila,05/12/2025,,,,
JES-25-125,677523,215.025,216.55,1.53,1,,ALS,PIL-099,,16/11/2025,Chips_QuarterSplit,11.95,Yuvitza.Davila,05/12/2025,,,,
JES-25-125,677524,216.55,218.075,1.52,1,,ALS,PIL-099,,16/11/2025,Chips_QuarterSplit,5.97,Yuvitza.Davila,05/12/2025,,,,
JES-25-125,677525,218.075,219.6,1.53,1,,ALS,PIL-099,,16/11/2025,Chips_QuarterSplit,11.565,Yuvitza.Davila,05/12/2025,,,,
JES-25-125,677526,219.6,221.125,1.53,1,,ALS,PIL-099,,16/11/2025,Chips_QuarterSplit,8.295,Yuvitza.Davila,05/12/2025,,,,
JES-25-125,677527,221.125,222.65,1.53,1,,ALS,PIL-099,,16/11/2025,Chips_QuarterSplit,11.8,Yuvitza.Davila,05/12/2025,,,,
JES-25-125,677528,222.65,224.175,1.53,1,,ALS,PIL-099,,16/11/2025,Chips_QuarterSplit,7.15,Yuvitza.Davila,05/12/2025,,,,
JES-25-125,677529,224.175,225.7,1.52,1,,ALS,PIL-099,,16/11/2025,Chips_QuarterSplit,10.81,Yuvitza.Davila,05/12/2025,,,,
JES-25-125,677531,225.7,227.225,1.53,1,,ALS,PIL-099,,16/11/2025,Chips_QuarterSplit,8.935,Yuvitza.Davila,05/12/2025,,,,
JES-25-125,677532,227.225,228.75,1.53,1,,ALS,PIL-099,,16/11/2025,Chips_QuarterSplit,11.025,Yuvitza.Davila,05/12/2025,,,,
JES-25-125,677533,228.75,230.275,1.53,1,,ALS,PIL-099,,16/11/2025,Chips_QuarterSplit,7.92,Yuvitza.Davila,05/12/2025,,,,
JES-25-125,677534,230.275,231.8,1.53,1,,ALS,PIL-099,,16/11/2025,Chips_QuarterSplit,11.645,Yuvitza.Davila,05/12/2025,,,,
JES-25-125,677535,231.8,233.325,1.52,1,,ALS,PIL-099,,16/11/2025,Chips_QuarterSplit,7.53,Yuvitza.Davila,05/12/2025,,,,
JES-25-125,677536,233.325,234.85,1.53,1,,ALS,PIL-099,,16/11/2025,Chips_QuarterSplit,12.49,Yuvitza.Davila,05/12/2025,,,,
JES-25-125,677537,234.85,236.375,1.53,1,,ALS,PIL-099,,16/11/2025,Chips_QuarterSplit,7.365,Yuvitza.Davila,05/12/2025,,,,
JES-25-125,677538,236.375,237.9,1.53,1,,ALS,PIL-099,,16/11/2025,Chips_QuarterSplit,10.435,Yuvitza.Davila,05/12/2025,,,,
JES-25-125,677539,237.9,239.425,1.53,1,,ALS,PIL-099,,16/11/2025,Chips_QuarterSplit,9.4,Yuvitza.Davila,05/12/2025,,,,
JES-25-125,677540,239.425,240.95,1.52,1,,ALS,PIL-099,,16/11/2025,Chips_QuarterSplit,10.035,Yuvitza.Davila,05/12/2025,,,,
JES-25-125,677542,240.95,242.475,1.53,1,,ALS,PIL-099,,16/11/2025,Chips_QuarterSplit,6.41,Yuvitza.Davila,05/12/2025,,,,
JES-25-125,677543,242.475,244,1.53,1,,ALS,PIL-099,,16/11/2025,Chips_QuarterSplit,12.9,Yuvitza.Davila,05/12/2025,,,,
JES-25-125,677544,244,245.525,1.53,1,,ALS,PIL-099,,16/11/2025,Chips_QuarterSplit,8.155,Yuvitza.Davila,05/12/2025,,,,
JES-25-125,677545,245.525,247.05,1.53,1,,ALS,PIL-099,,16/11/2025,Chips_QuarterSplit,10.6,Yuvitza.Davila,05/12/2025,,,,
JES-25-125,677546,247.05,248.575,1.52,1,,ALS,PIL-099,,16/11/2025,Chips_QuarterSplit,10.05,Yuvitza.Davila,05/12/2025,,,,
JES-25-125,677547,248.575,250.1,1.53,1,,ALS,PIL-099,,16/11/2025,Chips_QuarterSplit,10.47,Yuvitza.Davila,05/12/2025,,,,
JES-25-125,677548,250.1,251.625,1.53,1,,ALS,PIL-099,,16/11/2025,Chips_QuarterSplit,10.05,Yuvitza.Davila,05/12/2025,,,,
JES-25-125,677549,251.625,253.15,1.53,1,,ALS,PIL-099,,16/11/2025,Chips_QuarterSplit,10.22,Yuvitza.Davila,05/12/2025,,,,
JES-25-125,677550,253.15,254.675,1.53,1,,ALS,PIL-099,,16/11/2025,Chips_QuarterSplit,8.955,Yuvitza.Davila,05/12/2025,,,,
JES-25-125,677551,254.675,256.2,1.52,1,,ALS,PIL-099,,16/11/2025,Chips_QuarterSplit,10.985,Yuvitza.Davila,05/12/2025,,,,
JES-25-125,677553,256.2,257.725,1.53,1,,ALS,PIL-099,,16/11/2025,Chips_QuarterSplit,10.105,Yuvitza.Davila,05/12/2025,,,,
JES-25-125,677554,257.725,259.25,1.52,1,,ALS,PIL-099,,16/11/2025,Chips_QuarterSplit,10.44,Yuvitza.Davila,05/12/2025,,,,
JES-25-125,677555,259.25,260.775,1.52,1,,ALS,PIL-099,,16/11/2025,Chips_QuarterSplit,8.24,Yuvitza.Davila,05/12/2025,,,,
JES-25-125,677556,260.775,262.3,1.53,1,,ALS,PIL-099,,16/11/2025,Chips_QuarterSplit,11.965,Yuvitza.Davila,05/12/2025,,,,
JES-25-125,677557,262.3,263.825,1.52,1,,ALS,PIL-099,,16/11/2025,Chips_QuarterSplit,8.065,Yuvitza.Davila,05/12/2025,,,,
JES-25-125,677558,263.825,265.35,1.53,1,,ALS,PIL-099,,16/11/2025,Chips_QuarterSplit,11.705,Yuvitza.Davila,05/12/2025,,,,
JES-25-125,677559,265.35,266.875,1.52,1,,ALS,PIL-099,,16/11/2025,Chips_QuarterSplit,11.355,Yuvitza.Davila,05/12/2025,,,,
JES-25-125,677560,266.875,268.4,1.52,1,,ALS,PIL-099,,16/11/2025,Chips_QuarterSplit,12.575,Yuvitza.Davila,05/12/2025,,,,
JES-25-125,677561,268.4,269.925,1.53,1,,ALS,PIL-099,,16/11/2025,Chips_QuarterSplit,6.22,Yuvitza.Davila,05/12/2025,,,,
JES-25-125,677562,269.925,271.45,1.52,1,,ALS,PIL-099,,16/11/2025,Chips_QuarterSplit,14.015,Yuvitza.Davila,05/12/2025,,,,
JES-25-125,677564,271.45,272.975,1.53,1,,ALS,PIL-099,,16/11/2025,Chips_QuarterSplit,11.005,Yuvitza.Davila,05/12/2025,,,,
JES-25-125,677565,272.975,274.5,1.52,1,,ALS,PIL-099,,16/11/2025,Chips_QuarterSplit,12.465,Yuvitza.Davila,05/12/2025,,,,
JES-25-125,677566,274.5,276.025,1.52,1,,ALS,PIL-099,,16/11/2025,Chips_QuarterSplit,8.435,Yuvitza.Davila,05/12/2025,,,,
JES-25-125,677567,276.025,277.55,1.53,1,,ALS,PIL-099,,16/11/2025,Chips_QuarterSplit,11.625,Yuvitza.Davila,05/12/2025,,,,
JES-25-125,677568,277.55,279.075,1.52,1,,ALS,PIL-099,,16/11/2025,Chips_QuarterSplit,10.46,Yuvitza.Davila,05/12/2025,,,,
JES-25-125,677569,279.075,280.6,1.53,1,,ALS,PIL-099,,16/11/2025,Chips_QuarterSplit,10.99,Yuvitza.Davila,05/12/2025,,,,
JES-25-125,677570,280.6,282.125,1.52,1,,ALS,PIL-099,,16/11/2025,Chips_QuarterSplit,10.59,Yuvitza.Davila,05/12/2025,,,,
JES-25-125,677571,282.125,283.65,1.52,1,,ALS,PIL-099,,16/11/2025,Chips_QuarterSplit,11.395,Yuvitza.Davila,05/12/2025,,,,
JES-25-125,677572,283.65,285.175,1.53,1,,ALS,PIL-099,,16/11/2025,Chips_QuarterSplit,8.81,Yuvitza.Davila,05/12/2025,,,,
JES-25-125,677573,285.175,286.7,1.52,1,,ALS,PIL-099,,16/11/2025,Chips_QuarterSplit,9.005,Yuvitza.Davila,05/12/2025,,,,
JES-25-125,677575,286.7,288.225,1.53,1,,ALS,PIL-099,,16/11/2025,Chips_QuarterSplit,9.045,Yuvitza.Davila,05/12/2025,,,,
JES-25-125,677576,288.225,289.75,1.52,1,,ALS,PIL-099,,16/11/2025,Chips_QuarterSplit,9.735,Yuvitza.Davila,05/12/2025,,,,
JES-25-125,677577,289.75,291.275,1.52,1,,ALS,PIL-099,,16/11/2025,Chips_QuarterSplit,9.265,Yuvitza.Davila,05/12/2025,,,,
JES-25-125,677578,291.275,292.8,1.53,1,,ALS,PIL-099,,16/11/2025,Chips_QuarterSplit,10.93,Yuvitza.Davila,05/12/2025,,,,
JES-25-125,677579,292.8,294.325,1.52,1,,ALS,PIL-099,,16/11/2025,Chips_QuarterSplit,8.255,Yuvitza.Davila,05/12/2025,,,,
JES-25-125,677580,294.325,295.85,1.53,1,,ALS,PIL-099,,16/11/2025,Chips_QuarterSplit,11.94,Yuvitza.Davila,05/12/2025,,,,
JES-25-125,677581,295.85,297.375,1.52,1,,ALS,PIL-099,,16/11/2025,Chips_QuarterSplit,8.855,Yuvitza.Davila,05/12/2025,,,,
JES-25-125,677582,297.375,298.9,1.52,1,,ALS,PIL-099,,16/11/2025,Chips_QuarterSplit,11.38,Yuvitza.Davila,05/12/2025,,,,
JES-25-125,677583,298.9,300.425,1.53,1,,ALS,PIL-099,,16/11/2025,Chips_QuarterSplit,12.42,Yuvitza.Davila,05/12/2025,,,,
JES-25-126,677589,0,1.525,1.53,1,,ALS,PIL-100,HE25388602 - Finalized,29/11/2025,Core_QuarterSplit,0.68,Yuvitza.Davila,29/11/2025,,,,0.66
JES-25-126,677590,1.525,3.05,1.53,1,,ALS,PIL-100,HE25388602 - Finalized,29/11/2025,Core_QuarterSplit,2.355,Yuvitza.Davila,29/11/2025,,,,2.34
JES-25-126,677591,3.05,4.575,1.53,1,,ALS,PIL-100,HE25388602 - Finalized,29/11/2025,Core_QuarterSplit,4.45,Yuvitza.Davila,29/11/2025,,,,4.45
JES-25-126,677592,4.575,6.1,1.53,1,,ALS,PIL-100,HE25388602 - Finalized,29/11/2025,Core_QuarterSplit,4.525,Yuvitza.Davila,29/11/2025,,,,4.53
JES-25-126,677593,6.1,7.625,1.53,1,,ALS,PIL-100,HE25388602 - Finalized,29/11/2025,Core_QuarterSplit,5.78,Yuvitza.Davila,29/11/2025,,,,5.8
JES-25-126,677594,7.625,9.15,1.53,1,,ALS,PIL-100,HE25388602 - Finalized,29/11/2025,Core_QuarterSplit,4.86,Yuvitza.Davila,29/11/2025,,,,4.88
JES-25-126,677595,9.15,10.675,1.53,1,,ALS,PIL-100,HE25388602 - Finalized,29/11/2025,Core_QuarterSplit,8870,Yuvitza.Davila,29/11/2025,,,,8.9
JES-25-126,677596,10.675,12.2,1.53,1,,ALS,PIL-100,HE25388602 - Finalized,29/11/2025,Core_QuarterSplit,10.735,Yuvitza.Davila,29/11/2025,,,,10.77
JES-25-126,677597,12.2,13.725,1.53,1,,ALS,PIL-100,HE25388602 - Finalized,29/11/2025,Core_QuarterSplit,8.46,Yuvitza.Davila,29/11/2025,,,,8.51
JES-25-126,677598,13.725,15.25,1.53,1,,ALS,PIL-100,HE25388602 - Finalized,29/11/2025,Core_QuarterSplit,7.53,Yuvitza.Davila,29/11/2025,,,,7.55
JES-25-126,677599,15.25,16.775,1.53,1,,ALS,PIL-100,HE25388602 - Finalized,29/11/2025,Core_QuarterSplit,10.26,Yuvitza.Davila,29/11/2025,,,,10.23
JES-25-126,677600,16.775,18.3,1.53,1,,ALS,PIL-100,HE25388602 - Finalized,29/11/2025,Core_QuarterSplit,7.95,Yuvitza.Davila,29/11/2025,,,,7.99
JES-25-126,677601,18.3,19.825,1.53,1,,ALS,PIL-100,HE25388602 - Finalized,29/11/2025,Core_QuarterSplit,10.87,Yuvitza.Davila,29/11/2025,,,,10.94
JES-25-126,677602,19.825,21.35,1.53,1,,ALS,PIL-100,HE25388602 - Finalized,29/11/2025,Core_QuarterSplit,9.455,Yuvitza.Davila,29/11/2025,,,,9.51
JES-25-126,677604,21.35,22.875,1.53,1,,ALS,PIL-100,HE25388602 - Finalized,29/11/2025,Core_QuarterSplit,10.115,Yuvitza.Davila,29/11/2025,,,,10.21
JES-25-126,677605,22.875,24.4,1.53,1,,ALS,PIL-100,HE25388602 - Finalized,29/11/2025,Core_QuarterSplit,11.2,Yuvitza.Davila,29/11/2025,,,,10.3
JES-25-126,677606,24.4,25.925,1.53,1,,ALS,PIL-100,HE25388602 - Finalized,29/11/2025,Core_QuarterSplit,11.22,Yuvitza.Davila,29/11/2025,,,,11.27
JES-25-126,677607,25.925,27.45,1.53,1,,ALS,PIL-100,HE25388602 - Finalized,29/11/2025,Core_QuarterSplit,9.475,Yuvitza.Davila,29/11/2025,,,,9.52
JES-25-126,677608,27.45,28.975,1.53,1,,ALS,PIL-100,HE25388602 - Finalized,29/11/2025,Core_QuarterSplit,10.99,Yuvitza.Davila,29/11/2025,,,,11.03
JES-25-126,677609,28.975,30.5,1.53,1,,ALS,PIL-100,HE25388602 - Finalized,29/11/2025,Core_QuarterSplit,9.95,Yuvitza.Davila,29/11/2025,,,,10.01
JES-25-126,677610,30.5,32.025,1.53,1,,ALS,PIL-100,HE25388602 - Finalized,29/11/2025,Core_QuarterSplit,11.44,Yuvitza.Davila,29/11/2025,,,,11.49
JES-25-126,677611,32.025,33.55,1.53,1,,ALS,PIL-100,HE25388602 - Finalized,29/11/2025,Core_QuarterSplit,11.12,Yuvitza.Davila,29/11/2025,,,,11.15
JES-25-126,677612,33.55,35.075,1.53,1,,ALS,PIL-100,HE25388602 - Finalized,29/11/2025,Core_QuarterSplit,11.045,Yuvitza.Davila,29/11/2025,,,,11.03
JES-25-126,677613,35.075,36.6,1.53,1,,ALS,PIL-100,HE25388602 - Finalized,29/11/2025,Core_QuarterSplit,9.245,Yuvitza.Davila,29/11/2025,,,,9.27
JES-25-126,677614,36.6,38.125,1.53,1,,ALS,PIL-100,HE25388602 - Finalized,29/11/2025,Core_QuarterSplit,10.9,Yuvitza.Davila,29/11/2025,,,,10.93
JES-25-126,677615,38.125,39.65,1.53,1,,ALS,PIL-100,HE25388602 - Finalized,29/11/2025,Core_QuarterSplit,9.4,Yuvitza.Davila,29/11/2025,,,,9.38
JES-25-126,677616,39.65,41.175,1.53,1,,ALS,PIL-100,HE25388602 - Finalized,29/11/2025,Core_QuarterSplit,10.57,Yuvitza.Davila,29/11/2025,,,,10.53
JES-25-126,677617,41.175,42.7,1.53,1,,ALS,PIL-100,HE25388602 - Finalized,29/11/2025,Core_QuarterSplit,9.28,Yuvitza.Davila,29/11/2025,,,,9.29
JES-25-126,677618,42.7,44.225,1.53,1,,ALS,PIL-100,HE25388602 - Finalized,29/11/2025,Core_QuarterSplit,11.075,Yuvitza.Davila,29/11/2025,,,,11.07
JES-25-126,677619,44.225,45.75,1.53,1,,ALS,PIL-100,HE25388602 - Finalized,29/11/2025,Core_QuarterSplit,8.99,Yuvitza.Davila,29/11/2025,,,,8.99
JES-25-126,677620,45.75,47.275,1.53,1,,ALS,PIL-100,HE25388602 - Finalized,29/11/2025,Core_QuarterSplit,9.375,Yuvitza.Davila,29/11/2025,,,,9.38
JES-25-126,677621,47.275,48.8,1.53,1,,ALS,PIL-100,HE25388602 - Finalized,29/11/2025,Core_QuarterSplit,9.83,Yuvitza.Davila,29/11/2025,,,,9.79
JES-25-126,677622,48.8,50.325,1.53,1,,ALS,PIL-100,HE25388602 - Finalized,29/11/2025,Core_QuarterSplit,11.145,Yuvitza.Davila,29/11/2025,,,,11.12
JES-25-126,677624,50.325,51.85,1.53,1,,ALS,PIL-100,HE25388602 - Finalized,29/11/2025,Core_QuarterSplit,7.36,Yuvitza.Davila,29/11/2025,,,,7.35
JES-25-126,677625,51.85,53.375,1.53,1,,ALS,PIL-100,HE25388602 - Finalized,29/11/2025,Core_QuarterSplit,11.13,Yuvitza.Davila,29/11/2025,,,,11.11
JES-25-126,677626,53.375,54.9,1.53,1,,ALS,PIL-100,HE25388602 - Finalized,29/11/2025,Core_QuarterSplit,6.54,Yuvitza.Davila,29/11/2025,,,,6.42
JES-25-126,677627,54.9,56.425,1.53,1,,ALS,PIL-100,HE25388602 - Finalized,29/11/2025,Core_QuarterSplit,12.1,Yuvitza.Davila,29/11/2025,,,,12.14
JES-25-126,677628,56.425,57.95,1.53,1,,ALS,PIL-100,HE25388602 - Finalized,29/11/2025,Core_QuarterSplit,10.395,Yuvitza.Davila,29/11/2025,,,,10.44
JES-25-126,677629,57.95,59.475,1.53,1,,ALS,PIL-100,HE25388602 - Finalized,29/11/2025,Core_QuarterSplit,11.415,Yuvitza.Davila,29/11/2025,,,,11.49
JES-25-126,677630,59.475,61,1.53,1,,ALS,PIL-100,HE25388602 - Finalized,29/11/2025,Core_QuarterSplit,10.555,Yuvitza.Davila,29/11/2025,,,,10.61
JES-25-126,677631,61,62.525,1.53,1,,ALS,PIL-100,HE25388602 - Finalized,29/11/2025,Core_QuarterSplit,11.21,Yuvitza.Davila,29/11/2025,,,,11.24
JES-25-126,677632,62.525,64.05,1.53,1,,ALS,PIL-100,HE25388602 - Finalized,29/11/2025,Core_QuarterSplit,10.23,Yuvitza.Davila,29/11/2025,,,,10.26
JES-25-126,677633,64.05,65.575,1.53,1,,ALS,PIL-100,HE25388602 - Finalized,29/11/2025,Core_QuarterSplit,9.52,Yuvitza.Davila,29/11/2025,,,,9.55
JES-25-126,677634,65.575,67.1,1.52,1,,ALS,PIL-100,HE25388602 - Finalized,29/11/2025,Core_QuarterSplit,10.155,Yuvitza.Davila,29/11/2025,,,,10.19
JES-25-126,677635,67.1,68.625,1.53,1,,ALS,PIL-100,HE25388602 - Finalized,29/11/2025,Core_QuarterSplit,8.58,Yuvitza.Davila,29/11/2025,,,,8.6
JES-25-126,677636,68.625,70.15,1.53,1,,ALS,PIL-100,HE25388602 - Finalized,29/11/2025,Core_QuarterSplit,7.86,Yuvitza.Davila,29/11/2025,,,,7.89
JES-25-126,677637,70.15,71.675,1.52,1,,ALS,PIL-100,HE25388602 - Finalized,29/11/2025,Core_QuarterSplit,10.79,Yuvitza.Davila,29/11/2025,,,,10.82
JES-25-126,677638,71.675,73.2,1.53,1,,ALS,PIL-100,HE25388602 - Finalized,29/11/2025,Core_QuarterSplit,9.89,Yuvitza.Davila,29/11/2025,,,,9.92
JES-25-126,677639,73.2,74.725,1.52,1,,ALS,PIL-100,HE25388602 - Finalized,29/11/2025,Core_QuarterSplit,8.78,Yuvitza.Davila,29/11/2025,,,,8.81
JES-25-126,677640,74.725,76.25,1.53,1,,ALS,PIL-100,HE25388602 - Finalized,29/11/2025,Core_QuarterSplit,8.075,Yuvitza.Davila,29/11/2025,,,,8.09
JES-25-126,677643,76.25,77.775,1.53,1,,ALS,PIL-100,HE25388602 - Finalized,29/11/2025,Core_QuarterSplit,9.6,Yuvitza.Davila,29/11/2025,,,,9.63
JES-25-126,677644,77.775,79.3,1.52,1,,ALS,PIL-100,HE25388602 - Finalized,29/11/2025,Core_QuarterSplit,8.545,Yuvitza.Davila,29/11/2025,,,,8.57
JES-25-126,677645,79.3,80.825,1.53,1,,ALS,PIL-100,HE25388602 - Finalized,29/11/2025,Core_QuarterSplit,10.77,Yuvitza.Davila,29/11/2025,,,,10.82
JES-25-126,677646,80.825,82.35,1.52,1,,ALS,PIL-100,HE25388602 - Finalized,29/11/2025,Core_QuarterSplit,7.5,Yuvitza.Davila,29/11/2025,,,,7.52
JES-25-126,677647,82.35,83.875,1.53,1,,ALS,PIL-100,HE25388602 - Finalized,29/11/2025,Core_QuarterSplit,9.605,Yuvitza.Davila,29/11/2025,,,,9.55
JES-25-126,677648,83.875,85.4,1.53,1,,ALS,PIL-100,HE25388602 - Finalized,29/11/2025,Core_QuarterSplit,7.87,Yuvitza.Davila,29/11/2025,,,,7.87
JES-25-126,677649,85.4,86.925,1.52,1,,ALS,PIL-100,HE25388602 - Finalized,29/11/2025,Core_QuarterSplit,8.505,Yuvitza.Davila,29/11/2025,,,,8.51
JES-25-126,677650,86.925,88.45,1.53,1,,ALS,PIL-100,HE25388602 - Finalized,29/11/2025,Core_QuarterSplit,8.42,Yuvitza.Davila,29/11/2025,,,,8.19
JES-25-126,677651,88.45,89.975,1.52,1,,ALS,PIL-100,HE25388602 - Finalized,29/11/2025,Core_QuarterSplit,9.015,Yuvitza.Davila,29/11/2025,,,,9.01
JES-25-126,677652,89.975,91.5,1.53,1,,ALS,PIL-100,HE25388602 - Finalized,29/11/2025,Core_QuarterSplit,7.87,Yuvitza.Davila,29/11/2025,,,,7.78
JES-25-126,677654,91.5,93.025,1.53,1,,ALS,PIL-100,HE25388602 - Finalized,29/11/2025,Core_QuarterSplit,9.49,Yuvitza.Davila,29/11/2025,,,,9.46
JES-25-126,677655,93.025,94.55,1.52,1,,ALS,PIL-100,HE25388602 - Finalized,29/11/2025,Core_QuarterSplit,8.765,Yuvitza.Davila,29/11/2025,,,,8.78
JES-25-126,677656,94.55,96.075,1.53,1,,ALS,PIL-100,HE25388602 - Finalized,29/11/2025,Core_QuarterSplit,8.825,Yuvitza.Davila,29/11/2025,,,,8.79
JES-25-126,677657,96.075,97.6,1.52,1,,ALS,PIL-100,HE25388602 - Finalized,29/11/2025,Core_QuarterSplit,8.69,Yuvitza.Davila,29/11/2025,,,,8.94
JES-25-126,677658,97.6,99.125,1.53,1,,ALS,PIL-100,HE25388602 - Finalized,29/11/2025,Core_QuarterSplit,8.69,Yuvitza.Davila,29/11/2025,,,,8.65
JES-25-126,677659,99.125,100.65,1.53,1,,ALS,PIL-100,HE25388602 - Finalized,29/11/2025,Core_QuarterSplit,13.88,Yuvitza.Davila,29/11/2025,,,,13.88
JES-25-126,677660,100.65,102.175,1.52,1,,ALS,PIL-100,HE25388602 - Finalized,29/11/2025,Core_QuarterSplit,6.38,Yuvitza.Davila,29/11/2025,,,,6.46
JES-25-126,677661,102.175,103.7,1.53,1,,ALS,PIL-100,HE25388602 - Finalized,29/11/2025,Core_QuarterSplit,9.59,Yuvitza.Davila,29/11/2025,,,,9.54
JES-25-126,677662,103.7,105.225,1.52,1,,ALS,PIL-100,HE25388602 - Finalized,29/11/2025,Core_QuarterSplit,10.33,Yuvitza.Davila,29/11/2025,,,,10.19
JES-25-126,677663,105.225,106.75,1.53,1,,ALS,PIL-100,HE25388602 - Finalized,29/11/2025,Core_QuarterSplit,9.25,Yuvitza.Davila,29/11/2025,,,,9.2
JES-25-126,677665,106.75,108.275,1.53,1,,ALS,PIL-100,HE25388602 - Finalized,29/11/2025,Core_QuarterSplit,9.985,Yuvitza.Davila,29/11/2025,,,,9.99
JES-25-126,677666,108.275,109.8,1.52,1,,ALS,PIL-100,HE25388602 - Finalized,29/11/2025,Core_QuarterSplit,9.335,Yuvitza.Davila,29/11/2025,,,,9.34
JES-25-126,677667,109.8,111.325,1.53,1,,ALS,PIL-100,HE25388602 - Finalized,29/11/2025,Core_QuarterSplit,9.755,Yuvitza.Davila,29/11/2025,,,,9.78
JES-25-126,677668,111.325,112.85,1.52,1,,ALS,PIL-100,HE25388602 - Finalized,29/11/2025,Core_QuarterSplit,8.7,Yuvitza.Davila,29/11/2025,,,,8.73
JES-25-126,677669,112.85,114.375,1.53,1,,ALS,PIL-100,HE25388602 - Finalized,29/11/2025,Core_QuarterSplit,9.54,Yuvitza.Davila,29/11/2025,,,,9.59
JES-25-126,677670,114.375,115.9,1.53,1,,ALS,PIL-100,HE25388602 - Finalized,29/11/2025,Core_QuarterSplit,8.745,Yuvitza.Davila,29/11/2025,,,,8.77
JES-25-126,677671,115.9,117.425,1.52,1,,ALS,PIL-100,HE25388602 - Finalized,29/11/2025,Core_QuarterSplit,8.925,Yuvitza.Davila,29/11/2025,,,,8.95
JES-25-126,677672,117.425,118.95,1.53,1,,ALS,PIL-100,HE25388602 - Finalized,29/11/2025,Core_QuarterSplit,9.135,Yuvitza.Davila,29/11/2025,,,,9.16
JES-25-126,677673,118.95,120.475,1.52,1,,ALS,PIL-100,HE25388602 - Finalized,29/11/2025,Core_QuarterSplit,9.945,Yuvitza.Davila,29/11/2025,,,,9.98
JES-25-126,677674,120.475,122,1.53,1,,ALS,PIL-100,HE25388602 - Finalized,29/11/2025,Core_QuarterSplit,9.27,Yuvitza.Davila,29/11/2025,,,,9.31
JES-25-126,677675,122,123.525,1.53,1,,ALS,PIL-100,HE25388602 - Finalized,29/11/2025,Core_QuarterSplit,9.205,Yuvitza.Davila,29/11/2025,,,,9.23
JES-25-126,677677,123.525,125.05,1.52,1,,ALS,PIL-100,HE25388602 - Finalized,29/11/2025,Core_QuarterSplit,9.605,Yuvitza.Davila,29/11/2025,,,,9.64
JES-25-126,677678,125.05,126.575,1.53,1,,ALS,PIL-100,HE25388602 - Finalized,29/11/2025,Core_QuarterSplit,9.025,Yuvitza.Davila,29/11/2025,,,,9.05
JES-25-126,677679,126.575,128.1,1.52,1,,ALS,PIL-100,HE25388602 - Finalized,29/11/2025,Core_QuarterSplit,8.16,Yuvitza.Davila,29/11/2025,,,,8.19
JES-25-126,677680,128.1,129.625,1.53,1,,ALS,PIL-100,HE25388602 - Finalized,29/11/2025,Core_QuarterSplit,8.415,Yuvitza.Davila,29/11/2025,,,,8.43
JES-25-126,677681,129.625,131.15,1.53,1,,ALS,PIL-100,HE25388602 - Finalized,29/11/2025,Core_QuarterSplit,6.155,Yuvitza.Davila,29/11/2025,,,,6.17
JES-25-126,677682,131.15,132.675,1.53,1,,ALS,PIL-100,HE25388602 - Finalized,29/11/2025,Core_QuarterSplit,13.025,Yuvitza.Davila,29/11/2025,,,,13.07
JES-25-126,677683,132.675,134.2,1.52,1,,ALS,PIL-100,HE25388602 - Finalized,29/11/2025,Core_QuarterSplit,9.425,Yuvitza.Davila,29/11/2025,,,,9.46
JES-25-126,677684,134.2,135.725,1.53,1,,ALS,PIL-100,HE25388602 - Finalized,29/11/2025,Core_QuarterSplit,10.655,Yuvitza.Davila,29/11/2025,,,,10.69
JES-25-126,677685,135.725,137.25,1.53,1,,ALS,PIL-100,HE25388602 - Finalized,29/11/2025,Core_QuarterSplit,8.93,Yuvitza.Davila,29/11/2025,,,,8.97
JES-25-126,677686,137.25,138.755,1.51,1,,ALS,PIL-100,HE25388602 - Finalized,29/11/2025,Core_QuarterSplit,11.645,Yuvitza.Davila,29/11/2025,,,,11.68
JES-25-126,677688,138.755,140.3,1.55,1,,ALS,PIL-100,HE25388602 - Finalized,29/11/2025,Core_QuarterSplit,7.16,Yuvitza.Davila,29/11/2025,,,,7.18
JES-25-126,677689,140.3,141.825,1.52,1,,ALS,PIL-100,HE25388602 - Finalized,29/11/2025,Core_QuarterSplit,11.595,Yuvitza.Davila,29/11/2025,,,,11.64
JES-25-126,677690,141.825,143.35,1.53,1,,ALS,PIL-100,HE25388602 - Finalized,29/11/2025,Core_QuarterSplit,7.485,Yuvitza.Davila,29/11/2025,,,,7.5
JES-25-126,677691,143.35,144.875,1.53,1,,ALS,PIL-100,HE25388602 - Finalized,29/11/2025,Core_QuarterSplit,11.355,Yuvitza.Davila,29/11/2025,,,,11.42
JES-25-126,677692,144.875,146.4,1.53,1,,ALS,PIL-100,HE25388602 - Finalized,29/11/2025,Core_QuarterSplit,6.185,Yuvitza.Davila,29/11/2025,,,,6.21
JES-25-126,677693,146.4,147.925,1.53,1,,ALS,PIL-100,HE25388602 - Finalized,29/11/2025,Core_QuarterSplit,9.96,Yuvitza.Davila,29/11/2025,,,,10.01
JES-25-126,677694,147.925,149.45,1.52,1,,ALS,PIL-100,HE25388602 - Finalized,29/11/2025,Core_QuarterSplit,9.015,Yuvitza.Davila,29/11/2025,,,,9.05
JES-25-126,677695,149.45,150.975,1.53,1,,ALS,PIL-100,HE25388602 - Finalized,29/11/2025,Core_QuarterSplit,11.3,Yuvitza.Davila,29/11/2025,,,,11.35
JES-25-126,677696,150.975,152.5,1.53,1,,ALS,PIL-100,HE25388602 - Finalized,29/11/2025,Core_QuarterSplit,10.055,Yuvitza.Davila,29/11/2025,,,,10.1
JES-25-126,677697,152.5,154.025,1.53,1,,ALS,PIL-100,HE25388602 - Finalized,29/11/2025,Core_QuarterSplit,10,Yuvitza.Davila,29/11/2025,,,,10.04
JES-25-126,677699,154.025,155.55,1.53,1,,ALS,PIL-100,HE25388602 - Finalized,29/11/2025,Core_QuarterSplit,9.51,Yuvitza.Davila,29/11/2025,,,,9.54
JES-25-126,677700,155.55,157.075,1.52,1,,ALS,PIL-100,HE25388602 - Finalized,29/11/2025,Core_QuarterSplit,9.475,Yuvitza.Davila,29/11/2025,,,,9.5
JES-25-126,677701,157.075,158.6,1.53,1,,ALS,PIL-100,HE25388602 - Finalized,04/12/2025,Core_QuarterSawn,11.16,Yuvitza.Davila,22/11/2025,,,,11.2
JES-25-126,677702,158.6,160.125,1.53,1,,ALS,PIL-100,HE25388602 - Finalized,04/12/2025,Core_QuarterSawn,10.5,Yuvitza.Davila,22/11/2025,,,,10.54
JES-25-126,677703,160.125,161.65,1.53,1,,ALS,PIL-100,HE25388602 - Finalized,04/12/2025,Core_QuarterSawn,8.145,Yuvitza.Davila,22/11/2025,,,,8.16
JES-25-126,677704,161.65,163.175,1.53,1,,ALS,PIL-100,HE25388602 - Finalized,04/12/2025,Core_QuarterSawn,13.69,Yuvitza.Davila,22/11/2025,,,,13.75
JES-25-126,677705,163.175,164.7,1.52,1,,ALS,PIL-100,HE25388602 - Finalized,04/12/2025,Core_QuarterSawn,10.52,Yuvitza.Davila,22/11/2025,,,,10.59
JES-25-126,677706,164.7,166.225,1.53,1,,ALS,PIL-100,HE25388602 - Finalized,04/12/2025,Core_QuarterSawn,11.655,Yuvitza.Davila,22/11/2025,,,,11.72
JES-25-126,677707,166.225,167.75,1.53,1,,ALS,PIL-100,HE25388602 - Finalized,04/12/2025,Core_QuarterSawn,12.91,Yuvitza.Davila,22/11/2025,,,,12.97
JES-25-126,677708,167.75,169.275,1.53,1,,ALS,PIL-100,HE25388602 - Finalized,04/12/2025,Core_QuarterSawn,11.885,Yuvitza.Davila,22/11/2025,,,,11.94
JES-25-126,677710,169.275,170.8,1.53,1,,ALS,PIL-100,HE25388602 - Finalized,04/12/2025,Core_QuarterSawn,11.37,Yuvitza.Davila,22/11/2025,,,,11.53
JES-25-126,677711,170.8,172.325,1.52,1,,ALS,PIL-100,HE25388602 - Finalized,04/12/2025,Core_QuarterSawn,14.53,Yuvitza.Davila,22/11/2025,,,,14.6
JES-25-126,677712,172.325,173.85,1.53,1,,ALS,PIL-100,HE25388602 - Finalized,04/12/2025,Core_QuarterSawn,10.085,Yuvitza.Davila,22/11/2025,,,,10.12
JES-25-126,677713,173.85,175.375,1.53,1,,ALS,PIL-100,HE25388602 - Finalized,04/12/2025,Core_QuarterSawn,11.905,Yuvitza.Davila,22/11/2025,,,,11.94
JES-25-126,677714,175.375,176.9,1.53,1,,ALS,PIL-100,HE25388602 - Finalized,04/12/2025,Core_QuarterSawn,9,Yuvitza.Davila,22/11/2025,,,,9.03
JES-25-126,677715,176.9,178.425,1.53,1,,ALS,PIL-100,HE25388602 - Finalized,04/12/2025,Core_QuarterSawn,12.07,Yuvitza.Davila,22/11/2025,,,,12.13
JES-25-126,677716,178.425,179.95,1.52,1,,ALS,PIL-100,HE25388602 - Finalized,04/12/2025,Core_QuarterSawn,11.255,Yuvitza.Davila,22/11/2025,,,,11.3
JES-25-126,677717,179.95,181.475,1.53,1,,ALS,PIL-100,HE25388602 - Finalized,04/12/2025,Core_QuarterSawn,10.61,Yuvitza.Davila,22/11/2025,,,,10.65
JES-25-126,677718,181.475,183,1.53,1,,ALS,PIL-100,HE25388602 - Finalized,04/12/2025,Core_QuarterSawn,8.37,Yuvitza.Davila,22/11/2025,,,,8.4
JES-25-126,677719,183,184.525,1.53,1,,ALS,PIL-100,HE25388602 - Finalized,04/12/2025,Core_QuarterSawn,12.365,Yuvitza.Davila,22/11/2025,,,,12.41
JES-25-126,677721,184.525,186.05,1.53,1,,ALS,PIL-100,HE25388602 - Finalized,04/12/2025,Core_QuarterSawn,10.9,Yuvitza.Davila,22/11/2025,,,,10.93
JES-25-126,677722,186.05,187.575,1.52,1,,ALS,PIL-100,HE25388602 - Finalized,04/12/2025,Core_QuarterSawn,12.42,Yuvitza.Davila,22/11/2025,,,,12.47
JES-25-126,677723,187.575,189.1,1.53,1,,ALS,PIL-100,HE25388602 - Finalized,04/12/2025,Core_QuarterSawn,11.915,Yuvitza.Davila,22/11/2025,,,,11.95
JES-25-126,677724,189.1,190.625,1.53,1,,ALS,PIL-100,HE25388602 - Finalized,04/12/2025,Core_QuarterSawn,11.17,Yuvitza.Davila,22/11/2025,,,,11.21
JES-25-126,677725,190.625,192.15,1.53,1,,ALS,PIL-100,HE25388602 - Finalized,04/12/2025,Core_QuarterSawn,13.335,Yuvitza.Davila,22/11/2025,,,,13.39
JES-25-126,677726,192.15,193.675,1.53,1,,ALS,PIL-100,HE25388602 - Finalized,04/12/2025,Core_QuarterSawn,12.06,Yuvitza.Davila,22/11/2025,,,,12.11
JES-25-126,677727,193.675,195.2,1.52,1,,ALS,PIL-100,HE25388602 - Finalized,04/12/2025,Core_QuarterSawn,7.855,Yuvitza.Davila,22/11/2025,,,,7.87
JES-25-126,677728,195.2,196.725,1.53,1,,ALS,PIL-100,HE25388602 - Finalized,04/12/2025,Core_QuarterSawn,12.14,Yuvitza.Davila,22/11/2025,,,,12.19
JES-25-126,677729,196.725,198.25,1.53,1,,ALS,PIL-100,HE25388602 - Finalized,04/12/2025,Core_QuarterSawn,6.76,Yuvitza.Davila,22/11/2025,,,,10.8
JES-25-126,677730,198.25,199.775,1.53,1,,ALS,PIL-100,HE25388602 - Finalized,04/12/2025,Core_QuarterSawn,11.19,Yuvitza.Davila,22/11/2025,,,,11.24
JES-25-126,677732,199.775,201.3,1.53,1,,ALS,PIL-100,HE25388602 - Finalized,04/12/2025,Core_QuarterSawn,7.34,Yuvitza.Davila,22/11/2025,,,,7.35
JES-25-126,677733,201.3,202.825,1.52,1,,ALS,PIL-100,HE25388602 - Finalized,04/12/2025,Core_QuarterSawn,10.99,Yuvitza.Davila,22/11/2025,,,,11.03
JES-25-126,677734,202.825,204.35,1.53,1,,ALS,PIL-100,HE25388602 - Finalized,04/12/2025,Core_QuarterSawn,7.78,Yuvitza.Davila,22/11/2025,,,,7.8
JES-25-126,677735,204.35,205.875,1.53,1,,ALS,PIL-100,HE25388602 - Finalized,04/12/2025,Core_QuarterSawn,12.345,Yuvitza.Davila,22/11/2025,,,,12.41
JES-25-126,677736,205.875,207.4,1.53,1,,ALS,PIL-100,HE25388602 - Finalized,04/12/2025,Core_QuarterSawn,10.78,Yuvitza.Davila,22/11/2025,,,,10.82
JES-25-126,677737,207.4,208.825,1.42,1,,ALS,PIL-100,HE25388602 - Finalized,04/12/2025,Core_QuarterSawn,12.98,Yuvitza.Davila,22/11/2025,,,,13.03
JES-25-126,677738,208.825,210.45,1.63,1,,ALS,PIL-100,HE25388602 - Finalized,04/12/2025,Core_QuarterSawn,10.58,Yuvitza.Davila,22/11/2025,,,,10.63
JES-25-126,677739,210.45,211.975,1.53,1,,ALS,PIL-100,HE25388602 - Finalized,04/12/2025,Core_QuarterSawn,13.745,Yuvitza.Davila,22/11/2025,,,,13.83
JES-25-126,677741,211.975,213.5,1.53,1,,ALS,PIL-100,HE25388602 - Finalized,04/12/2025,Core_QuarterSawn,10.535,Yuvitza.Davila,22/11/2025,,,,10.58
JES-25-126,677742,213.5,215.025,1.53,1,,ALS,PIL-100,HE25388602 - Finalized,04/12/2025,Core_QuarterSawn,13.68,Yuvitza.Davila,22/11/2025,,,,13.75
JES-25-126,677743,215.025,216.55,1.53,1,,ALS,PIL-100,HE25388602 - Finalized,04/12/2025,Core_QuarterSawn,7.505,Yuvitza.Davila,23/11/2025,,,,7.54
JES-25-126,677744,216.55,218.075,1.52,1,,ALS,PIL-100,HE25388602 - Finalized,04/12/2025,Core_QuarterSawn,12.94,Yuvitza.Davila,23/11/2025,,,,13.01
JES-25-126,677745,218.075,219.6,1.53,1,,ALS,PIL-100,HE25388602 - Finalized,04/12/2025,Core_QuarterSawn,9.605,Yuvitza.Davila,23/11/2025,,,,9.62
JES-25-126,677746,219.6,221.125,1.53,1,,ALS,PIL-100,HE25388602 - Finalized,04/12/2025,Core_QuarterSawn,13.33,Yuvitza.Davila,23/11/2025,,,,13.41
JES-25-126,677747,221.125,222.65,1.53,1,,ALS,PIL-100,HE25388602 - Finalized,04/12/2025,Core_QuarterSawn,9.24,Yuvitza.Davila,23/11/2025,,,,9.3
JES-25-126,677748,222.65,224.175,1.53,1,,ALS,PIL-100,HE25388602 - Finalized,04/12/2025,Core_QuarterSawn,13.86,Yuvitza.Davila,23/11/2025,,,,13.92
JES-25-126,677749,224.175,225.7,1.52,1,,ALS,PIL-100,HE25388602 - Finalized,04/12/2025,Core_QuarterSawn,11.46,Yuvitza.Davila,23/11/2025,,,,11.5
JES-25-126,677750,225.7,227.225,1.53,1,,ALS,PIL-100,HE25388602 - Finalized,04/12/2025,Core_QuarterSawn,10.78,Yuvitza.Davila,23/11/2025,,,,10.83
JES-25-126,677752,227.225,228.75,1.53,1,,ALS,PIL-100,HE25388602 - Finalized,04/12/2025,Core_QuarterSawn,9.985,Yuvitza.Davila,23/11/2025,,,,10.03
JES-25-126,677753,228.75,230.275,1.53,1,,ALS,PIL-100,HE25388602 - Finalized,04/12/2025,Core_QuarterSawn,10.31,Yuvitza.Davila,23/11/2025,,,,10.35
JES-25-126,677754,230.275,231.8,1.53,1,,ALS,PIL-100,HE25388602 - Finalized,04/12/2025,Core_QuarterSawn,10.67,Yuvitza.Davila,23/11/2025,,,,10.71
JES-25-126,677755,231.8,233.325,1.52,1,,ALS,PIL-100,HE25388602 - Finalized,04/12/2025,Core_QuarterSawn,12.545,Yuvitza.Davila,23/11/2025,,,,12.58
JES-25-126,677756,233.325,234.85,1.53,1,,ALS,PIL-100,HE25388602 - Finalized,04/12/2025,Core_QuarterSawn,9.24,Yuvitza.Davila,23/11/2025,,,,9.29
JES-25-126,677757,234.85,236.375,1.53,1,,ALS,PIL-100,HE25388602 - Finalized,04/12/2025,Core_QuarterSawn,11.25,Yuvitza.Davila,23/11/2025,,,,11.31
JES-25-126,677758,236.375,237.9,1.53,1,,ALS,PIL-100,HE25388602 - Finalized,04/12/2025,Core_QuarterSawn,10.33,Yuvitza.Davila,23/11/2025,,,,10.38
JES-25-126,677759,237.9,239.425,1.53,1,,ALS,PIL-100,HE25388602 - Finalized,04/12/2025,Core_QuarterSawn,12.93,Yuvitza.Davila,23/11/2025,,,,12.99
JES-25-126,677760,239.425,240.95,1.52,1,,ALS,PIL-100,HE25388602 - Finalized,04/12/2025,Core_QuarterSawn,9.53,Yuvitza.Davila,23/11/2025,,,,9.56
JES-25-126,677761,240.95,242.475,1.53,1,,ALS,PIL-100,HE25388602 - Finalized,04/12/2025,Core_QuarterSawn,11.735,Yuvitza.Davila,23/11/2025,,,,11.81
JES-25-126,677763,242.475,244,1.53,1,,ALS,PIL-100,HE25388602 - Finalized,04/12/2025,Core_QuarterSawn,10.975,Yuvitza.Davila,23/11/2025,,,,11.04
JES-25-126,677764,244,245.525,1.53,1,,ALS,PIL-100,HE25388602 - Finalized,04/12/2025,Core_QuarterSawn,11.09,Yuvitza.Davila,23/11/2025,,,,11.13
JES-25-126,677765,245.525,247.05,1.53,1,,ALS,PIL-100,HE25388602 - Finalized,04/12/2025,Core_QuarterSawn,11.525,Yuvitza.Davila,23/11/2025,,,,11.58
JES-25-126,677766,247.05,248.575,1.52,1,,ALS,PIL-100,HE25388602 - Finalized,04/12/2025,Core_QuarterSawn,12.246,Yuvitza.Davila,23/11/2025,,,,12.31
JES-25-126,677767,248.575,250.1,1.53,1,,ALS,PIL-100,HE25388602 - Finalized,04/12/2025,Core_QuarterSawn,9.275,Yuvitza.Davila,23/11/2025,,,,9.31
JES-25-126,677768,250.1,251.625,1.53,1,,ALS,PIL-100,HE25388602 - Finalized,04/12/2025,Core_QuarterSawn,13.18,Yuvitza.Davila,23/11/2025,,,,13.23
JES-25-126,677769,251.625,253.15,1.53,1,,ALS,PIL-100,HE25388602 - Finalized,04/12/2025,Core_QuarterSawn,10.755,Yuvitza.Davila,23/11/2025,,,,10.83
JES-25-126,677770,253.15,254.675,1.53,1,,ALS,PIL-100,HE25388602 - Finalized,04/12/2025,Core_QuarterSawn,11.835,Yuvitza.Davila,23/11/2025,,,,11.91
JES-25-126,677771,254.675,256.2,1.52,1,,ALS,PIL-100,HE25388602 - Finalized,04/12/2025,Core_QuarterSawn,9.99,Yuvitza.Davila,23/11/2025,,,,10.05
JES-25-126,677772,256.2,257.725,1.53,1,,ALS,PIL-100,HE25388602 - Finalized,04/12/2025,Core_QuarterSawn,9.38,Yuvitza.Davila,23/11/2025,,,,9.44
JES-25-126,677774,257.725,259.25,1.52,1,,ALS,PIL-100,HE25388602 - Finalized,04/12/2025,Core_QuarterSawn,11.305,Yuvitza.Davila,23/11/2025,,,,11.38
JES-25-126,677775,259.25,260.775,1.52,1,,ALS,PIL-100,HE25388602 - Finalized,04/12/2025,Core_QuarterSawn,11.835,Yuvitza.Davila,23/11/2025,,,,11.9
JES-25-126,677776,260.775,262.3,1.53,1,,ALS,PIL-100,HE25388602 - Finalized,04/12/2025,Core_QuarterSawn,9.865,Yuvitza.Davila,23/11/2025,,,,9.9
JES-25-126,677777,262.3,263.825,1.52,1,,ALS,PIL-100,HE25388602 - Finalized,04/12/2025,Core_QuarterSawn,13.13,Yuvitza.Davila,23/11/2025,,,,13.2
JES-25-126,677778,263.825,265.35,1.53,1,,ALS,PIL-100,HE25388602 - Finalized,04/12/2025,Core_QuarterSawn,10.135,Yuvitza.Davila,23/11/2025,,,,10.17
JES-25-126,677779,265.35,266.875,1.52,1,,ALS,PIL-100,HE25388602 - Finalized,04/12/2025,Core_QuarterSawn,16.64,Yuvitza.Davila,23/11/2025,,,,11.69
JES-25-126,677780,266.875,268.4,1.52,1,,ALS,PIL-100,HE25388602 - Finalized,04/12/2025,Core_QuarterSawn,10.73,Yuvitza.Davila,23/11/2025,,,,10.76
JES-25-126,677781,268.4,269.925,1.53,1,,ALS,PIL-100,HE25388602 - Finalized,04/12/2025,Core_QuarterSawn,10.535,Yuvitza.Davila,23/11/2025,,,,10.58
JES-25-126,677782,269.925,271.45,1.52,1,,ALS,PIL-100,HE25388602 - Finalized,04/12/2025,Core_QuarterSawn,9.87,Yuvitza.Davila,23/11/2025,,,,9.91
JES-25-126,677783,271.45,272.975,1.53,1,,ALS,PIL-100,HE25388602 - Finalized,04/12/2025,Core_QuarterSawn,12.545,Yuvitza.Davila,23/11/2025,,,,12.61
JES-25-126,677785,272.975,274.5,1.52,1,,ALS,PIL-100,HE25388602 - Finalized,04/12/2025,Core_QuarterSawn,10.08,Yuvitza.Davila,23/11/2025,,,,10.11
JES-25-126,677786,274.5,276.025,1.52,1,,ALS,PIL-100,HE25388602 - Finalized,04/12/2025,Core_QuarterSawn,12.46,Yuvitza.Davila,23/11/2025,,,,12.51
JES-25-126,677787,276.025,277.55,1.53,1,,ALS,PIL-100,HE25388602 - Finalized,04/12/2025,Core_QuarterSawn,11.44,Yuvitza.Davila,23/11/2025,,,,11.48
JES-25-126,677788,277.55,279.075,1.52,1,,ALS,PIL-100,HE25388602 - Finalized,04/12/2025,Core_QuarterSawn,12.03,Yuvitza.Davila,23/11/2025,,,,12.09
JES-25-126,677789,279.075,280.6,1.53,1,,ALS,PIL-100,HE25388602 - Finalized,04/12/2025,Core_QuarterSawn,11.15,Yuvitza.Davila,23/11/2025,,,,11.19
JES-25-126,677790,280.6,282.125,1.52,1,,ALS,PIL-100,HE25388602 - Finalized,04/12/2025,Core_QuarterSawn,11.92,Yuvitza.Davila,23/11/2025,,,,11.96
JES-25-126,677791,282.125,283.65,1.52,1,,ALS,PIL-100,HE25388602 - Finalized,04/12/2025,Core_QuarterSawn,8.57,Yuvitza.Davila,24/11/2025,,,,8.56
JES-25-126,677792,283.65,285.175,1.53,1,,ALS,PIL-100,HE25388602 - Finalized,04/12/2025,Core_QuarterSawn,10.87,Yuvitza.Davila,24/11/2025,,,,10.84
JES-25-126,677793,285.175,286.7,1.52,1,,ALS,PIL-100,HE25388602 - Finalized,04/12/2025,Core_QuarterSawn,11.835,Yuvitza.Davila,24/11/2025,,,,11.91
JES-25-126,677794,286.7,288.225,1.53,1,,ALS,PIL-100,HE25388602 - Finalized,04/12/2025,Core_QuarterSawn,13.77,Yuvitza.Davila,24/11/2025,,,,13.86
JES-25-126,677796,288.225,289.75,1.52,1,,ALS,PIL-100,HE25388602 - Finalized,04/12/2025,Core_QuarterSawn,8.06,Yuvitza.Davila,24/11/2025,,,,8.12
JES-25-126,677797,289.75,291.275,1.52,1,,ALS,PIL-100,HE25388602 - Finalized,04/12/2025,Core_QuarterSawn,12.815,Yuvitza.Davila,24/11/2025,,,,12.89
JES-25-126,677798,291.275,292.8,1.53,1,,ALS,PIL-100,HE25388602 - Finalized,04/12/2025,Core_QuarterSawn,10.12,Yuvitza.Davila,24/11/2025,,,,10.17
JES-25-126,677799,292.8,294.325,1.52,1,,ALS,PIL-100,HE25388602 - Finalized,04/12/2025,Core_QuarterSawn,13.505,Yuvitza.Davila,24/11/2025,,,,13.58
JES-25-126,677800,294.325,295.85,1.53,1,,ALS,PIL-100,HE25388602 - Finalized,04/12/2025,Core_QuarterSawn,9.195,Yuvitza.Davila,24/11/2025,,,,9.25
JES-25-126,677801,295.85,297.375,1.52,1,,ALS,PIL-100,HE25388602 - Finalized,04/12/2025,Core_QuarterSawn,13.555,Yuvitza.Davila,24/11/2025,,,,13.63
JES-25-126,677802,297.375,298.9,1.52,1,,ALS,PIL-100,HE25388602 - Finalized,04/12/2025,Core_QuarterSawn,10.13,Yuvitza.Davila,24/11/2025,,,,10.18
JES-25-126,677803,298.9,300.345,1.45,1,,ALS,PIL-100,HE25388602 - Finalized,04/12/2025,Core_QuarterSawn,12.715,Yuvitza.Davila,24/11/2025,,,,12.78
JES-25-127,677809,0,1.525,1.53,1,,ALS,PIL-101,HE25388604 - Finalized,29/11/2025,Chips_QuarterSplit,3.075,Isaac.Ortega,29/11/2025,,,,3.11
JES-25-127,677810,1.525,3.05,1.53,1,,ALS,PIL-101,HE25388604 - Finalized,29/11/2025,Chips_QuarterSplit,3.955,Isaac.Ortega,29/11/2025,,,,3.96
JES-25-127,677811,3.05,4.575,1.53,1,,ALS,PIL-101,HE25388604 - Finalized,29/11/2025,Chips_QuarterSplit,7.87,Isaac.Ortega,29/11/2025,,,,7.88
JES-25-127,677812,4.575,6.1,1.53,1,,ALS,PIL-101,HE25388604 - Finalized,29/11/2025,Chips_QuarterSplit,9.25,Isaac.Ortega,29/11/2025,,,,9.26
JES-25-127,677813,6.1,7.625,1.53,1,,ALS,PIL-101,HE25388604 - Finalized,29/11/2025,Chips_QuarterSplit,10.94,Isaac.Ortega,29/11/2025,,,,10.95
JES-25-127,677814,7.625,9.15,1.53,1,,ALS,PIL-101,HE25388604 - Finalized,29/11/2025,Chips_QuarterSplit,10.39,Isaac.Ortega,29/11/2025,,,,10.41
JES-25-127,677815,9.15,10.675,1.53,1,,ALS,PIL-101,HE25388604 - Finalized,29/11/2025,Chips_QuarterSplit,9.945,Isaac.Ortega,29/11/2025,,,,9.96
JES-25-127,677816,10.675,12.2,1.53,1,,ALS,PIL-101,HE25388604 - Finalized,29/11/2025,Chips_QuarterSplit,6.615,Isaac.Ortega,29/11/2025,,,,9.6
JES-25-127,677817,12.2,13.725,1.53,1,,ALS,PIL-101,HE25388604 - Finalized,29/11/2025,Chips_QuarterSplit,10.335,Isaac.Ortega,29/11/2025,,,,10.34
JES-25-127,677818,13.725,15.25,1.53,1,,ALS,PIL-101,HE25388604 - Finalized,29/11/2025,Chips_QuarterSplit,11.915,Isaac.Ortega,29/11/2025,,,,11.93
JES-25-127,677819,15.25,16.775,1.53,1,,ALS,PIL-101,HE25388604 - Finalized,29/11/2025,Chips_QuarterSplit,12.075,Isaac.Ortega,29/11/2025,,,,12.09
JES-25-127,677820,16.775,18.3,1.53,1,,ALS,PIL-101,HE25388604 - Finalized,29/11/2025,Chips_QuarterSplit,11.44,Isaac.Ortega,29/11/2025,,,,11.45
JES-25-127,677821,18.3,19.825,1.53,1,,ALS,PIL-101,HE25388604 - Finalized,29/11/2025,Chips_QuarterSplit,10.465,Isaac.Ortega,29/11/2025,,,,10.48
JES-25-127,677822,19.825,21.35,1.53,1,,ALS,PIL-101,HE25388604 - Finalized,29/11/2025,Chips_QuarterSplit,9.35,Isaac.Ortega,29/11/2025,,,,9.38
JES-25-127,677824,21.35,22.875,1.53,1,,ALS,PIL-101,HE25388604 - Finalized,29/11/2025,Chips_QuarterSplit,12.665,Isaac.Ortega,29/11/2025,,,,12.61
JES-25-127,677825,22.875,24.4,1.53,1,,ALS,PIL-101,HE25388604 - Finalized,29/11/2025,Chips_QuarterSplit,11.665,Isaac.Ortega,29/11/2025,,,,11.68
JES-25-127,677826,24.4,25.925,1.53,1,,ALS,PIL-101,HE25388604 - Finalized,29/11/2025,Chips_QuarterSplit,10.76,Isaac.Ortega,29/11/2025,,,,10.79
JES-25-127,677827,25.925,27.45,1.53,1,,ALS,PIL-101,HE25388604 - Finalized,29/11/2025,Chips_QuarterSplit,6.62,Isaac.Ortega,29/11/2025,,,,9.64
JES-25-127,677828,27.45,28.975,1.53,1,,ALS,PIL-101,HE25388604 - Finalized,29/11/2025,Chips_QuarterSplit,10.535,Isaac.Ortega,29/11/2025,,,,10.56
JES-25-127,677829,28.975,30.5,1.53,1,,ALS,PIL-101,HE25388604 - Finalized,29/11/2025,Chips_QuarterSplit,9.35,Isaac.Ortega,29/11/2025,,,,9.36
JES-25-127,677830,30.5,32.025,1.53,1,,ALS,PIL-101,HE25388604 - Finalized,29/11/2025,Chips_QuarterSplit,11.315,Isaac.Ortega,29/11/2025,,,,11.33
JES-25-127,677831,32.025,33.55,1.53,1,,ALS,PIL-101,HE25388604 - Finalized,29/11/2025,Chips_QuarterSplit,9.765,Isaac.Ortega,29/11/2025,,,,9.77
JES-25-127,677832,33.55,35.075,1.53,1,,ALS,PIL-101,HE25388604 - Finalized,29/11/2025,Chips_QuarterSplit,13.05,Isaac.Ortega,29/11/2025,,,,13.08
JES-25-127,677833,35.075,36.6,1.53,1,,ALS,PIL-101,HE25388604 - Finalized,29/11/2025,Chips_QuarterSplit,9.7,Isaac.Ortega,29/11/2025,,,,9.71
JES-25-127,677834,36.6,38.125,1.53,1,,ALS,PIL-101,HE25388604 - Finalized,29/11/2025,Chips_QuarterSplit,10.385,Isaac.Ortega,29/11/2025,,,,10.41
JES-25-127,677835,38.125,39.65,1.53,1,,ALS,PIL-101,HE25388604 - Finalized,29/11/2025,Chips_QuarterSplit,8.19,Isaac.Ortega,29/11/2025,,,,8.21
JES-25-127,677836,39.65,41.175,1.53,1,,ALS,PIL-101,HE25388604 - Finalized,29/11/2025,Chips_QuarterSplit,9.26,Isaac.Ortega,29/11/2025,,,,9.28
JES-25-127,677837,41.175,42.7,1.53,1,,ALS,PIL-101,HE25388604 - Finalized,29/11/2025,Chips_QuarterSplit,9.145,Isaac.Ortega,29/11/2025,,,,9.16
JES-25-127,677838,42.7,44.225,1.53,1,,ALS,PIL-101,HE25388604 - Finalized,29/11/2025,Chips_QuarterSplit,9.79,Isaac.Ortega,29/11/2025,,,,9.79
JES-25-127,677839,44.225,45.75,1.53,1,,ALS,PIL-101,HE25388604 - Finalized,29/11/2025,Chips_QuarterSplit,8.655,Isaac.Ortega,29/11/2025,,,,8.66
JES-25-127,677840,45.75,47.275,1.53,1,,ALS,PIL-101,HE25388604 - Finalized,29/11/2025,Chips_QuarterSplit,9.165,Isaac.Ortega,29/11/2025,,,,9.18
JES-25-127,677841,47.275,48.8,1.53,1,,ALS,PIL-101,HE25388604 - Finalized,29/11/2025,Chips_QuarterSplit,9.275,Isaac.Ortega,29/11/2025,,,,9.29
JES-25-127,677842,48.8,50.325,1.53,1,,ALS,PIL-101,HE25388604 - Finalized,29/11/2025,Chips_QuarterSplit,10.05,Isaac.Ortega,29/11/2025,,,,10.07
JES-25-127,677844,50.325,51.85,1.53,1,,ALS,PIL-101,HE25388604 - Finalized,29/11/2025,Chips_QuarterSplit,8.02,Isaac.Ortega,29/11/2025,,,,8.02
JES-25-127,677845,51.85,53.375,1.53,1,,ALS,PIL-101,HE25388604 - Finalized,29/11/2025,Chips_QuarterSplit,10.93,Isaac.Ortega,29/11/2025,,,,10.94
JES-25-127,677846,53.375,54.9,1.53,1,,ALS,PIL-101,HE25388604 - Finalized,29/11/2025,Chips_QuarterSplit,10.245,Isaac.Ortega,29/11/2025,,,,10.26
JES-25-127,677847,54.9,56.425,1.53,1,,ALS,PIL-101,HE25388604 - Finalized,29/11/2025,Chips_QuarterSplit,9.095,Isaac.Ortega,29/11/2025,,,,9.91
JES-25-127,677848,56.425,57.95,1.53,1,,ALS,PIL-101,HE25388604 - Finalized,29/11/2025,Chips_QuarterSplit,10.345,Isaac.Ortega,29/11/2025,,,,10.36
JES-25-127,677849,57.95,59.435,1.49,1,,ALS,PIL-101,HE25388604 - Finalized,29/11/2025,Chips_QuarterSplit,8.89,Isaac.Ortega,29/11/2025,,,,8.88
JES-25-127,677850,59.435,61,1.57,1,,ALS,PIL-101,HE25388604 - Finalized,29/11/2025,Chips_QuarterSplit,9.96,Isaac.Ortega,29/11/2025,,,,9.97
JES-25-127,677851,61,62.525,1.53,1,,ALS,PIL-101,HE25388604 - Finalized,29/11/2025,Chips_QuarterSplit,9.825,Isaac.Ortega,29/11/2025,,,,9.69
JES-25-127,677852,62.525,64.05,1.53,1,,ALS,PIL-101,HE25388604 - Finalized,29/11/2025,Chips_QuarterSplit,9.015,Isaac.Ortega,29/11/2025,,,,9.03
JES-25-127,677853,64.05,65.575,1.53,1,,ALS,PIL-101,HE25388604 - Finalized,29/11/2025,Chips_QuarterSplit,10.525,Isaac.Ortega,29/11/2025,,,,10.29
JES-25-127,677854,65.575,67.1,1.52,1,,ALS,PIL-101,HE25388604 - Finalized,29/11/2025,Chips_QuarterSplit,7.66,Isaac.Ortega,29/11/2025,,,,7.67
JES-25-127,677855,67.1,68.625,1.53,1,,ALS,PIL-101,HE25388604 - Finalized,29/11/2025,Chips_QuarterSplit,9.94,Isaac.Ortega,29/11/2025,,,,9.94
JES-25-127,677856,68.625,70.15,1.53,1,,ALS,PIL-101,HE25388604 - Finalized,29/11/2025,Chips_QuarterSplit,9.445,Isaac.Ortega,29/11/2025,,,,9.46
JES-25-127,677857,70.15,71.675,1.52,1,,ALS,PIL-101,HE25388604 - Finalized,29/11/2025,Chips_QuarterSplit,10.29,Isaac.Ortega,29/11/2025,,,,10.31
JES-25-127,677858,71.675,73.2,1.53,1,,ALS,PIL-101,HE25388604 - Finalized,29/11/2025,Chips_QuarterSplit,8.305,Isaac.Ortega,29/11/2025,,,,8.37
JES-25-127,677859,73.2,74.725,1.52,1,,ALS,PIL-101,HE25388604 - Finalized,29/11/2025,Chips_QuarterSplit,10.02,Isaac.Ortega,29/11/2025,,,,10.04
JES-25-127,677860,74.725,76.25,1.53,1,,ALS,PIL-101,HE25388604 - Finalized,29/11/2025,Chips_QuarterSplit,10.72,Isaac.Ortega,29/11/2025,,,,10.75
JES-25-127,677863,76.25,77.775,1.53,1,,ALS,PIL-101,HE25388604 - Finalized,29/11/2025,Chips_QuarterSplit,10.505,Isaac.Ortega,29/11/2025,,,,10.53
JES-25-127,677864,77.775,79.3,1.52,1,,ALS,PIL-101,HE25388604 - Finalized,29/11/2025,Chips_QuarterSplit,11.19,Isaac.Ortega,29/11/2025,,,,11.21
JES-25-127,677865,79.3,80.825,1.53,1,,ALS,PIL-101,HE25388604 - Finalized,29/11/2025,Chips_QuarterSplit,11.75,Isaac.Ortega,29/11/2025,,,,11.77
JES-25-127,677866,80.825,82.35,1.52,1,,ALS,PIL-101,HE25388604 - Finalized,29/11/2025,Chips_QuarterSplit,8.715,Isaac.Ortega,29/11/2025,,,,8.74
JES-25-127,677867,82.35,83.875,1.53,1,,ALS,PIL-101,HE25388604 - Finalized,29/11/2025,Chips_QuarterSplit,9.905,Isaac.Ortega,29/11/2025,,,,9.92
JES-25-127,677868,83.875,85.4,1.53,1,,ALS,PIL-101,HE25388604 - Finalized,29/11/2025,Chips_QuarterSplit,8.94,Isaac.Ortega,29/11/2025,,,,8.96
JES-25-127,677869,85.4,86.925,1.52,1,,ALS,PIL-101,HE25388604 - Finalized,29/11/2025,Chips_QuarterSplit,11.025,Isaac.Ortega,29/11/2025,,,,11.05
JES-25-127,677870,86.925,88.45,1.53,1,,ALS,PIL-101,HE25388604 - Finalized,29/11/2025,Chips_QuarterSplit,9.05,Isaac.Ortega,29/11/2025,,,,9.06
JES-25-127,677871,88.45,89.975,1.52,1,,ALS,PIL-101,HE25388604 - Finalized,29/11/2025,Chips_QuarterSplit,10.075,Isaac.Ortega,29/11/2025,,,,10.1
JES-25-127,677872,89.975,91.5,1.53,1,,ALS,PIL-101,HE25388604 - Finalized,29/11/2025,Chips_QuarterSplit,8.89,Isaac.Ortega,29/11/2025,,,,8.89
JES-25-127,677874,91.5,93.025,1.53,1,,ALS,PIL-101,HE25388604 - Finalized,29/11/2025,Chips_QuarterSplit,9.34,Isaac.Ortega,29/11/2025,,,,9.4
JES-25-127,677875,93.025,94.55,1.52,1,,ALS,PIL-101,HE25388604 - Finalized,29/11/2025,Chips_QuarterSplit,8.09,Isaac.Ortega,29/11/2025,,,,8.09
JES-25-127,677876,94.55,96.075,1.53,1,,ALS,PIL-101,HE25388604 - Finalized,29/11/2025,Chips_QuarterSplit,10.38,Isaac.Ortega,29/11/2025,,,,10.39
JES-25-127,677877,96.075,97.6,1.52,1,,ALS,PIL-101,HE25388604 - Finalized,29/11/2025,Chips_QuarterSplit,8.145,Isaac.Ortega,29/11/2025,,,,8.14
JES-25-127,677878,97.6,99.125,1.53,1,,ALS,PIL-101,HE25388604 - Finalized,29/11/2025,Chips_QuarterSplit,9.805,Isaac.Ortega,29/11/2025,,,,9.81
JES-25-127,677879,99.125,100.65,1.53,1,,ALS,PIL-101,HE25388604 - Finalized,29/11/2025,Chips_QuarterSplit,8.795,Isaac.Ortega,29/11/2025,,,,8.8
JES-25-127,677880,100.65,102.175,1.52,1,,ALS,PIL-101,HE25388604 - Finalized,29/11/2025,Chips_QuarterSplit,9.91,Isaac.Ortega,29/11/2025,,,,9.92
JES-25-127,677881,102.175,103.7,1.53,1,,ALS,PIL-101,HE25388604 - Finalized,29/11/2025,Chips_QuarterSplit,7.99,Isaac.Ortega,29/11/2025,,,,8.01
JES-25-127,677882,103.7,105.225,1.52,1,,ALS,PIL-101,HE25388604 - Finalized,29/11/2025,Chips_QuarterSplit,0,Isaac.Ortega,29/11/2025,,,,11.6
JES-25-127,677883,105.225,106.75,1.53,1,,ALS,PIL-101,HE25388604 - Finalized,29/11/2025,Chips_QuarterSplit,8.58,Isaac.Ortega,29/11/2025,,,,8.57
JES-25-127,677885,106.75,108.275,1.53,1,,ALS,PIL-101,HE25388604 - Finalized,29/11/2025,Chips_QuarterSplit,10.805,Isaac.Ortega,29/11/2025,,,,10.82
JES-25-127,677886,108.275,109.8,1.52,1,,ALS,PIL-101,HE25388604 - Finalized,29/11/2025,Chips_QuarterSplit,9.535,Isaac.Ortega,29/11/2025,,,,9.54
JES-25-127,677887,109.8,111.325,1.53,1,,ALS,PIL-101,HE25388604 - Finalized,29/11/2025,Chips_QuarterSplit,9.15,Isaac.Ortega,29/11/2025,,,,9.18
JES-25-127,677888,111.325,112.85,1.52,1,,ALS,PIL-101,HE25388604 - Finalized,29/11/2025,Chips_QuarterSplit,10.075,Isaac.Ortega,29/11/2025,,,,10.09
JES-25-127,677889,112.85,114.375,1.53,1,,ALS,PIL-101,HE25388604 - Finalized,29/11/2025,Chips_QuarterSplit,9.485,Isaac.Ortega,29/11/2025,,,,9.5
JES-25-127,677890,114.375,115.9,1.53,1,,ALS,PIL-101,HE25388604 - Finalized,29/11/2025,Chips_QuarterSplit,9.545,Isaac.Ortega,29/11/2025,,,,9.55
JES-25-127,677891,115.9,117.425,1.52,1,,ALS,PIL-101,HE25388604 - Finalized,29/11/2025,Chips_QuarterSplit,12.235,Isaac.Ortega,29/11/2025,,,,12.26
JES-25-127,677892,117.425,118.95,1.53,1,,ALS,PIL-101,HE25388604 - Finalized,29/11/2025,Chips_QuarterSplit,10.195,Isaac.Ortega,29/11/2025,,,,10.22
JES-25-127,677893,118.95,120.475,1.52,1,,ALS,PIL-101,HE25388604 - Finalized,29/11/2025,Chips_QuarterSplit,10.535,Isaac.Ortega,29/11/2025,,,,10.56
JES-25-127,677894,120.475,122,1.53,1,,ALS,PIL-101,HE25388604 - Finalized,29/11/2025,Chips_QuarterSplit,8.785,Isaac.Ortega,29/11/2025,,,,8.8
JES-25-127,677895,122,123.525,1.53,1,,ALS,PIL-101,HE25388604 - Finalized,29/11/2025,Chips_QuarterSplit,14.165,Isaac.Ortega,29/11/2025,,,,14.2
JES-25-127,677897,123.525,125.05,1.52,1,,ALS,PIL-101,HE25388604 - Finalized,29/11/2025,Chips_QuarterSplit,10.325,Isaac.Ortega,29/11/2025,,,,10.36
JES-25-127,677898,125.05,126.575,1.53,1,,ALS,PIL-101,HE25388604 - Finalized,29/11/2025,Chips_QuarterSplit,12.155,Isaac.Ortega,29/11/2025,,,,12.17
JES-25-127,677899,126.575,128.1,1.52,1,,ALS,PIL-101,HE25388604 - Finalized,29/11/2025,Chips_QuarterSplit,10.37,Isaac.Ortega,29/11/2025,,,,10.39
JES-25-127,677900,128.1,129.625,1.53,1,,ALS,PIL-101,HE25388604 - Finalized,29/11/2025,Chips_QuarterSplit,13.015,Isaac.Ortega,29/11/2025,,,,13.05
JES-25-127,677901,129.625,131.15,1.53,1,,ALS,PIL-101,HE25388604 - Finalized,29/11/2025,Chips_QuarterSplit,12.69,Isaac.Ortega,29/11/2025,,,,12.74
JES-25-127,677902,131.15,132.675,1.53,1,,ALS,PIL-101,HE25388604 - Finalized,29/11/2025,Chips_QuarterSplit,12.69,Isaac.Ortega,29/11/2025,,,,12.65
JES-25-127,677903,132.675,134.2,1.52,1,,ALS,PIL-101,HE25388604 - Finalized,29/11/2025,Chips_QuarterSplit,10.385,Isaac.Ortega,29/11/2025,,,,10.39
JES-25-127,677904,134.2,135.725,1.53,1,,ALS,PIL-101,HE25388604 - Finalized,29/11/2025,Chips_QuarterSplit,11.68,Isaac.Ortega,29/11/2025,,,,11.7
JES-25-127,677905,135.725,137.25,1.53,1,,ALS,PIL-101,HE25388604 - Finalized,29/11/2025,Chips_QuarterSplit,10.24,Isaac.Ortega,29/11/2025,,,,10.27
JES-25-127,677906,137.25,138.775,1.53,1,,ALS,PIL-101,HE25388604 - Finalized,29/11/2025,Chips_QuarterSplit,10.11,Isaac.Ortega,29/11/2025,,,,10.13
JES-25-127,677908,138.775,140.3,1.53,1,,ALS,PIL-101,HE25388604 - Finalized,29/11/2025,Chips_QuarterSplit,9.44,Isaac.Ortega,29/11/2025,,,,9.46
JES-25-127,677909,140.3,141.825,1.52,1,,ALS,PIL-101,HE25388604 - Finalized,29/11/2025,Chips_QuarterSplit,10.985,Isaac.Ortega,29/11/2025,,,,11.07
JES-25-127,677910,141.825,143.35,1.53,1,,ALS,PIL-101,HE25388604 - Finalized,29/11/2025,Chips_QuarterSplit,10.045,Isaac.Ortega,29/11/2025,,,,10.08
JES-25-127,677911,143.35,144.875,1.53,1,,ALS,PIL-101,HE25388604 - Finalized,29/11/2025,Chips_QuarterSplit,11.285,Isaac.Ortega,29/11/2025,,,,11.31
JES-25-127,677912,144.875,146.4,1.53,1,,ALS,PIL-101,HE25388604 - Finalized,29/11/2025,Chips_QuarterSplit,10.455,Isaac.Ortega,29/11/2025,,,,10.47
JES-25-127,677913,146.4,147.925,1.53,1,,ALS,PIL-101,HE25388604 - Finalized,29/11/2025,Chips_QuarterSplit,11.585,Isaac.Ortega,29/11/2025,,,,11.62
JES-25-127,677914,147.925,149.45,1.52,1,,ALS,PIL-101,HE25388604 - Finalized,29/11/2025,Chips_QuarterSplit,9.405,Isaac.Ortega,29/11/2025,,,,9.44
JES-25-127,677915,149.45,150.975,1.53,1,,ALS,PIL-101,HE25388604 - Finalized,29/11/2025,Chips_QuarterSplit,11.275,Isaac.Ortega,29/11/2025,,,,11.29
JES-25-127,677916,150.975,152.5,1.53,1,,ALS,PIL-101,HE25388604 - Finalized,29/11/2025,Chips_QuarterSplit,10.64,Isaac.Ortega,29/11/2025,,,,10.67
JES-25-127,677917,152.5,154.025,1.53,1,,ALS,PIL-101,HE25388604 - Finalized,29/11/2025,Chips_QuarterSplit,9.36,Isaac.Ortega,29/11/2025,,,,9.38
JES-25-127,677922,154.025,155.55,1.53,1,,ALS,PIL-101,HE25388604 - Finalized,29/11/2025,Chips_QuarterSplit,7.825,Isaac.Ortega,29/11/2025,,,,7.83
JES-25-127,677923,155.55,157.075,1.52,1,,ALS,PIL-101,HE25388604 - Finalized,29/11/2025,Chips_QuarterSplit,7.535,Isaac.Ortega,29/11/2025,,,,7.52
JES-25-127,677924,157.075,158.6,1.53,1,,ALS,PIL-101,HE25388604 - Finalized,29/11/2025,Chips_QuarterSplit,6.9,Isaac.Ortega,29/11/2025,,,,6.92
JES-25-127,677925,158.6,160.125,1.53,1,,ALS,PIL-101,HE25388604 - Finalized,29/11/2025,Chips_QuarterSplit,8,Isaac.Ortega,29/11/2025,,,,8
JES-25-127,677926,160.125,161.65,1.53,1,,ALS,PIL-101,HE25388604 - Finalized,29/11/2025,Chips_QuarterSplit,7.285,Isaac.Ortega,29/11/2025,,,,7.27
JES-25-127,677927,161.65,163.175,1.53,1,,ALS,PIL-101,HE25388604 - Finalized,29/11/2025,Chips_QuarterSplit,8.055,Isaac.Ortega,29/11/2025,,,,8.08
JES-25-127,677928,163.175,164.7,1.52,1,,ALS,PIL-101,HE25388604 - Finalized,29/11/2025,Chips_QuarterSplit,7.033,Isaac.Ortega,29/11/2025,,,,7.08
JES-25-127,677929,164.7,166.225,1.53,1,,ALS,PIL-101,HE25388604 - Finalized,29/11/2025,Chips_QuarterSplit,8.315,Isaac.Ortega,29/11/2025,,,,8.02
JES-25-127,677930,166.225,167.75,1.53,1,,ALS,PIL-101,HE25388604 - Finalized,29/11/2025,Chips_QuarterSplit,7.645,Isaac.Ortega,29/11/2025,,,,7.65
JES-25-127,677931,167.75,169.275,1.53,1,,ALS,PIL-101,HE25388604 - Finalized,29/11/2025,Chips_QuarterSplit,8.022,Isaac.Ortega,29/11/2025,,,,8.03
JES-25-127,677932,169.275,170.8,1.53,1,,ALS,PIL-101,HE25388604 - Finalized,29/11/2025,Chips_QuarterSplit,8.32,Isaac.Ortega,29/11/2025,,,,8.32
JES-25-127,677933,170.8,172.325,1.52,1,,ALS,PIL-101,HE25388604 - Finalized,29/11/2025,Chips_QuarterSplit,8.97,Isaac.Ortega,29/11/2025,,,,8.98
JES-25-127,677934,172.325,173.85,1.53,1,,ALS,PIL-101,HE25388604 - Finalized,29/11/2025,Chips_QuarterSplit,7.63,Isaac.Ortega,29/11/2025,,,,7.63
JES-25-127,677935,173.85,175.375,1.53,1,,ALS,PIL-101,HE25388604 - Finalized,29/11/2025,Chips_QuarterSplit,9.55,Isaac.Ortega,29/11/2025,,,,9.56
JES-25-127,677936,175.375,176.9,1.53,1,,ALS,PIL-101,HE25388604 - Finalized,29/11/2025,Chips_QuarterSplit,8.905,Isaac.Ortega,29/11/2025,,,,8.99
JES-25-127,677938,176.9,178.425,1.53,1,,ALS,PIL-101,HE25388604 - Finalized,29/11/2025,Chips_QuarterSplit,0,Isaac.Ortega,29/11/2025,,,,9.29
JES-25-127,677939,178.425,179.95,1.52,1,,ALS,PIL-101,HE25388604 - Finalized,29/11/2025,Chips_QuarterSplit,7.41,Isaac.Ortega,29/11/2025,,,,7.42
JES-25-127,677940,179.95,181.475,1.53,1,,ALS,PIL-101,HE25388604 - Finalized,29/11/2025,Chips_QuarterSplit,7.555,Isaac.Ortega,29/11/2025,,,,7.51
JES-25-127,677941,181.475,183,1.53,1,,ALS,PIL-101,HE25388604 - Finalized,29/11/2025,Chips_QuarterSplit,6.79,Isaac.Ortega,29/11/2025,,,,6.71
JES-25-127,677942,183,184.525,1.53,1,,ALS,PIL-101,HE25388604 - Finalized,29/11/2025,Chips_QuarterSplit,8.6,Isaac.Ortega,29/11/2025,,,,8.6
JES-25-127,677943,184.525,186.05,1.53,1,,ALS,PIL-101,HE25388604 - Finalized,29/11/2025,Chips_QuarterSplit,8.365,Isaac.Ortega,29/11/2025,,,,8.35
JES-25-127,677944,186.05,187.575,1.52,1,,ALS,PIL-101,HE25388604 - Finalized,29/11/2025,Chips_QuarterSplit,8.83,Isaac.Ortega,29/11/2025,,,,8.84
JES-25-127,677945,187.575,189.1,1.53,1,,ALS,PIL-101,HE25388604 - Finalized,29/11/2025,Chips_QuarterSplit,6.91,Isaac.Ortega,29/11/2025,,,,6.92
JES-25-127,677946,189.1,190.625,1.53,1,,ALS,PIL-101,HE25388604 - Finalized,29/11/2025,Chips_QuarterSplit,9.645,Isaac.Ortega,29/11/2025,,,,9.63
JES-25-127,677947,190.625,192.15,1.53,1,,ALS,PIL-101,HE25388604 - Finalized,29/11/2025,Chips_QuarterSplit,8.31,Isaac.Ortega,29/11/2025,,,,8.29
JES-25-127,677948,192.15,193.675,1.53,1,,ALS,PIL-101,HE25388604 - Finalized,29/11/2025,Chips_QuarterSplit,7.47,Isaac.Ortega,29/11/2025,,,,7.53
JES-25-127,677949,193.675,195.2,1.52,1,,ALS,PIL-101,HE25388604 - Finalized,29/11/2025,Chips_QuarterSplit,8.425,Isaac.Ortega,29/11/2025,,,,8.43
JES-25-127,677950,195.2,196.725,1.53,1,,ALS,PIL-101,HE25388604 - Finalized,29/11/2025,Chips_QuarterSplit,8.755,Isaac.Ortega,29/11/2025,,,,8.76
JES-25-127,677951,196.725,198.25,1.53,1,,ALS,PIL-101,HE25388604 - Finalized,29/11/2025,Chips_QuarterSplit,8.42,Isaac.Ortega,29/11/2025,,,,8.43
JES-25-127,677952,198.25,199.775,1.53,1,,ALS,PIL-101,HE25388604 - Finalized,29/11/2025,Chips_QuarterSplit,8.32,Isaac.Ortega,29/11/2025,,,,8.33
JES-25-127,677953,199.775,201.3,1.53,1,,ALS,PIL-101,HE25388604 - Finalized,29/11/2025,Chips_QuarterSplit,9.155,Isaac.Ortega,29/11/2025,,,,9.16
JES-25-127,677955,201.3,202.825,1.52,1,,ALS,PIL-101,HE25388604 - Finalized,29/11/2025,Chips_QuarterSplit,8.05,Isaac.Ortega,29/11/2025,,,,8.06
JES-25-127,677956,202.825,204.35,1.53,1,,ALS,PIL-101,HE25388604 - Finalized,29/11/2025,Chips_QuarterSplit,6.13,Isaac.Ortega,29/11/2025,,,,6.14
JES-25-127,677957,204.35,205.875,1.53,1,,ALS,PIL-101,HE25388604 - Finalized,29/11/2025,Chips_QuarterSplit,7.885,Isaac.Ortega,29/11/2025,,,,7.9
JES-25-127,677958,205.875,207.4,1.53,1,,ALS,PIL-101,HE25388604 - Finalized,29/11/2025,Chips_QuarterSplit,5.985,Isaac.Ortega,29/11/2025,,,,6.05
JES-25-127,677959,207.4,208.925,1.53,1,,ALS,PIL-101,HE25388604 - Finalized,29/11/2025,Chips_QuarterSplit,8.62,Isaac.Ortega,29/11/2025,,,,8.61
JES-25-127,677960,208.925,210.45,1.52,1,,ALS,PIL-101,HE25388604 - Finalized,29/11/2025,Chips_QuarterSplit,7.25,Isaac.Ortega,29/11/2025,,,,7.16
JES-25-127,677961,210.45,211.975,1.53,1,,ALS,PIL-101,HE25388604 - Finalized,29/11/2025,Chips_QuarterSplit,8.605,Isaac.Ortega,29/11/2025,,,,8.58
JES-25-127,677962,211.975,213.5,1.53,1,,ALS,PIL-101,HE25388604 - Finalized,29/11/2025,Chips_QuarterSplit,7.31,Isaac.Ortega,29/11/2025,,,,7.29
JES-25-128,677965,0,1.525,1.53,1,,ALS,PIL-102,HE25388599 - Finalized,03/12/2025,Chips_QuarterSplit,1.45,Yuvitza.Davila,03/12/2025,,,,1.46
JES-25-128,677966,1.525,3.05,1.53,1,,ALS,PIL-102,HE25388599 - Finalized,03/12/2025,Chips_QuarterSplit,4.775,Yuvitza.Davila,03/12/2025,,,,4.8
JES-25-128,677967,3.05,4.575,1.53,1,,ALS,PIL-102,HE25388599 - Finalized,03/12/2025,Chips_QuarterSplit,2.63,Yuvitza.Davila,03/12/2025,,,,2.65
JES-25-128,677968,4.575,6.1,1.53,1,,ALS,PIL-102,HE25388599 - Finalized,03/12/2025,Chips_QuarterSplit,12.22,Yuvitza.Davila,03/12/2025,,,,12.28
JES-25-128,677969,6.1,7.625,1.53,1,,ALS,PIL-102,HE25388599 - Finalized,03/12/2025,Chips_QuarterSplit,16.06,Yuvitza.Davila,03/12/2025,,,,16.14
JES-25-128,677970,7.625,9.15,1.53,1,,ALS,PIL-102,HE25388599 - Finalized,03/12/2025,Chips_QuarterSplit,8.535,Yuvitza.Davila,03/12/2025,,,,8.59
JES-25-128,677971,9.15,10.675,1.53,1,,ALS,PIL-102,HE25388599 - Finalized,03/12/2025,Chips_QuarterSplit,8.595,Yuvitza.Davila,03/12/2025,,,,8.64
JES-25-128,677972,10.675,12.2,1.53,1,,ALS,PIL-102,HE25388599 - Finalized,03/12/2025,Chips_QuarterSplit,8.53,Yuvitza.Davila,03/12/2025,,,,8.58
JES-25-128,677973,12.2,13.725,1.53,1,,ALS,PIL-102,HE25388599 - Finalized,03/12/2025,Chips_QuarterSplit,8.34,Yuvitza.Davila,03/12/2025,,,,8.39
JES-25-128,677974,13.725,15.25,1.53,1,,ALS,PIL-102,HE25388599 - Finalized,03/12/2025,Chips_QuarterSplit,7.6,Yuvitza.Davila,03/12/2025,,,,7.61
JES-25-128,677975,15.25,16.775,1.53,1,,ALS,PIL-102,HE25388599 - Finalized,03/12/2025,Chips_QuarterSplit,10.035,Yuvitza.Davila,03/12/2025,,,,10.1
JES-25-128,677976,16.775,18.3,1.53,1,,ALS,PIL-102,HE25388599 - Finalized,03/12/2025,Chips_QuarterSplit,8.315,Yuvitza.Davila,03/12/2025,,,,8.37
JES-25-128,677977,18.3,19.825,1.53,1,,ALS,PIL-102,HE25388599 - Finalized,03/12/2025,Chips_QuarterSplit,10.975,Yuvitza.Davila,03/12/2025,,,,10.53
JES-25-128,677978,19.825,21.35,1.53,1,,ALS,PIL-102,HE25388599 - Finalized,03/12/2025,Chips_QuarterSplit,9.005,Yuvitza.Davila,03/12/2025,,,,9.04
JES-25-128,677979,21.35,22.875,1.53,1,,ALS,PIL-102,HE25388599 - Finalized,03/12/2025,Chips_QuarterSplit,10.38,Yuvitza.Davila,03/12/2025,,,,10.42
JES-25-128,677981,22.875,24.4,1.53,1,,ALS,PIL-102,HE25388599 - Finalized,03/12/2025,Chips_QuarterSplit,9.695,Yuvitza.Davila,03/12/2025,,,,9.77
JES-25-128,677982,24.4,25.925,1.53,1,,ALS,PIL-102,HE25388599 - Finalized,03/12/2025,Chips_QuarterSplit,11.005,Yuvitza.Davila,03/12/2025,,,,11.07
JES-25-128,677983,25.925,27.45,1.53,1,,ALS,PIL-102,HE25388599 - Finalized,03/12/2025,Chips_QuarterSplit,9.5,Yuvitza.Davila,03/12/2025,,,,9.54
JES-25-128,677984,27.45,28.975,1.53,1,,ALS,PIL-102,HE25388599 - Finalized,03/12/2025,Chips_QuarterSplit,9.945,Yuvitza.Davila,03/12/2025,,,,9.99
JES-25-128,677985,28.975,30.5,1.53,1,,ALS,PIL-102,HE25388599 - Finalized,03/12/2025,Chips_QuarterSplit,8.645,Yuvitza.Davila,03/12/2025,,,,8.62
JES-25-128,677986,30.5,32.025,1.53,1,,ALS,PIL-102,HE25388599 - Finalized,03/12/2025,Chips_QuarterSplit,11.11,Yuvitza.Davila,03/12/2025,,,,11.17
JES-25-128,677987,32.025,33.55,1.53,1,,ALS,PIL-102,HE25388599 - Finalized,03/12/2025,Chips_QuarterSplit,10.41,Yuvitza.Davila,03/12/2025,,,,10.46
JES-25-128,677988,33.55,35.075,1.53,1,,ALS,PIL-102,HE25388599 - Finalized,03/12/2025,Chips_QuarterSplit,10.315,Yuvitza.Davila,03/12/2025,,,,10.36
JES-25-128,677989,35.075,36.6,1.53,1,,ALS,PIL-102,HE25388599 - Finalized,03/12/2025,Chips_QuarterSplit,6.725,Yuvitza.Davila,03/12/2025,,,,6.74
JES-25-128,677990,36.6,38.125,1.53,1,,ALS,PIL-102,HE25388599 - Finalized,03/12/2025,Chips_QuarterSplit,10.865,Yuvitza.Davila,03/12/2025,,,,10.92
JES-25-128,677991,38.125,39.65,1.53,1,,ALS,PIL-102,HE25388599 - Finalized,03/12/2025,Chips_QuarterSplit,7.415,Yuvitza.Davila,03/12/2025,,,,7.44
JES-25-128,677992,39.65,41.175,1.53,1,,ALS,PIL-102,HE25388599 - Finalized,03/12/2025,Chips_QuarterSplit,10.935,Yuvitza.Davila,03/12/2025,,,,10.97
JES-25-128,677993,41.175,42.7,1.53,1,,ALS,PIL-102,HE25388599 - Finalized,03/12/2025,Chips_QuarterSplit,8.03,Yuvitza.Davila,03/12/2025,,,,8.06
JES-25-128,677994,42.7,44.225,1.53,1,,ALS,PIL-102,HE25388599 - Finalized,03/12/2025,Chips_QuarterSplit,10.68,Yuvitza.Davila,03/12/2025,,,,10.71
JES-25-128,677995,44.225,45.75,1.53,1,,ALS,PIL-102,HE25388599 - Finalized,03/12/2025,Chips_QuarterSplit,6.625,Yuvitza.Davila,03/12/2025,,,,6.63
JES-25-128,677998,45.75,47.275,1.53,1,,ALS,PIL-102,HE25388599 - Finalized,03/12/2025,Chips_QuarterSplit,10.275,Yuvitza.Davila,03/12/2025,,,,10.3
JES-25-128,677999,47.275,48.8,1.53,1,,ALS,PIL-102,HE25388599 - Finalized,03/12/2025,Chips_QuarterSplit,6.405,Yuvitza.Davila,03/12/2025,,,,6.4
JES-25-128,678000,48.8,50.325,1.53,1,,ALS,PIL-102,HE25388599 - Finalized,03/12/2025,Chips_QuarterSplit,9.12,Yuvitza.Davila,03/12/2025,,,,9.07
JES-25-128,678001,50.325,51.85,1.53,1,,ALS,PIL-102,HE25388599 - Finalized,03/12/2025,Chips_QuarterSplit,7.735,Yuvitza.Davila,03/12/2025,,,,7.76
JES-25-128,678002,51.85,53.375,1.53,1,,ALS,PIL-102,HE25388599 - Finalized,03/12/2025,Chips_QuarterSplit,9.655,Yuvitza.Davila,03/12/2025,,,,9.69
JES-25-128,678003,53.375,54.9,1.53,1,,ALS,PIL-102,HE25388599 - Finalized,03/12/2025,Chips_QuarterSplit,8.125,Yuvitza.Davila,03/12/2025,,,,8.16
JES-25-128,678004,54.9,56.425,1.53,1,,ALS,PIL-102,HE25388599 - Finalized,03/12/2025,Chips_QuarterSplit,9.9,Yuvitza.Davila,03/12/2025,,,,9.94
JES-25-128,678005,56.425,57.95,1.53,1,,ALS,PIL-102,HE25388599 - Finalized,03/12/2025,Chips_QuarterSplit,9.31,Yuvitza.Davila,03/12/2025,,,,9.13
JES-25-128,678006,57.95,59.475,1.53,1,,ALS,PIL-102,HE25388599 - Finalized,03/12/2025,Chips_QuarterSplit,9.755,Yuvitza.Davila,03/12/2025,,,,9.8
JES-25-128,678007,59.475,61,1.53,1,,ALS,PIL-102,HE25388599 - Finalized,03/12/2025,Chips_QuarterSplit,8.09,Yuvitza.Davila,03/12/2025,,,,8.12
JES-25-128,678008,61,62.525,1.53,1,,ALS,PIL-102,HE25388599 - Finalized,03/12/2025,Chips_QuarterSplit,9.305,Yuvitza.Davila,03/12/2025,,,,9.33
JES-25-128,678009,62.525,64.05,1.53,1,,ALS,PIL-102,HE25388599 - Finalized,03/12/2025,Chips_QuarterSplit,9.45,Yuvitza.Davila,03/12/2025,,,,9.49
JES-25-128,678010,64.05,65.575,1.53,1,,ALS,PIL-102,HE25388599 - Finalized,03/12/2025,Chips_QuarterSplit,9.885,Yuvitza.Davila,03/12/2025,,,,9.93
JES-25-128,678011,65.575,67.1,1.52,1,,ALS,PIL-102,HE25388599 - Finalized,03/12/2025,Chips_QuarterSplit,7.09,Yuvitza.Davila,03/12/2025,,,,7.13
JES-25-128,678012,67.1,68.625,1.53,1,,ALS,PIL-102,HE25388599 - Finalized,03/12/2025,Chips_QuarterSplit,11.175,Yuvitza.Davila,03/12/2025,,,,11.22
JES-25-128,678013,68.625,70.15,1.53,1,,ALS,PIL-102,HE25388599 - Finalized,03/12/2025,Chips_QuarterSplit,9.36,Yuvitza.Davila,03/12/2025,,,,9.39
JES-25-128,678014,70.15,71.675,1.52,1,,ALS,PIL-102,HE25388599 - Finalized,03/12/2025,Chips_QuarterSplit,8.91,Yuvitza.Davila,03/12/2025,,,,8.93
JES-25-128,678015,71.675,73.2,1.53,1,,ALS,PIL-102,HE25388599 - Finalized,03/12/2025,Chips_QuarterSplit,7.57,Yuvitza.Davila,03/12/2025,,,,7.64
JES-25-128,678016,73.2,74.725,1.52,1,,ALS,PIL-102,HE25388599 - Finalized,03/12/2025,Chips_QuarterSplit,9.245,Yuvitza.Davila,03/12/2025,,,,9.28
JES-25-128,678017,74.725,76.25,1.53,1,,ALS,PIL-102,HE25388599 - Finalized,03/12/2025,Chips_QuarterSplit,7.5,Yuvitza.Davila,03/12/2025,,,,7.52
JES-25-128,678018,76.25,77.775,1.53,1,,ALS,PIL-102,HE25388599 - Finalized,03/12/2025,Chips_QuarterSplit,9.96,Yuvitza.Davila,03/12/2025,,,,10.01
JES-25-128,678019,77.775,79.3,1.52,1,,ALS,PIL-102,HE25388599 - Finalized,03/12/2025,Chips_QuarterSplit,7.05,Yuvitza.Davila,03/12/2025,,,,7.08
JES-25-128,678020,79.3,80.825,1.53,1,,ALS,PIL-102,HE25388599 - Finalized,03/12/2025,Chips_QuarterSplit,10.045,Yuvitza.Davila,03/12/2025,,,,10.05
JES-25-128,678021,80.825,82.35,1.52,1,,ALS,PIL-102,HE25388599 - Finalized,03/12/2025,Chips_QuarterSplit,7.62,Yuvitza.Davila,03/12/2025,,,,7.65
JES-25-128,678022,82.35,83.875,1.53,1,,ALS,PIL-102,HE25388599 - Finalized,03/12/2025,Chips_QuarterSplit,9.785,Yuvitza.Davila,03/12/2025,,,,9.82
JES-25-128,678023,83.875,85.4,1.53,1,,ALS,PIL-102,HE25388599 - Finalized,03/12/2025,Chips_QuarterSplit,8.025,Yuvitza.Davila,03/12/2025,,,,8.03
JES-25-128,678024,85.4,86.925,1.52,1,,ALS,PIL-102,HE25388599 - Finalized,03/12/2025,Chips_QuarterSplit,9.74,Yuvitza.Davila,03/12/2025,,,,9.84
JES-25-128,678026,86.925,88.45,1.53,1,,ALS,PIL-102,HE25388599 - Finalized,03/12/2025,Chips_QuarterSplit,7.895,Yuvitza.Davila,03/12/2025,,,,7.93
JES-25-128,678027,88.45,89.975,1.52,1,,ALS,PIL-102,HE25388599 - Finalized,03/12/2025,Chips_QuarterSplit,10.18,Yuvitza.Davila,03/12/2025,,,,10.22
JES-25-128,678028,89.975,91.5,1.53,1,,ALS,PIL-102,HE25388599 - Finalized,03/12/2025,Chips_QuarterSplit,8.565,Yuvitza.Davila,03/12/2025,,,,8.6
JES-25-128,678029,91.5,93.025,1.53,1,,ALS,PIL-102,HE25388599 - Finalized,03/12/2025,Chips_QuarterSplit,8.945,Yuvitza.Davila,03/12/2025,,,,8.97
JES-25-128,678030,93.025,94.55,1.52,1,,ALS,PIL-102,HE25388599 - Finalized,03/12/2025,Chips_QuarterSplit,7.48,Yuvitza.Davila,03/12/2025,,,,7.5
JES-25-128,678031,94.55,96.075,1.53,1,,ALS,PIL-102,HE25388599 - Finalized,03/12/2025,Chips_QuarterSplit,9.645,Yuvitza.Davila,03/12/2025,,,,9.67
JES-25-128,678032,96.075,97.6,1.52,1,,ALS,PIL-102,HE25388599 - Finalized,03/12/2025,Chips_QuarterSplit,8.855,Yuvitza.Davila,03/12/2025,,,,8.88
JES-25-128,678033,97.6,99.125,1.53,1,,ALS,PIL-102,HE25388599 - Finalized,03/12/2025,Chips_QuarterSplit,10.155,Yuvitza.Davila,03/12/2025,,,,10.19
JES-25-128,678034,99.125,100.65,1.53,1,,ALS,PIL-102,HE25388599 - Finalized,03/12/2025,Chips_QuarterSplit,8.035,Yuvitza.Davila,03/12/2025,,,,8.07
JES-25-128,678035,100.65,102.175,1.52,1,,ALS,PIL-102,HE25388599 - Finalized,03/12/2025,Chips_QuarterSplit,9.865,Yuvitza.Davila,03/12/2025,,,,9.89
JES-25-128,678036,102.175,103.7,1.53,1,,ALS,PIL-102,HE25388599 - Finalized,03/12/2025,Chips_QuarterSplit,9.245,Yuvitza.Davila,03/12/2025,,,,9.23
JES-25-128,678037,103.7,105.225,1.52,1,,ALS,PIL-102,HE25388599 - Finalized,03/12/2025,Chips_QuarterSplit,10.355,Yuvitza.Davila,03/12/2025,,,,10.39
JES-25-128,678038,105.225,106.75,1.53,1,,ALS,PIL-102,HE25388599 - Finalized,03/12/2025,Chips_QuarterSplit,9.01,Yuvitza.Davila,03/12/2025,,,,9.04
JES-25-128,678039,106.75,108.275,1.53,1,,ALS,PIL-102,HE25388599 - Finalized,03/12/2025,Chips_QuarterSplit,10.675,Yuvitza.Davila,03/12/2025,,,,10.75
JES-25-128,678040,108.275,109.8,1.52,1,,ALS,PIL-102,HE25388599 - Finalized,03/12/2025,Chips_QuarterSplit,7.47,Yuvitza.Davila,03/12/2025,,,,7.5
JES-25-128,678041,109.8,111.325,1.53,1,,ALS,PIL-102,HE25388599 - Finalized,03/12/2025,Chips_QuarterSplit,10.815,Yuvitza.Davila,03/12/2025,,,,10.85
JES-25-128,678042,111.325,112.85,1.52,1,,ALS,PIL-102,HE25388599 - Finalized,03/12/2025,Chips_QuarterSplit,7.95,Yuvitza.Davila,03/12/2025,,,,8.02
JES-25-128,678043,112.85,114.375,1.53,1,,ALS,PIL-102,HE25388599 - Finalized,03/12/2025,Chips_QuarterSplit,10.12,Yuvitza.Davila,03/12/2025,,,,10.16
JES-25-128,678044,114.375,115.9,1.53,1,,ALS,PIL-102,HE25388599 - Finalized,03/12/2025,Chips_QuarterSplit,8.65,Yuvitza.Davila,03/12/2025,,,,8.69
JES-25-128,678045,115.9,117.425,1.52,1,,ALS,PIL-102,HE25388599 - Finalized,03/12/2025,Chips_QuarterSplit,10.675,Yuvitza.Davila,03/12/2025,,,,10.71
JES-25-128,678046,117.425,118.95,1.53,1,,ALS,PIL-102,HE25388599 - Finalized,03/12/2025,Chips_QuarterSplit,7.975,Yuvitza.Davila,03/12/2025,,,,7.96
JES-25-128,678047,118.95,120.475,1.52,1,,ALS,PIL-102,HE25388599 - Finalized,03/12/2025,Chips_QuarterSplit,10.79,Yuvitza.Davila,03/12/2025,,,,10.81
JES-25-128,678048,120.475,122,1.53,1,,ALS,PIL-102,HE25388599 - Finalized,03/12/2025,Chips_QuarterSplit,8.6,Yuvitza.Davila,03/12/2025,,,,8.61
JES-25-128,678049,122,123.525,1.53,1,,ALS,PIL-102,HE25388599 - Finalized,03/12/2025,Chips_QuarterSplit,9.495,Yuvitza.Davila,03/12/2025,,,,9.52
JES-25-128,678051,123.525,125.05,1.52,1,,ALS,PIL-102,HE25388599 - Finalized,03/12/2025,Chips_QuarterSplit,7.875,Yuvitza.Davila,03/12/2025,,,,7.89
JES-25-128,678052,125.05,126.575,1.53,1,,ALS,PIL-102,HE25388599 - Finalized,03/12/2025,Chips_QuarterSplit,9.77,Yuvitza.Davila,03/12/2025,,,,9.79
JES-25-128,678053,126.575,128.1,1.52,1,,ALS,PIL-102,HE25388599 - Finalized,03/12/2025,Chips_QuarterSplit,6.735,Yuvitza.Davila,03/12/2025,,,,6.75
JES-25-128,678054,128.1,129.625,1.53,1,,ALS,PIL-102,HE25388599 - Finalized,03/12/2025,Chips_QuarterSplit,12.44,Yuvitza.Davila,03/12/2025,,,,12.48
JES-25-128,678055,129.625,131.15,1.53,1,,ALS,PIL-102,HE25388599 - Finalized,03/12/2025,Chips_QuarterSplit,9.11,Yuvitza.Davila,03/12/2025,,,,9.14
JES-25-128,678056,131.15,132.675,1.53,1,,ALS,PIL-102,HE25388599 - Finalized,03/12/2025,Chips_QuarterSplit,9.675,Yuvitza.Davila,03/12/2025,,,,9.68
JES-25-128,678057,132.675,134.2,1.52,1,,ALS,PIL-102,HE25388599 - Finalized,03/12/2025,Chips_QuarterSplit,9.225,Yuvitza.Davila,03/12/2025,,,,9.26
JES-25-128,678058,134.2,135.725,1.53,1,,ALS,PIL-102,HE25388599 - Finalized,03/12/2025,Chips_QuarterSplit,11.42,Yuvitza.Davila,03/12/2025,,,,11.44
JES-25-128,678059,135.725,137.25,1.53,1,,ALS,PIL-102,HE25388599 - Finalized,03/12/2025,Chips_QuarterSplit,9.13,Yuvitza.Davila,03/12/2025,,,,9.15
JES-25-128,678060,137.25,138.775,1.53,1,,ALS,PIL-102,HE25388599 - Finalized,03/12/2025,Chips_QuarterSplit,11.165,Yuvitza.Davila,03/12/2025,,,,11.19
JES-25-128,678061,138.775,140.3,1.53,1,,ALS,PIL-102,HE25388599 - Finalized,03/12/2025,Chips_QuarterSplit,7.9,Yuvitza.Davila,03/12/2025,,,,7.91
JES-25-128,678062,140.3,141.825,1.52,1,,ALS,PIL-102,HE25388599 - Finalized,03/12/2025,Chips_QuarterSplit,9.65,Yuvitza.Davila,03/12/2025,,,,9.66
JES-25-128,678063,141.825,143.35,1.53,1,,ALS,PIL-102,HE25388599 - Finalized,03/12/2025,Chips_QuarterSplit,10.68,Yuvitza.Davila,03/12/2025,,,,10.71
JES-25-128,678064,143.35,144.875,1.53,1,,ALS,PIL-102,HE25388599 - Finalized,03/12/2025,Chips_QuarterSplit,10.65,Yuvitza.Davila,03/12/2025,,,,10.69
JES-25-128,678065,144.875,146.4,1.53,1,,ALS,PIL-102,HE25388599 - Finalized,03/12/2025,Chips_QuarterSplit,9.355,Yuvitza.Davila,03/12/2025,,,,9.41
JES-25-128,678066,146.4,147.925,1.53,1,,ALS,PIL-102,HE25388599 - Finalized,03/12/2025,Chips_QuarterSplit,11.1,Yuvitza.Davila,03/12/2025,,,,11.14
JES-25-128,678067,147.925,149.45,1.52,1,,ALS,PIL-102,HE25388599 - Finalized,03/12/2025,Chips_QuarterSplit,10.02,Yuvitza.Davila,03/12/2025,,,,10.04
JES-25-128,678068,149.45,150.975,1.53,1,,ALS,PIL-102,HE25388599 - Finalized,03/12/2025,Chips_QuarterSplit,10.765,Yuvitza.Davila,03/12/2025,,,,10.79
JES-25-128,678070,150.975,152.5,1.53,1,,ALS,PIL-102,HE25388599 - Finalized,03/12/2025,Chips_QuarterSplit,8.08,Yuvitza.Davila,03/12/2025,,,,8.11
JES-25-128,678071,152.5,154.025,1.53,1,,ALS,PIL-102,HE25388599 - Finalized,03/12/2025,Chips_QuarterSplit,11.445,Yuvitza.Davila,03/12/2025,,,,11.47
JES-25-128,678072,154.025,155.55,1.53,1,,ALS,PIL-102,HE25388599 - Finalized,03/12/2025,Chips_QuarterSplit,9.94,Yuvitza.Davila,03/12/2025,,,,9.86
JES-25-128,678073,155.55,157.075,1.52,1,,ALS,PIL-102,HE25388599 - Finalized,03/12/2025,Chips_QuarterSplit,11.1,Yuvitza.Davila,03/12/2025,,,,11.13
JES-25-128,678074,157.075,158.6,1.53,1,,ALS,PIL-102,HE25388599 - Finalized,03/12/2025,Chips_QuarterSplit,10.55,Yuvitza.Davila,03/12/2025,,,,10.58
JES-25-128,678075,158.6,160.125,1.53,1,,ALS,PIL-102,HE25388599 - Finalized,03/12/2025,Chips_QuarterSplit,9.765,Yuvitza.Davila,03/12/2025,,,,9.8
JES-25-128,678076,160.125,161.65,1.53,1,,ALS,PIL-102,HE25388599 - Finalized,03/12/2025,Chips_QuarterSplit,8.18,Yuvitza.Davila,03/12/2025,,,,8.19
JES-25-128,678077,161.65,163.175,1.53,1,,ALS,PIL-102,HE25388599 - Finalized,03/12/2025,Chips_QuarterSplit,11.475,Yuvitza.Davila,03/12/2025,,,,11.5
JES-25-128,678078,163.175,164.7,1.52,1,,ALS,PIL-102,HE25388599 - Finalized,03/12/2025,Chips_QuarterSplit,9.53,Yuvitza.Davila,03/12/2025,,,,9.56
JES-25-128,678079,164.7,166.225,1.53,1,,ALS,PIL-102,HE25388599 - Finalized,03/12/2025,Chips_QuarterSplit,11.24,Yuvitza.Davila,03/12/2025,,,,11.26
JES-25-128,678081,166.225,167.75,1.53,1,,ALS,PIL-102,HE25388599 - Finalized,03/12/2025,Chips_QuarterSplit,7.735,Yuvitza.Davila,03/12/2025,,,,7.76
JES-25-128,678082,167.75,169.275,1.53,1,,ALS,PIL-102,HE25388599 - Finalized,03/12/2025,Chips_QuarterSplit,10.595,Yuvitza.Davila,03/12/2025,,,,10.61
JES-25-128,678083,169.275,170.8,1.53,1,,ALS,PIL-102,HE25388599 - Finalized,03/12/2025,Chips_QuarterSplit,9.555,Yuvitza.Davila,03/12/2025,,,,9.6
JES-25-128,678084,170.8,172.325,1.52,1,,ALS,PIL-102,HE25388599 - Finalized,03/12/2025,Chips_QuarterSplit,9.42,Yuvitza.Davila,03/12/2025,,,,9.45
JES-25-128,678085,172.325,173.85,1.53,1,,ALS,PIL-102,HE25388599 - Finalized,03/12/2025,Chips_QuarterSplit,10.475,Yuvitza.Davila,03/12/2025,,,,10.51
JES-25-128,678086,173.85,175.375,1.53,1,,ALS,PIL-102,HE25388599 - Finalized,03/12/2025,Chips_QuarterSplit,10.39,Yuvitza.Davila,03/12/2025,,,,10.42
JES-25-128,678087,175.375,176.9,1.53,1,,ALS,PIL-102,HE25388599 - Finalized,03/12/2025,Chips_QuarterSplit,9.83,Yuvitza.Davila,03/12/2025,,,,9.87
JES-25-128,678088,176.9,178.425,1.53,1,,ALS,PIL-102,HE25388599 - Finalized,03/12/2025,Chips_QuarterSplit,10.815,Yuvitza.Davila,03/12/2025,,,,10.86
JES-25-128,678089,178.425,179.95,1.52,1,,ALS,PIL-102,HE25388599 - Finalized,03/12/2025,Chips_QuarterSplit,9.46,Yuvitza.Davila,03/12/2025,,,,9.49
JES-25-128,678090,179.95,181.475,1.53,1,,ALS,PIL-102,HE25388599 - Finalized,03/12/2025,Chips_QuarterSplit,11.1,Yuvitza.Davila,03/12/2025,,,,11.13
JES-25-128,678092,181.475,183,1.53,1,,ALS,PIL-102,HE25388599 - Finalized,03/12/2025,Chips_QuarterSplit,9.495,Yuvitza.Davila,03/12/2025,,,,9.52
JES-25-128,678093,183,184.525,1.53,1,,ALS,PIL-102,HE25388599 - Finalized,03/12/2025,Chips_QuarterSplit,10.305,Yuvitza.Davila,03/12/2025,,,,10.34
JES-25-128,678094,184.525,186.05,1.53,1,,ALS,PIL-102,HE25388599 - Finalized,03/12/2025,Chips_QuarterSplit,9.75,Yuvitza.Davila,03/12/2025,,,,9.78
JES-25-128,678095,186.05,187.575,1.52,1,,ALS,PIL-102,HE25388599 - Finalized,03/12/2025,Chips_QuarterSplit,10.255,Yuvitza.Davila,03/12/2025,,,,10.28
JES-25-128,678096,187.575,189.1,1.53,1,,ALS,PIL-102,HE25388599 - Finalized,03/12/2025,Chips_QuarterSplit,9.165,Yuvitza.Davila,03/12/2025,,,,9.18
JES-25-128,678097,189.1,190.625,1.53,1,,ALS,PIL-102,HE25388599 - Finalized,03/12/2025,Chips_QuarterSplit,10.155,Yuvitza.Davila,03/12/2025,,,,10.18
JES-25-128,678098,190.625,192.15,1.53,1,,ALS,PIL-102,HE25388599 - Finalized,03/12/2025,Chips_QuarterSplit,8.99,Yuvitza.Davila,03/12/2025,,,,9.02
JES-25-128,678099,192.15,193.675,1.53,1,,ALS,PIL-102,HE25388599 - Finalized,03/12/2025,Chips_QuarterSplit,10.72,Yuvitza.Davila,03/12/2025,,,,10.76
JES-25-128,678100,193.675,195.2,1.52,1,,ALS,PIL-102,HE25388599 - Finalized,03/12/2025,Chips_QuarterSplit,10.61,Yuvitza.Davila,03/12/2025,,,,10.68
JES-25-128,678101,195.2,196.725,1.53,1,,ALS,PIL-102,HE25388599 - Finalized,03/12/2025,Chips_QuarterSplit,8.965,Yuvitza.Davila,03/12/2025,,,,9.01
JES-25-128,678102,196.725,198.25,1.53,1,,ALS,PIL-102,HE25388599 - Finalized,03/12/2025,Chips_QuarterSplit,8.39,Yuvitza.Davila,03/12/2025,,,,8.42
JES-25-128,678103,198.25,199.775,1.53,1,,ALS,PIL-102,HE25388599 - Finalized,03/12/2025,Chips_QuarterSplit,15.5,Yuvitza.Davila,03/12/2025,,,,15.62
JES-25-128,678104,199.775,201.3,1.53,1,,ALS,PIL-102,HE25388599 - Finalized,03/12/2025,Chips_QuarterSplit,9.17,Yuvitza.Davila,03/12/2025,,,,9.21
JES-25-128,678109,201.3,202.825,1.52,1,,ALS,PIL-102,HE25388599 - Finalized,03/12/2025,Chips_QuarterSplit,7.59,Yuvitza.Davila,03/12/2025,,,,7.62
JES-25-128,678110,202.825,204.35,1.53,1,,ALS,PIL-102,HE25388599 - Finalized,03/12/2025,Chips_QuarterSplit,8.055,Yuvitza.Davila,03/12/2025,,,,8.09
JES-25-128,678111,204.35,205.875,1.53,1,,ALS,PIL-102,HE25388599 - Finalized,03/12/2025,Chips_QuarterSplit,8.26,Yuvitza.Davila,03/12/2025,,,,8.3
JES-25-128,678112,205.875,207.4,1.53,1,,ALS,PIL-102,HE25388599 - Finalized,03/12/2025,Chips_QuarterSplit,7.76,Yuvitza.Davila,03/12/2025,,,,7.78
JES-25-128,678113,207.4,208.925,1.53,1,,ALS,PIL-102,HE25388599 - Finalized,03/12/2025,Chips_QuarterSplit,7.755,Yuvitza.Davila,03/12/2025,,,,7.78
JES-25-128,678114,208.925,210.45,1.52,1,,ALS,PIL-102,HE25388599 - Finalized,03/12/2025,Chips_QuarterSplit,6.765,Yuvitza.Davila,03/12/2025,,,,6.79
JES-25-128,678115,210.45,211.975,1.53,1,,ALS,PIL-102,HE25388599 - Finalized,03/12/2025,Chips_QuarterSplit,7.285,Yuvitza.Davila,03/12/2025,,,,7.31
JES-25-128,678116,211.975,213.5,1.53,1,,ALS,PIL-102,HE25388599 - Finalized,03/12/2025,Chips_QuarterSplit,5.76,Yuvitza.Davila,03/12/2025,,,,5.79
JES-25-128,678117,213.5,215.025,1.53,1,,ALS,PIL-102,HE25388599 - Finalized,03/12/2025,Chips_QuarterSplit,6.62,Yuvitza.Davila,03/12/2025,,,,6.55
JES-25-128,678118,215.025,216.55,1.53,1,,ALS,PIL-102,HE25388599 - Finalized,03/12/2025,Chips_QuarterSplit,6.56,Yuvitza.Davila,03/12/2025,,,,6.59
JES-25-128,678120,216.55,218.075,1.52,1,,ALS,PIL-102,HE25388599 - Finalized,03/12/2025,Chips_QuarterSplit,7.305,Yuvitza.Davila,03/12/2025,,,,7.34
JES-25-128,678121,218.075,219.6,1.53,1,,ALS,PIL-102,HE25388599 - Finalized,03/12/2025,Chips_QuarterSplit,5.77,Yuvitza.Davila,03/12/2025,,,,5.79
JES-25-128,678122,219.6,221.125,1.53,1,,ALS,PIL-102,HE25388599 - Finalized,03/12/2025,Chips_QuarterSplit,7.53,Yuvitza.Davila,03/12/2025,,,,7.21
JES-25-128,678123,221.125,222.65,1.53,1,,ALS,PIL-102,HE25388599 - Finalized,03/12/2025,Chips_QuarterSplit,6.325,Yuvitza.Davila,03/12/2025,,,,6.35
JES-25-128,678124,222.65,224.175,1.53,1,,ALS,PIL-102,HE25388599 - Finalized,03/12/2025,Chips_QuarterSplit,7.02,Yuvitza.Davila,03/12/2025,,,,7.05
JES-25-128,678125,224.175,225.7,1.52,1,,ALS,PIL-102,HE25388599 - Finalized,03/12/2025,Chips_QuarterSplit,5.985,Yuvitza.Davila,03/12/2025,,,,6.01
JES-25-128,678126,225.7,227.225,1.53,1,,ALS,PIL-102,HE25388599 - Finalized,03/12/2025,Chips_QuarterSplit,7.32,Yuvitza.Davila,03/12/2025,,,,7.35
JES-25-128,678127,227.225,228.75,1.53,1,,ALS,PIL-102,HE25388599 - Finalized,03/12/2025,Chips_QuarterSplit,6.22,Yuvitza.Davila,03/12/2025,,,,6.23
JES-25-128,678128,228.75,230.275,1.53,1,,ALS,PIL-102,HE25388599 - Finalized,03/12/2025,Chips_QuarterSplit,7.275,Yuvitza.Davila,03/12/2025,,,,7.31
JES-25-128,678130,230.275,231.8,1.53,1,,ALS,PIL-102,HE25388599 - Finalized,03/12/2025,Chips_QuarterSplit,6.67,Yuvitza.Davila,03/12/2025,,,,6.7
JES-25-128,678131,231.8,233.325,1.52,1,,ALS,PIL-102,HE25388599 - Finalized,03/12/2025,Chips_QuarterSplit,7.33,Yuvitza.Davila,03/12/2025,,,,7.36
